Date,Price,RSI,STATUS,%,PROFIT,LOSS
08-23-2022,13.82,42.03,HOLD,0.00,0.00,0.00
08-22-2022,13.71,40.63,HOLD,0.00,0.00,0.00
08-19-2022,14.17,44.83,HOLD,0.00,0.00,0.00
08-18-2022,14.84,52.11,HOLD,0.00,0.00,0.00
08-17-2022,14.96,53.56,HOLD,0.00,0.00,0.00
08-16-2022,15.50,60.58,HOLD,0.00,0.00,0.00
08-15-2022,15.33,59.01,HOLD,0.00,0.00,0.00
08-12-2022,15.25,58.28,HOLD,0.00,0.00,0.00
08-11-2022,14.99,55.92,HOLD,0.00,0.00,0.00
08-10-2022,15.07,56.84,HOLD,0.00,0.00,0.00
08-09-2022,14.62,52.79,HOLD,0.00,0.00,0.00
08-08-2022,15.02,57.23,HOLD,0.00,0.00,0.00
08-05-2022,14.74,54.76,HOLD,0.00,0.00,0.00
08-04-2022,14.86,56.04,HOLD,0.00,0.00,0.00
08-03-2022,14.63,54.12,HOLD,0.00,0.00,0.00
08-02-2022,14.06,49.00,HOLD,0.00,0.00,0.00
08-01-2022,14.28,51.04,HOLD,0.00,0.00,0.00
07-29-2022,13.71,45.58,HOLD,0.00,0.00,0.00
07-28-2022,13.76,46.00,HOLD,0.00,0.00,0.00
07-27-2022,13.97,47.70,HOLD,0.00,0.00,0.00
07-26-2022,13.43,42.62,HOLD,0.00,0.00,0.00
07-25-2022,13.75,45.03,HOLD,0.00,0.00,0.00
07-22-2022,13.68,44.39,HOLD,0.00,0.00,0.00
07-21-2022,14.08,47.30,HOLD,0.00,0.00,0.00
07-20-2022,15.21,57.14,HOLD,0.00,0.00,0.00
07-19-2022,15.16,56.78,HOLD,0.00,0.00,0.00
07-18-2022,14.54,52.01,HOLD,0.00,0.00,0.00
07-15-2022,14.47,51.45,HOLD,0.00,0.00,0.00
07-14-2022,14.25,49.73,HOLD,0.00,0.00,0.00
07-13-2022,14.31,50.18,HOLD,0.00,0.00,0.00
07-12-2022,14.77,53.63,HOLD,0.00,0.00,0.00
07-11-2022,13.43,43.05,HOLD,0.00,0.00,0.00
07-08-2022,13.97,47.07,HOLD,0.00,0.00,0.00
07-07-2022,14.10,48.07,HOLD,0.00,0.00,0.00
07-06-2022,13.89,46.36,HOLD,0.00,0.00,0.00
07-05-2022,13.88,46.28,HOLD,0.00,0.00,0.00
07-01-2022,13.13,40.19,HOLD,0.00,0.00,0.00
06-30-2022,12.68,36.16,HOLD,0.00,0.00,0.00
06-29-2022,13.03,38.01,HOLD,0.00,0.00,0.00
06-28-2022,13.50,40.60,HOLD,0.00,0.00,0.00
06-27-2022,13.56,40.93,HOLD,0.00,0.00,0.00
06-24-2022,13.90,42.76,SELL,14.31,174.00,0.00
06-23-2022,12.98,35.50,HOLD,6.74,82.00,0.00
06-22-2022,13.10,36.06,HOLD,7.73,94.00,0.00
06-21-2022,13.04,35.59,HOLD,7.24,88.00,0.00
06-17-2022,12.94,34.86,HOLD,6.41,78.00,0.00
06-16-2022,12.16,28.98,BUY,0.00,,
06-15-2022,13.31,33.06,HOLD,0.00,0.00,0.00
06-14-2022,12.95,30.21,HOLD,0.00,0.00,0.00
06-13-2022,13.32,31.49,HOLD,0.00,0.00,0.00
06-10-2022,14.71,36.97,HOLD,0.00,0.00,0.00
06-09-2022,15.47,40.55,HOLD,0.00,0.00,0.00
06-08-2022,16.15,44.09,HOLD,0.00,0.00,0.00
06-07-2022,16.69,47.13,HOLD,0.00,0.00,0.00
06-06-2022,16.30,44.57,HOLD,0.00,0.00,0.00
06-03-2022,16.22,44.05,HOLD,0.00,0.00,0.00
06-02-2022,17.46,50.88,HOLD,0.00,0.00,0.00
06-01-2022,17.29,49.89,HOLD,0.00,0.00,0.00
05-31-2022,17.87,53.29,HOLD,0.00,0.00,0.00
05-27-2022,18.13,54.85,HOLD,0.00,0.00,0.00
05-26-2022,17.24,50.23,HOLD,0.00,0.00,0.00
05-25-2022,16.13,43.55,HOLD,0.00,0.00,0.00
05-24-2022,15.50,39.25,HOLD,0.00,0.00,0.00
05-23-2022,16.75,45.65,HOLD,0.00,0.00,0.00
05-20-2022,16.26,42.22,HOLD,0.00,0.00,0.00
05-19-2022,16.75,44.85,HOLD,0.00,0.00,0.00
05-18-2022,16.89,45.60,HOLD,0.00,0.00,0.00
05-17-2022,17.82,50.88,HOLD,0.00,0.00,0.00
05-16-2022,16.55,42.44,HOLD,0.00,0.00,0.00
05-13-2022,16.58,42.60,HOLD,0.00,0.00,0.00
05-12-2022,15.49,34.20,HOLD,0.00,0.00,0.00
05-11-2022,15.97,36.37,HOLD,0.00,0.00,0.00
05-10-2022,16.57,39.27,HOLD,0.00,0.00,0.00
05-09-2022,16.32,37.34,HOLD,0.00,0.00,0.00
05-06-2022,17.84,45.53,HOLD,0.00,0.00,0.00
05-05-2022,18.54,50.24,HOLD,0.00,0.00,0.00
05-04-2022,19.62,58.98,HOLD,0.00,0.00,0.00
05-03-2022,19.13,55.74,HOLD,0.00,0.00,0.00
05-02-2022,18.56,51.60,HOLD,0.00,0.00,0.00
04-29-2022,18.77,53.31,HOLD,0.00,0.00,0.00
04-28-2022,19.43,58.99,HOLD,0.00,0.00,0.00
04-27-2022,18.97,55.95,HOLD,0.00,0.00,0.00
04-26-2022,18.77,54.59,HOLD,0.00,0.00,0.00
04-25-2022,19.98,66.04,HOLD,0.00,0.00,0.00
04-22-2022,20.18,68.24,HOLD,0.00,0.00,0.00
04-21-2022,20.22,68.66,HOLD,0.00,0.00,0.00
04-20-2022,19.48,64.92,HOLD,0.00,0.00,0.00
04-19-2022,19.59,66.01,HOLD,0.00,0.00,0.00
04-18-2022,18.54,60.07,HOLD,0.00,0.00,0.00
04-14-2022,19.00,64.66,HOLD,0.00,0.00,0.00
04-13-2022,18.95,64.39,HOLD,0.00,0.00,0.00
04-12-2022,17.13,51.68,HOLD,0.00,0.00,0.00
04-11-2022,16.97,50.23,HOLD,0.00,0.00,0.00
04-08-2022,16.59,46.70,HOLD,0.00,0.00,0.00
04-07-2022,16.95,49.80,HOLD,0.00,0.00,0.00
04-06-2022,17.38,53.77,HOLD,0.00,0.00,0.00
04-05-2022,17.84,58.39,HOLD,0.00,0.00,0.00
04-04-2022,18.23,62.62,HOLD,0.00,0.00,0.00
04-01-2022,18.24,62.73,HOLD,0.00,0.00,0.00
03-31-2022,18.25,62.83,HOLD,0.00,0.00,0.00
03-30-2022,18.05,61.69,HOLD,0.00,0.00,0.00
03-29-2022,18.16,62.67,HOLD,0.00,0.00,0.00
03-28-2022,17.30,57.77,HOLD,0.00,0.00,0.00
03-25-2022,17.01,55.96,HOLD,0.00,0.00,0.00
03-24-2022,16.72,54.14,HOLD,0.00,0.00,0.00
03-23-2022,16.21,50.81,HOLD,0.00,0.00,0.00
03-22-2022,16.56,53.27,HOLD,0.00,0.00,0.00
03-21-2022,16.09,50.27,HOLD,0.00,0.00,0.00
03-18-2022,16.75,54.87,HOLD,0.00,0.00,0.00
03-17-2022,16.55,53.68,HOLD,0.00,0.00,0.00
03-16-2022,16.47,53.22,HOLD,0.00,0.00,0.00
03-15-2022,15.57,47.81,SELL,21.26,273.00,0.00
03-14-2022,14.25,38.05,HOLD,10.98,141.00,0.00
03-11-2022,14.02,36.11,HOLD,9.19,118.00,0.00
03-10-2022,14.20,36.95,HOLD,10.59,136.00,0.00
03-09-2022,14.30,37.40,HOLD,11.37,146.00,0.00
03-08-2022,13.51,31.29,HOLD,5.22,67.00,0.00
03-07-2022,12.84,25.58,BUY,0.00,,
03-04-2022,14.59,32.04,SELL,-17.76,0.00,-315.00
03-03-2022,15.71,37.71,HOLD,-11.44,0.00,-203.00
03-02-2022,16.37,41.75,HOLD,-7.72,0.00,-137.00
03-01-2022,16.29,41.03,HOLD,-8.17,0.00,-145.00
02-28-2022,17.25,47.49,HOLD,-2.76,0.00,-49.00
02-25-2022,17.46,49.06,HOLD,-1.58,0.00,-28.00
02-24-2022,16.96,45.05,HOLD,-4.40,0.00,-78.00
02-23-2022,16.64,42.35,HOLD,-6.20,0.00,-110.00
02-22-2022,17.43,47.72,HOLD,-1.75,0.00,-31.00
02-18-2022,17.87,51.07,HOLD,0.73,13.00,0.00
02-17-2022,18.22,53.86,HOLD,2.71,48.00,0.00
02-16-2022,18.82,59.00,HOLD,6.09,108.00,0.00
02-15-2022,18.84,59.18,HOLD,6.20,110.00,0.00
02-14-2022,17.43,49.36,HOLD,-1.75,0.00,-31.00
02-11-2022,17.61,50.81,HOLD,-0.73,0.00,-13.00
02-10-2022,18.71,60.96,HOLD,5.47,97.00,0.00
02-09-2022,18.76,61.47,HOLD,5.75,102.00,0.00
02-08-2022,18.26,58.17,HOLD,2.93,52.00,0.00
02-07-2022,17.28,50.45,HOLD,-2.59,0.00,-46.00
02-04-2022,16.45,42.02,HOLD,-7.27,0.00,-129.00
02-03-2022,16.57,43.00,HOLD,-6.60,0.00,-117.00
02-02-2022,16.96,46.26,HOLD,-4.40,0.00,-78.00
02-01-2022,16.83,44.97,HOLD,-5.13,0.00,-91.00
01-31-2022,16.47,41.35,HOLD,-7.16,0.00,-127.00
01-28-2022,15.64,31.71,HOLD,-11.84,0.00,-210.00
01-27-2022,15.78,32.55,HOLD,-11.05,0.00,-196.00
01-26-2022,16.24,35.40,HOLD,-8.46,0.00,-150.00
01-25-2022,16.46,36.84,HOLD,-7.22,0.00,-128.00
01-24-2022,16.41,36.29,HOLD,-7.50,0.00,-133.00
01-21-2022,16.30,35.15,HOLD,-8.12,0.00,-144.00
01-20-2022,16.76,37.78,HOLD,-5.52,0.00,-98.00
01-19-2022,17.31,41.20,HOLD,-2.42,0.00,-43.00
01-18-2022,17.90,45.28,HOLD,0.90,16.00,0.00
01-14-2022,18.49,49.87,HOLD,4.23,75.00,0.00
01-13-2022,19.34,57.69,HOLD,9.02,160.00,0.00
01-12-2022,18.50,50.58,HOLD,4.28,76.00,0.00
01-11-2022,19.02,55.99,HOLD,7.22,128.00,0.00
01-10-2022,18.79,53.97,HOLD,5.92,105.00,0.00
01-07-2022,19.28,59.37,HOLD,8.68,154.00,0.00
01-06-2022,18.57,53.05,HOLD,4.68,83.00,0.00
01-05-2022,18.68,54.26,HOLD,5.30,94.00,0.00
01-04-2022,19.02,58.08,HOLD,7.22,128.00,0.00
01-03-2022,18.75,55.79,HOLD,5.69,101.00,0.00
12-31-2021,17.96,48.07,HOLD,1.24,22.00,0.00
12-30-2021,18.07,49.18,HOLD,1.86,33.00,0.00
12-29-2021,18.05,48.98,HOLD,1.75,31.00,0.00
12-28-2021,18.54,53.77,HOLD,4.51,80.00,0.00
12-27-2021,18.17,50.37,HOLD,2.42,43.00,0.00
12-23-2021,18.26,51.22,HOLD,2.93,52.00,0.00
12-22-2021,18.26,51.22,HOLD,2.93,52.00,0.00
12-21-2021,18.12,50.09,HOLD,2.14,38.00,0.00
12-20-2021,17.30,42.89,HOLD,-2.48,0.00,-44.00
12-17-2021,16.95,39.43,HOLD,-4.45,0.00,-79.00
12-16-2021,16.52,34.93,HOLD,-6.88,0.00,-122.00
12-15-2021,16.99,37.78,HOLD,-4.23,0.00,-75.00
12-14-2021,16.91,36.96,HOLD,-4.68,0.00,-83.00
12-13-2021,17.12,38.18,HOLD,-3.49,0.00,-62.00
12-10-2021,18.01,43.85,HOLD,1.52,27.00,0.00
12-09-2021,18.14,44.76,HOLD,2.25,40.00,0.00
12-08-2021,18.23,45.36,HOLD,2.76,49.00,0.00
12-07-2021,17.89,42.66,HOLD,0.85,15.00,0.00
12-06-2021,17.93,42.89,HOLD,1.07,19.00,0.00
12-03-2021,16.62,31.62,HOLD,-6.31,0.00,-112.00
12-02-2021,17.42,35.61,HOLD,-1.80,0.00,-32.00
12-01-2021,16.28,22.72,HOLD,-8.23,0.00,-146.00
11-30-2021,17.69,29.50,HOLD,-0.28,0.00,-5.00
11-29-2021,17.74,29.79,BUY,0.00,,
11-26-2021,17.75,29.85,SELL,-12.60,0.00,-256.00
11-24-2021,19.46,42.22,HOLD,-4.19,0.00,-85.00
11-23-2021,19.47,42.32,HOLD,-4.14,0.00,-84.00
11-22-2021,19.63,43.79,HOLD,-3.35,0.00,-68.00
11-19-2021,19.28,39.53,HOLD,-5.07,0.00,-103.00
11-18-2021,19.39,40.42,HOLD,-4.53,0.00,-92.00
11-17-2021,19.86,44.41,HOLD,-2.22,0.00,-45.00
11-16-2021,19.84,44.19,HOLD,-2.31,0.00,-47.00
11-15-2021,20.32,48.41,HOLD,0.05,1.00,0.00
11-12-2021,20.29,48.12,HOLD,-0.10,0.00,-2.00
11-11-2021,21.33,58.64,HOLD,5.02,102.00,0.00
11-10-2021,21.57,61.52,HOLD,6.20,126.00,0.00
11-09-2021,22.26,70.81,HOLD,9.60,195.00,0.00
11-08-2021,22.25,70.75,HOLD,9.55,194.00,0.00
11-05-2021,21.82,68.16,HOLD,7.43,151.00,0.00
11-04-2021,20.63,58.79,HOLD,1.58,32.00,0.00
11-03-2021,20.63,58.79,HOLD,1.58,32.00,0.00
11-02-2021,19.83,50.31,HOLD,-2.36,0.00,-48.00
11-01-2021,19.77,49.59,HOLD,-2.66,0.00,-54.00
10-29-2021,19.20,42.17,HOLD,-5.47,0.00,-111.00
10-28-2021,19.19,42.03,HOLD,-5.51,0.00,-112.00
10-27-2021,19.03,39.89,HOLD,-6.30,0.00,-128.00
10-26-2021,19.39,43.23,HOLD,-4.53,0.00,-92.00
10-25-2021,19.23,41.20,HOLD,-5.32,0.00,-108.00
10-22-2021,19.15,40.20,HOLD,-5.71,0.00,-116.00
10-21-2021,19.89,47.04,HOLD,-2.07,0.00,-42.00
10-20-2021,19.52,42.50,HOLD,-3.89,0.00,-79.00
10-19-2021,19.53,42.59,HOLD,-3.84,0.00,-78.00
10-18-2021,19.84,45.41,HOLD,-2.31,0.00,-47.00
10-15-2021,19.98,46.70,HOLD,-1.62,0.00,-33.00
10-14-2021,19.64,43.04,HOLD,-3.30,0.00,-67.00
10-13-2021,19.61,42.72,HOLD,-3.45,0.00,-70.00
10-12-2021,20.29,48.50,HOLD,-0.10,0.00,-2.00
10-11-2021,20.13,46.93,HOLD,-0.89,0.00,-18.00
10-08-2021,20.07,46.36,HOLD,-1.18,0.00,-24.00
10-07-2021,20.17,47.14,HOLD,-0.69,0.00,-14.00
10-06-2021,20.54,50.04,HOLD,1.13,23.00,0.00
10-05-2021,21.47,58.44,HOLD,5.71,116.00,0.00
10-04-2021,21.39,57.87,HOLD,5.32,108.00,0.00
10-01-2021,21.65,60.35,HOLD,6.60,134.00,0.00
09-30-2021,20.52,52.08,HOLD,1.03,21.00,0.00
09-29-2021,21.01,56.85,HOLD,3.45,70.00,0.00
09-28-2021,21.43,61.32,HOLD,5.51,112.00,0.00
09-27-2021,21.47,61.75,HOLD,5.71,116.00,0.00
09-24-2021,21.39,61.25,HOLD,5.32,108.00,0.00
09-23-2021,20.90,58.11,HOLD,2.90,59.00,0.00
09-22-2021,20.52,55.51,HOLD,1.03,21.00,0.00
09-21-2021,19.76,49.73,HOLD,-2.71,0.00,-55.00
09-20-2021,20.33,54.68,HOLD,0.10,2.00,0.00
09-17-2021,19.73,49.79,HOLD,-2.86,0.00,-58.00
09-16-2021,19.89,51.16,HOLD,-2.07,0.00,-42.00
09-15-2021,19.38,46.84,HOLD,-4.58,0.00,-93.00
09-14-2021,19.21,45.34,HOLD,-5.42,0.00,-110.00
09-13-2021,19.31,46.05,HOLD,-4.92,0.00,-100.00
09-10-2021,18.95,43.08,HOLD,-6.70,0.00,-136.00
09-09-2021,20.20,52.38,HOLD,-0.54,0.00,-11.00
09-08-2021,19.13,42.52,HOLD,-5.81,0.00,-118.00
09-07-2021,19.53,45.81,HOLD,-3.84,0.00,-78.00
09-03-2021,19.37,44.20,HOLD,-4.63,0.00,-94.00
09-02-2021,19.76,47.38,HOLD,-2.71,0.00,-55.00
09-01-2021,19.64,46.28,HOLD,-3.30,0.00,-67.00
08-31-2021,19.94,48.64,HOLD,-1.82,0.00,-37.00
08-30-2021,19.51,44.89,HOLD,-3.94,0.00,-80.00
08-27-2021,20.22,50.55,HOLD,-0.44,0.00,-9.00
08-26-2021,19.90,47.80,HOLD,-2.02,0.00,-41.00
08-25-2021,20.15,49.81,HOLD,-0.79,0.00,-16.00
08-24-2021,19.83,47.17,HOLD,-2.36,0.00,-48.00
08-23-2021,19.11,40.63,HOLD,-5.91,0.00,-120.00
08-20-2021,18.50,34.23,HOLD,-8.91,0.00,-181.00
08-19-2021,18.73,35.57,HOLD,-7.78,0.00,-158.00
08-18-2021,19.14,38.04,HOLD,-5.76,0.00,-117.00
08-17-2021,19.34,39.28,HOLD,-4.78,0.00,-97.00
08-16-2021,19.76,41.93,HOLD,-2.71,0.00,-55.00
08-13-2021,19.84,42.44,HOLD,-2.31,0.00,-47.00
08-12-2021,20.43,46.28,HOLD,0.59,12.00,0.00
08-11-2021,21.23,52.22,HOLD,4.53,92.00,0.00
08-10-2021,20.94,50.06,HOLD,3.10,63.00,0.00
08-09-2021,20.56,47.16,HOLD,1.23,25.00,0.00
08-06-2021,21.02,50.46,HOLD,3.50,71.00,0.00
08-05-2021,20.91,49.67,HOLD,2.95,60.00,0.00
08-04-2021,19.45,37.52,HOLD,-4.23,0.00,-86.00
08-03-2021,19.95,40.64,HOLD,-1.77,0.00,-36.00
08-02-2021,20.06,41.35,HOLD,-1.23,0.00,-25.00
07-30-2021,20.38,43.37,HOLD,0.34,7.00,0.00
07-29-2021,21.17,48.86,HOLD,4.23,86.00,0.00
07-28-2021,21.63,52.44,HOLD,6.50,132.00,0.00
07-27-2021,21.46,51.21,HOLD,5.66,115.00,0.00
07-26-2021,22.08,56.13,HOLD,8.71,177.00,0.00
07-23-2021,21.20,49.78,HOLD,4.38,89.00,0.00
07-22-2021,21.16,49.47,HOLD,4.19,85.00,0.00
07-21-2021,21.40,51.22,HOLD,5.37,109.00,0.00
07-20-2021,20.56,44.87,HOLD,1.23,25.00,0.00
07-19-2021,18.97,28.52,HOLD,-6.60,0.00,-134.00
07-16-2021,19.79,33.24,HOLD,-2.56,0.00,-52.00
07-15-2021,20.46,38.02,HOLD,0.74,15.00,0.00
07-14-2021,20.62,39.27,HOLD,1.53,31.00,0.00
07-13-2021,20.02,31.40,HOLD,-1.43,0.00,-29.00
07-12-2021,20.84,37.58,HOLD,2.61,53.00,0.00
07-09-2021,20.89,38.00,HOLD,2.86,58.00,0.00
07-08-2021,20.35,30.11,HOLD,0.20,4.00,0.00
07-07-2021,20.31,29.49,BUY,0.00,,
07-06-2021,21.01,34.44,HOLD,0.00,0.00,0.00
07-02-2021,21.48,38.45,HOLD,0.00,0.00,0.00
07-01-2021,21.51,38.72,HOLD,0.00,0.00,0.00
06-30-2021,21.21,34.48,HOLD,0.00,0.00,0.00
06-29-2021,21.08,32.61,HOLD,0.00,0.00,0.00
06-28-2021,21.39,34.82,HOLD,0.00,0.00,0.00
06-25-2021,22.22,41.85,HOLD,0.00,0.00,0.00
06-24-2021,22.35,43.12,HOLD,0.00,0.00,0.00
06-23-2021,22.20,41.21,HOLD,0.00,0.00,0.00
06-22-2021,22.11,40.09,HOLD,0.00,0.00,0.00
06-21-2021,22.45,42.96,HOLD,0.00,0.00,0.00
06-18-2021,22.29,41.12,HOLD,0.00,0.00,0.00
06-17-2021,22.23,40.45,HOLD,0.00,0.00,0.00
06-16-2021,22.83,45.23,HOLD,0.00,0.00,0.00
06-15-2021,22.79,44.82,HOLD,0.00,0.00,0.00
06-14-2021,22.99,46.41,HOLD,0.00,0.00,0.00
06-11-2021,23.53,50.93,HOLD,0.00,0.00,0.00
06-10-2021,23.46,50.35,HOLD,0.00,0.00,0.00
06-09-2021,23.85,53.64,HOLD,0.00,0.00,0.00
06-08-2021,24.22,56.92,HOLD,0.00,0.00,0.00
06-07-2021,24.25,57.18,HOLD,0.00,0.00,0.00
06-04-2021,24.30,57.59,HOLD,0.00,0.00,0.00
06-03-2021,24.93,62.89,HOLD,0.00,0.00,0.00
06-02-2021,25.82,71.53,HOLD,0.00,0.00,0.00
06-01-2021,24.67,65.91,HOLD,0.00,0.00,0.00
05-28-2021,24.24,63.40,HOLD,0.00,0.00,0.00
05-27-2021,24.43,65.38,HOLD,0.00,0.00,0.00
05-26-2021,23.90,62.34,HOLD,0.00,0.00,0.00
05-25-2021,23.21,57.88,HOLD,0.00,0.00,0.00
05-24-2021,22.99,56.35,HOLD,0.00,0.00,0.00
05-21-2021,22.57,53.34,HOLD,0.00,0.00,0.00
05-20-2021,22.60,53.59,HOLD,0.00,0.00,0.00
05-19-2021,22.97,56.56,HOLD,0.00,0.00,0.00
05-18-2021,23.56,61.62,HOLD,0.00,0.00,0.00
05-17-2021,23.35,60.45,HOLD,0.00,0.00,0.00
05-14-2021,22.40,54.64,HOLD,0.00,0.00,0.00
05-13-2021,21.21,45.30,HOLD,0.00,0.00,0.00
05-12-2021,20.76,41.04,HOLD,0.00,0.00,0.00
05-11-2021,21.57,47.19,HOLD,0.00,0.00,0.00
05-10-2021,22.00,50.95,HOLD,0.00,0.00,0.00
05-07-2021,22.00,50.95,HOLD,0.00,0.00,0.00
05-06-2021,21.49,46.59,HOLD,0.00,0.00,0.00
05-05-2021,21.57,47.20,HOLD,0.00,0.00,0.00
05-04-2021,21.42,45.97,HOLD,0.00,0.00,0.00
05-03-2021,21.95,49.79,HOLD,0.00,0.00,0.00
04-30-2021,21.72,48.05,HOLD,0.00,0.00,0.00
04-29-2021,21.30,44.81,HOLD,0.00,0.00,0.00
04-28-2021,21.70,47.42,HOLD,0.00,0.00,0.00
04-27-2021,21.76,47.81,HOLD,0.00,0.00,0.00
04-26-2021,22.04,49.57,HOLD,0.00,0.00,0.00
04-23-2021,21.11,43.12,HOLD,0.00,0.00,0.00
04-22-2021,20.07,34.40,HOLD,0.00,0.00,0.00
04-21-2021,21.01,39.48,HOLD,0.00,0.00,0.00
04-20-2021,20.37,33.25,HOLD,0.00,0.00,0.00
04-19-2021,21.55,40.36,HOLD,0.00,0.00,0.00
04-16-2021,22.03,43.91,HOLD,0.00,0.00,0.00
04-15-2021,22.13,44.67,HOLD,0.00,0.00,0.00
04-14-2021,22.37,46.46,HOLD,0.00,0.00,0.00
04-13-2021,22.56,47.87,HOLD,0.00,0.00,0.00
04-12-2021,22.91,50.50,HOLD,0.00,0.00,0.00
04-09-2021,23.54,55.59,HOLD,0.00,0.00,0.00
04-08-2021,23.65,56.51,HOLD,0.00,0.00,0.00
04-07-2021,23.93,58.82,HOLD,0.00,0.00,0.00
04-06-2021,24.06,59.88,HOLD,0.00,0.00,0.00
04-05-2021,24.23,61.21,HOLD,0.00,0.00,0.00
04-01-2021,23.86,59.39,HOLD,0.00,0.00,0.00
03-31-2021,23.90,59.67,HOLD,0.00,0.00,0.00
03-30-2021,24.12,61.15,HOLD,0.00,0.00,0.00
03-29-2021,22.91,55.50,HOLD,0.00,0.00,0.00
03-26-2021,22.93,55.62,HOLD,0.00,0.00,0.00
03-25-2021,22.77,54.87,HOLD,0.00,0.00,0.00
03-24-2021,21.81,50.17,HOLD,0.00,0.00,0.00
03-23-2021,22.27,52.61,HOLD,0.00,0.00,0.00
03-22-2021,23.83,62.11,HOLD,0.00,0.00,0.00
03-19-2021,24.97,70.78,HOLD,0.00,0.00,0.00
03-18-2021,24.70,69.86,HOLD,0.00,0.00,0.00
03-17-2021,25.16,73.54,HOLD,0.00,0.00,0.00
03-16-2021,24.47,71.44,HOLD,0.00,0.00,0.00
03-15-2021,25.17,77.22,HOLD,0.00,0.00,0.00
03-12-2021,23.37,71.77,HOLD,0.00,0.00,0.00
03-11-2021,22.15,66.77,HOLD,0.00,0.00,0.00
03-10-2021,21.75,64.88,HOLD,0.00,0.00,0.00
03-09-2021,21.60,64.17,HOLD,0.00,0.00,0.00
03-08-2021,21.47,63.57,HOLD,0.00,0.00,0.00
03-05-2021,20.45,58.58,HOLD,0.00,0.00,0.00
03-04-2021,21.24,64.99,HOLD,0.00,0.00,0.00
03-03-2021,22.17,73.82,HOLD,0.00,0.00,0.00
03-02-2021,21.44,70.95,HOLD,0.00,0.00,0.00
03-01-2021,21.18,69.85,HOLD,0.00,0.00,0.00
02-26-2021,20.94,68.84,HOLD,0.00,0.00,0.00
02-25-2021,20.86,68.51,HOLD,0.00,0.00,0.00
02-24-2021,21.82,77.55,HOLD,0.00,0.00,0.00
02-23-2021,20.66,73.65,HOLD,0.00,0.00,0.00
02-22-2021,20.44,72.82,HOLD,0.00,0.00,0.00
02-19-2021,18.68,64.50,HOLD,0.00,0.00,0.00
02-18-2021,17.71,57.90,HOLD,0.00,0.00,0.00
02-17-2021,17.99,60.94,HOLD,0.00,0.00,0.00
02-16-2021,17.82,59.75,HOLD,0.00,0.00,0.00
02-12-2021,17.27,55.69,HOLD,0.00,0.00,0.00
02-11-2021,16.99,53.48,HOLD,0.00,0.00,0.00
02-10-2021,17.41,57.48,HOLD,0.00,0.00,0.00
02-09-2021,17.44,57.77,HOLD,0.00,0.00,0.00
02-08-2021,17.77,60.87,HOLD,0.00,0.00,0.00
02-05-2021,17.19,57.11,HOLD,0.00,0.00,0.00
02-04-2021,17.40,59.02,HOLD,0.00,0.00,0.00
02-03-2021,17.60,60.81,HOLD,0.00,0.00,0.00
02-02-2021,16.59,54.30,HOLD,0.00,0.00,0.00
02-01-2021,16.84,56.45,HOLD,0.00,0.00,0.00
01-29-2021,17.17,59.34,HOLD,0.00,0.00,0.00
01-28-2021,18.10,68.52,HOLD,0.00,0.00,0.00
01-27-2021,16.56,58.70,HOLD,0.00,0.00,0.00
01-26-2021,15.53,48.77,HOLD,0.00,0.00,0.00
01-25-2021,15.43,47.63,HOLD,0.00,0.00,0.00
01-22-2021,15.82,51.79,HOLD,0.00,0.00,0.00
01-21-2021,15.83,51.90,HOLD,0.00,0.00,0.00
01-20-2021,16.17,55.55,HOLD,0.00,0.00,0.00
01-19-2021,15.97,53.77,HOLD,0.00,0.00,0.00
01-15-2021,15.76,51.90,HOLD,0.00,0.00,0.00
01-14-2021,16.44,59.10,HOLD,0.00,0.00,0.00
01-13-2021,15.53,50.57,HOLD,0.00,0.00,0.00
01-12-2021,15.38,48.95,HOLD,0.00,0.00,0.00
01-11-2021,15.00,44.66,HOLD,0.00,0.00,0.00
01-08-2021,15.13,45.88,HOLD,0.00,0.00,0.00
01-07-2021,15.38,48.24,HOLD,0.00,0.00,0.00
01-06-2021,15.52,49.57,HOLD,0.00,0.00,0.00
01-05-2021,15.43,48.73,HOLD,0.00,0.00,0.00
01-04-2021,15.13,45.93,HOLD,0.00,0.00,0.00
12-31-2020,15.77,51.49,HOLD,0.00,0.00,0.00
12-30-2020,16.15,55.18,HOLD,0.00,0.00,0.00
12-29-2020,15.86,52.78,HOLD,0.00,0.00,0.00
12-28-2020,16.06,54.65,HOLD,0.00,0.00,0.00
12-24-2020,15.66,51.46,HOLD,0.00,0.00,0.00
12-23-2020,15.89,53.47,HOLD,0.00,0.00,0.00
12-22-2020,15.48,50.26,HOLD,0.00,0.00,0.00
12-21-2020,16.10,55.65,HOLD,0.00,0.00,0.00
12-18-2020,16.51,59.58,HOLD,0.00,0.00,0.00
12-17-2020,16.80,62.48,HOLD,0.00,0.00,0.00
12-16-2020,16.86,63.07,HOLD,0.00,0.00,0.00
12-15-2020,17.01,64.48,HOLD,0.00,0.00,0.00
12-14-2020,16.70,62.89,HOLD,0.00,0.00,0.00
12-11-2020,17.05,65.99,HOLD,0.00,0.00,0.00
12-10-2020,17.99,75.26,HOLD,0.00,0.00,0.00
12-09-2020,17.16,72.04,HOLD,0.00,0.00,0.00
12-08-2020,17.63,77.33,HOLD,0.00,0.00,0.00
12-07-2020,17.21,75.86,HOLD,0.00,0.00,0.00
12-04-2020,16.40,72.68,HOLD,0.00,0.00,0.00
12-03-2020,16.09,71.35,HOLD,0.00,0.00,0.00
12-02-2020,14.86,65.03,HOLD,0.00,0.00,0.00
12-01-2020,14.27,61.22,HOLD,0.00,0.00,0.00
11-30-2020,14.13,60.27,HOLD,0.00,0.00,0.00
11-27-2020,14.98,69.96,HOLD,0.00,0.00,0.00
11-25-2020,14.94,69.75,HOLD,0.00,0.00,0.00
11-24-2020,14.82,69.14,HOLD,0.00,0.00,0.00
11-23-2020,13.56,61.61,HOLD,0.00,0.00,0.00
11-20-2020,12.53,52.89,HOLD,0.00,0.00,0.00
11-19-2020,12.79,55.87,HOLD,0.00,0.00,0.00
11-18-2020,12.74,55.42,HOLD,0.00,0.00,0.00
11-17-2020,12.70,55.08,HOLD,0.00,0.00,0.00
11-16-2020,12.79,55.97,HOLD,0.00,0.00,0.00
11-13-2020,12.24,51.53,HOLD,0.00,0.00,0.00
11-12-2020,11.74,47.03,HOLD,0.00,0.00,0.00
11-11-2020,12.04,49.60,HOLD,0.00,0.00,0.00
11-10-2020,12.38,52.62,HOLD,0.00,0.00,0.00
11-09-2020,13.20,60.94,HOLD,0.00,0.00,0.00
11-06-2020,11.46,43.26,HOLD,0.00,0.00,0.00
11-05-2020,11.60,44.78,HOLD,0.00,0.00,0.00
11-04-2020,11.01,36.01,HOLD,0.00,0.00,0.00
11-03-2020,11.25,38.31,HOLD,0.00,0.00,0.00
11-02-2020,11.19,37.38,HOLD,0.00,0.00,0.00
10-30-2020,11.28,38.18,HOLD,0.00,0.00,0.00
10-29-2020,11.16,36.50,HOLD,0.00,0.00,0.00
10-28-2020,10.95,33.57,HOLD,0.00,0.00,0.00
10-27-2020,11.23,35.60,HOLD,0.00,0.00,0.00
10-26-2020,11.80,40.22,HOLD,0.00,0.00,0.00
10-23-2020,12.60,48.39,HOLD,0.00,0.00,0.00
10-22-2020,13.15,55.61,HOLD,0.00,0.00,0.00
10-21-2020,12.75,50.64,HOLD,0.00,0.00,0.00
10-20-2020,12.80,51.30,HOLD,0.00,0.00,0.00
10-19-2020,12.56,48.27,HOLD,0.00,0.00,0.00
10-16-2020,12.46,46.99,HOLD,0.00,0.00,0.00
10-15-2020,12.23,44.04,HOLD,0.00,0.00,0.00
10-14-2020,12.36,45.36,HOLD,0.00,0.00,0.00
10-13-2020,12.22,43.66,HOLD,0.00,0.00,0.00
10-12-2020,12.92,51.02,HOLD,0.00,0.00,0.00
10-09-2020,13.20,54.43,HOLD,0.00,0.00,0.00
10-08-2020,13.16,54.02,HOLD,0.00,0.00,0.00
10-07-2020,13.07,53.15,HOLD,0.00,0.00,0.00
10-06-2020,12.53,47.59,HOLD,0.00,0.00,0.00
10-05-2020,13.12,54.10,HOLD,0.00,0.00,0.00
10-02-2020,13.00,52.89,HOLD,0.00,0.00,0.00
10-01-2020,12.58,48.44,HOLD,0.00,0.00,0.00
09-30-2020,12.29,45.12,HOLD,0.00,0.00,0.00
09-29-2020,12.25,44.67,HOLD,0.00,0.00,0.00
09-28-2020,12.76,49.54,HOLD,0.00,0.00,0.00
09-25-2020,12.29,44.34,HOLD,0.00,0.00,0.00
09-24-2020,11.77,37.76,HOLD,0.00,0.00,0.00
09-23-2020,11.93,39.08,HOLD,0.00,0.00,0.00
09-22-2020,12.34,42.63,HOLD,0.00,0.00,0.00
09-21-2020,12.21,41.05,HOLD,0.00,0.00,0.00
09-18-2020,13.19,50.83,HOLD,0.00,0.00,0.00
09-17-2020,13.63,56.44,HOLD,0.00,0.00,0.00
09-16-2020,13.80,58.77,HOLD,0.00,0.00,0.00
09-15-2020,13.14,51.57,HOLD,0.00,0.00,0.00
09-14-2020,13.26,53.14,HOLD,0.00,0.00,0.00
09-11-2020,12.95,49.46,HOLD,0.00,0.00,0.00
09-10-2020,13.01,50.17,HOLD,0.00,0.00,0.00
09-09-2020,13.05,50.62,HOLD,0.00,0.00,0.00
09-08-2020,13.63,57.54,HOLD,0.00,0.00,0.00
09-04-2020,13.61,57.35,HOLD,0.00,0.00,0.00
09-03-2020,13.36,55.06,HOLD,0.00,0.00,0.00
09-02-2020,13.23,53.86,HOLD,0.00,0.00,0.00
09-01-2020,13.10,52.69,HOLD,0.00,0.00,0.00
08-31-2020,13.05,52.25,HOLD,0.00,0.00,0.00
08-28-2020,13.59,57.54,HOLD,0.00,0.00,0.00
08-27-2020,13.28,55.12,HOLD,0.00,0.00,0.00
08-26-2020,12.79,51.02,HOLD,0.00,0.00,0.00
08-25-2020,13.14,54.31,HOLD,0.00,0.00,0.00
08-24-2020,13.44,57.24,HOLD,0.00,0.00,0.00
08-21-2020,12.16,45.60,HOLD,0.00,0.00,0.00
08-20-2020,12.50,48.88,HOLD,0.00,0.00,0.00
08-19-2020,12.68,50.67,HOLD,0.00,0.00,0.00
08-18-2020,12.60,49.92,HOLD,0.00,0.00,0.00
08-17-2020,12.62,50.09,HOLD,0.00,0.00,0.00
08-14-2020,13.33,56.81,HOLD,0.00,0.00,0.00
08-13-2020,13.30,56.58,HOLD,0.00,0.00,0.00
08-12-2020,13.54,58.89,HOLD,0.00,0.00,0.00
08-11-2020,13.73,60.71,HOLD,0.00,0.00,0.00
08-10-2020,14.00,63.30,HOLD,0.00,0.00,0.00
08-07-2020,13.03,57.22,HOLD,0.00,0.00,0.00
08-06-2020,13.04,57.31,HOLD,0.00,0.00,0.00
08-05-2020,12.56,54.06,HOLD,0.00,0.00,0.00
08-04-2020,11.47,45.26,HOLD,0.00,0.00,0.00
08-03-2020,11.08,41.55,HOLD,0.00,0.00,0.00
07-31-2020,11.12,41.82,HOLD,0.00,0.00,0.00
07-30-2020,11.18,42.20,HOLD,0.00,0.00,0.00
07-29-2020,11.40,43.56,HOLD,0.00,0.00,0.00
07-28-2020,11.77,45.86,HOLD,0.00,0.00,0.00
07-27-2020,11.39,42.99,HOLD,0.00,0.00,0.00
07-24-2020,11.39,42.99,HOLD,0.00,0.00,0.00
07-23-2020,11.77,45.05,HOLD,0.00,0.00,0.00
07-22-2020,11.36,42.27,HOLD,0.00,0.00,0.00
07-21-2020,11.47,42.81,HOLD,0.00,0.00,0.00
07-20-2020,11.47,42.81,HOLD,0.00,0.00,0.00
07-17-2020,11.91,44.78,HOLD,0.00,0.00,0.00
07-16-2020,12.45,47.26,HOLD,0.00,0.00,0.00
07-15-2020,13.44,52.16,HOLD,0.00,0.00,0.00
07-14-2020,11.57,41.51,HOLD,0.00,0.00,0.00
07-13-2020,11.63,41.78,HOLD,0.00,0.00,0.00
07-10-2020,11.94,43.17,HOLD,0.00,0.00,0.00
07-09-2020,11.18,38.53,HOLD,0.00,0.00,0.00
07-08-2020,11.99,41.92,HOLD,0.00,0.00,0.00
07-07-2020,11.91,41.44,HOLD,0.00,0.00,0.00
07-06-2020,12.80,45.24,HOLD,0.00,0.00,0.00
07-02-2020,12.50,43.62,HOLD,0.00,0.00,0.00
07-01-2020,12.81,44.89,HOLD,0.00,0.00,0.00
06-30-2020,13.07,45.93,HOLD,0.00,0.00,0.00
06-29-2020,13.32,46.91,HOLD,0.00,0.00,0.00
06-26-2020,12.38,42.67,HOLD,0.00,0.00,0.00
06-25-2020,13.17,45.50,HOLD,0.00,0.00,0.00
06-24-2020,13.04,44.95,HOLD,0.00,0.00,0.00
06-23-2020,14.00,48.34,HOLD,0.00,0.00,0.00
06-22-2020,14.92,51.83,HOLD,0.00,0.00,0.00
06-19-2020,16.00,56.25,HOLD,0.00,0.00,0.00
06-18-2020,16.49,58.35,HOLD,0.00,0.00,0.00
06-17-2020,16.98,60.44,HOLD,0.00,0.00,0.00
06-16-2020,17.03,60.65,HOLD,0.00,0.00,0.00
06-15-2020,16.70,59.81,HOLD,0.00,0.00,0.00
06-12-2020,16.74,59.95,HOLD,0.00,0.00,0.00
06-11-2020,14.38,53.87,HOLD,0.00,0.00,0.00
06-10-2020,17.02,63.96,HOLD,0.00,0.00,0.00
06-09-2020,18.55,71.14,HOLD,0.00,0.00,0.00
06-08-2020,20.31,80.83,HOLD,0.00,0.00,0.00
06-05-2020,18.59,78.12,HOLD,0.00,0.00,0.00
06-04-2020,16.72,74.49,HOLD,0.00,0.00,0.00
06-03-2020,11.85,57.39,HOLD,0.00,0.00,0.00
06-02-2020,11.22,53.66,HOLD,0.00,0.00,0.00
06-01-2020,11.11,52.99,HOLD,0.00,0.00,0.00
05-29-2020,10.50,49.23,HOLD,0.00,0.00,0.00
05-28-2020,10.98,52.29,HOLD,0.00,0.00,0.00
05-27-2020,11.98,59.44,HOLD,0.00,0.00,0.00
05-26-2020,11.14,54.60,HOLD,0.00,0.00,0.00
05-22-2020,9.70,43.94,HOLD,0.00,0.00,0.00
05-21-2020,9.89,45.24,HOLD,0.00,0.00,0.00
05-20-2020,9.87,45.08,HOLD,0.00,0.00,0.00
05-19-2020,9.64,43.33,HOLD,0.00,0.00,0.00
05-18-2020,9.87,44.65,HOLD,0.00,0.00,0.00
05-15-2020,9.04,38.33,HOLD,0.00,0.00,0.00
05-14-2020,9.15,38.88,HOLD,0.00,0.00,0.00
05-13-2020,9.11,38.58,HOLD,0.00,0.00,0.00
05-12-2020,9.65,41.07,HOLD,0.00,0.00,0.00
05-11-2020,10.10,43.23,HOLD,0.00,0.00,0.00
05-08-2020,10.14,43.42,HOLD,0.00,0.00,0.00
05-07-2020,9.54,39.76,HOLD,0.00,0.00,0.00
05-06-2020,9.25,37.96,HOLD,0.00,0.00,0.00
05-05-2020,9.51,38.93,HOLD,0.00,0.00,0.00
05-04-2020,9.82,40.06,HOLD,0.00,0.00,0.00
05-01-2020,10.64,43.14,HOLD,0.00,0.00,0.00
04-30-2020,12.01,48.99,HOLD,0.00,0.00,0.00
04-29-2020,12.63,51.95,HOLD,0.00,0.00,0.00
04-28-2020,11.26,45.15,HOLD,0.00,0.00,0.00
04-27-2020,10.02,37.75,HOLD,0.00,0.00,0.00
04-24-2020,10.31,38.89,HOLD,0.00,0.00,0.00
04-23-2020,10.25,38.54,HOLD,0.00,0.00,0.00
04-22-2020,10.27,38.61,HOLD,0.00,0.00,0.00
04-21-2020,11.00,41.13,HOLD,0.00,0.00,0.00
04-20-2020,11.06,41.33,HOLD,0.00,0.00,0.00
04-17-2020,11.57,43.03,HOLD,0.00,0.00,0.00
04-16-2020,11.07,40.82,HOLD,0.00,0.00,0.00
04-15-2020,12.29,44.76,HOLD,0.00,0.00,0.00
04-14-2020,11.95,43.35,HOLD,0.00,0.00,0.00
04-13-2020,11.56,41.75,HOLD,0.00,0.00,0.00
04-09-2020,12.51,44.59,HOLD,0.00,0.00,0.00
04-08-2020,11.33,39.88,HOLD,0.00,0.00,0.00
04-07-2020,10.22,35.06,HOLD,0.00,0.00,0.00
04-06-2020,9.50,31.77,HOLD,0.00,0.00,0.00
04-03-2020,9.39,31.27,HOLD,0.00,0.00,0.00
04-02-2020,10.06,32.61,HOLD,0.00,0.00,0.00
04-01-2020,10.69,33.88,HOLD,0.00,0.00,0.00
03-31-2020,12.19,37.05,HOLD,0.00,0.00,0.00
03-30-2020,12.25,37.18,HOLD,0.00,0.00,0.00
03-27-2020,14.04,41.17,HOLD,0.00,0.00,0.00
03-26-2020,15.66,45.24,HOLD,0.00,0.00,0.00
03-25-2020,15.39,44.39,HOLD,0.00,0.00,0.00
03-24-2020,13.92,39.64,SELL,35.28,363.00,0.00
03-23-2020,10.25,24.75,HOLD,-0.39,0.00,-4.00
03-20-2020,10.38,24.95,HOLD,0.87,9.00,0.00
03-19-2020,10.29,24.56,BUY,0.00,,
03-18-2020,11.65,26.52,SELL,-18.59,0.00,-266.00
03-17-2020,15.58,33.79,HOLD,8.87,127.00,0.00
03-16-2020,15.92,34.55,HOLD,11.25,161.00,0.00
03-13-2020,14.31,27.36,BUY,0.00,,
03-12-2020,13.45,23.18,SELL,-15.78,0.00,-252.00
03-11-2020,16.26,28.09,HOLD,1.82,29.00,0.00
03-10-2020,17.00,29.62,HOLD,6.45,103.00,0.00
03-09-2020,14.75,16.79,HOLD,-7.64,0.00,-122.00
03-06-2020,15.97,18.49,BUY,0.00,,
03-05-2020,16.04,18.59,SELL,-14.95,0.00,-282.00
03-04-2020,18.53,22.63,HOLD,-1.75,0.00,-33.00
03-03-2020,17.85,18.11,HOLD,-5.36,0.00,-101.00
03-02-2020,18.86,19.70,BUY,0.00,,
02-28-2020,19.05,20.01,SELL,-17.60,0.00,-407.00
02-27-2020,20.60,22.68,HOLD,-10.90,0.00,-252.00
02-26-2020,22.31,26.27,HOLD,-3.50,0.00,-81.00
02-25-2020,23.12,28.24,BUY,0.00,,
02-24-2020,25.45,35.31,HOLD,0.00,0.00,0.00
02-21-2020,27.82,46.24,HOLD,0.00,0.00,0.00
02-20-2020,28.51,50.47,HOLD,0.00,0.00,0.00
02-19-2020,28.33,49.34,HOLD,0.00,0.00,0.00
02-18-2020,28.63,51.14,HOLD,0.00,0.00,0.00
02-14-2020,29.20,54.63,HOLD,0.00,0.00,0.00
02-13-2020,30.09,60.65,HOLD,0.00,0.00,0.00
02-12-2020,30.47,63.41,HOLD,0.00,0.00,0.00
02-11-2020,29.84,60.65,HOLD,0.00,0.00,0.00
02-10-2020,28.79,55.44,HOLD,0.00,0.00,0.00
02-07-2020,28.38,53.19,HOLD,0.00,0.00,0.00
02-06-2020,28.30,52.76,HOLD,0.00,0.00,0.00
02-05-2020,29.10,57.70,HOLD,0.00,0.00,0.00
02-04-2020,28.43,54.38,HOLD,0.00,0.00,0.00
02-03-2020,27.16,47.06,HOLD,0.00,0.00,0.00
01-31-2020,26.84,44.99,HOLD,0.00,0.00,0.00
01-30-2020,27.72,49.97,HOLD,0.00,0.00,0.00
01-29-2020,26.80,43.95,HOLD,0.00,0.00,0.00
01-28-2020,26.90,44.49,HOLD,0.00,0.00,0.00
01-27-2020,26.11,38.99,HOLD,0.00,0.00,0.00
01-24-2020,27.64,47.44,HOLD,0.00,0.00,0.00
01-23-2020,28.80,56.00,HOLD,0.00,0.00,0.00
01-22-2020,27.32,44.05,HOLD,0.00,0.00,0.00
01-21-2020,27.20,42.88,HOLD,0.00,0.00,0.00
01-17-2020,28.40,53.19,HOLD,0.00,0.00,0.00
01-16-2020,28.23,51.66,HOLD,0.00,0.00,0.00
01-15-2020,27.58,45.32,HOLD,0.00,0.00,0.00
01-14-2020,27.53,44.80,HOLD,0.00,0.00,0.00
01-13-2020,27.39,43.41,HOLD,0.00,0.00,0.00
01-10-2020,27.32,42.74,HOLD,0.00,0.00,0.00
01-09-2020,27.95,47.44,HOLD,0.00,0.00,0.00
01-08-2020,27.84,46.48,HOLD,0.00,0.00,0.00
01-07-2020,27.22,40.87,HOLD,0.00,0.00,0.00
01-06-2020,27.32,41.53,HOLD,0.00,0.00,0.00
01-03-2020,27.65,43.66,HOLD,0.00,0.00,0.00
01-02-2020,29.09,55.14,HOLD,0.00,0.00,0.00
12-31-2019,28.68,51.79,HOLD,0.00,0.00,0.00
12-30-2019,28.30,48.47,HOLD,0.00,0.00,0.00
12-27-2019,28.44,49.64,HOLD,0.00,0.00,0.00
12-26-2019,29.67,61.77,HOLD,0.00,0.00,0.00
12-24-2019,29.18,57.97,HOLD,0.00,0.00,0.00
12-23-2019,29.30,59.31,HOLD,0.00,0.00,0.00
12-20-2019,29.04,57.33,HOLD,0.00,0.00,0.00
12-19-2019,28.55,53.34,HOLD,0.00,0.00,0.00
12-18-2019,28.00,48.31,HOLD,0.00,0.00,0.00
12-17-2019,28.28,50.91,HOLD,0.00,0.00,0.00
12-16-2019,27.92,47.55,HOLD,0.00,0.00,0.00
12-13-2019,27.48,43.13,HOLD,0.00,0.00,0.00
12-12-2019,27.72,45.05,HOLD,0.00,0.00,0.00
12-11-2019,26.86,35.48,HOLD,0.00,0.00,0.00
12-10-2019,27.00,36.44,HOLD,0.00,0.00,0.00
12-09-2019,27.49,39.95,HOLD,0.00,0.00,0.00
12-06-2019,27.73,41.78,HOLD,0.00,0.00,0.00
12-05-2019,27.24,36.24,HOLD,0.00,0.00,0.00
12-04-2019,27.38,37.18,HOLD,0.00,0.00,0.00
12-03-2019,27.29,36.19,HOLD,0.00,0.00,0.00
12-02-2019,28.08,41.50,HOLD,0.00,0.00,0.00
11-29-2019,28.74,46.84,HOLD,0.00,0.00,0.00
11-27-2019,28.95,48.68,HOLD,0.00,0.00,0.00
11-26-2019,29.05,49.55,HOLD,0.00,0.00,0.00
11-25-2019,28.99,49.05,HOLD,0.00,0.00,0.00
11-22-2019,28.68,46.48,HOLD,0.00,0.00,0.00
11-21-2019,27.93,39.65,HOLD,0.00,0.00,0.00
11-20-2019,28.23,41.62,HOLD,0.00,0.00,0.00
11-19-2019,29.29,49.74,HOLD,0.00,0.00,0.00
11-18-2019,28.60,43.02,HOLD,0.00,0.00,0.00
11-15-2019,28.86,45.14,HOLD,0.00,0.00,0.00
11-14-2019,28.77,44.26,HOLD,0.00,0.00,0.00
11-13-2019,28.66,43.22,HOLD,0.00,0.00,0.00
11-12-2019,29.52,49.94,HOLD,0.00,0.00,0.00
11-11-2019,30.59,60.86,HOLD,0.00,0.00,0.00
11-08-2019,30.76,62.88,HOLD,0.00,0.00,0.00
11-07-2019,30.89,64.41,HOLD,0.00,0.00,0.00
11-06-2019,30.96,65.20,HOLD,0.00,0.00,0.00
11-05-2019,31.18,67.62,HOLD,0.00,0.00,0.00
11-04-2019,30.95,66.41,HOLD,0.00,0.00,0.00
11-01-2019,30.56,64.31,HOLD,0.00,0.00,0.00
10-31-2019,30.06,61.43,HOLD,0.00,0.00,0.00
10-30-2019,30.29,63.62,HOLD,0.00,0.00,0.00
10-29-2019,30.92,69.96,HOLD,0.00,0.00,0.00
10-28-2019,31.36,74.79,HOLD,0.00,0.00,0.00
10-25-2019,30.86,72.81,HOLD,0.00,0.00,0.00
10-24-2019,29.41,65.51,HOLD,0.00,0.00,0.00
10-23-2019,28.29,57.29,HOLD,0.00,0.00,0.00
10-22-2019,28.26,57.03,HOLD,0.00,0.00,0.00
10-21-2019,28.62,61.09,HOLD,0.00,0.00,0.00
10-18-2019,28.22,58.01,HOLD,0.00,0.00,0.00
10-17-2019,27.93,55.64,HOLD,0.00,0.00,0.00
10-16-2019,28.05,56.87,HOLD,0.00,0.00,0.00
10-15-2019,28.27,59.10,HOLD,0.00,0.00,0.00
10-14-2019,27.62,54.17,HOLD,0.00,0.00,0.00
10-11-2019,27.36,52.03,HOLD,0.00,0.00,0.00
10-10-2019,27.18,50.54,HOLD,0.00,0.00,0.00
10-09-2019,27.07,49.65,HOLD,0.00,0.00,0.00
10-08-2019,26.26,42.62,HOLD,0.00,0.00,0.00
10-07-2019,25.83,38.38,HOLD,0.00,0.00,0.00
10-04-2019,25.83,38.38,HOLD,0.00,0.00,0.00
10-03-2019,25.27,32.80,HOLD,0.00,0.00,0.00
10-02-2019,25.37,33.30,HOLD,0.00,0.00,0.00
10-01-2019,26.80,41.75,HOLD,0.00,0.00,0.00
09-30-2019,26.97,42.96,HOLD,0.00,0.00,0.00
09-27-2019,27.01,43.23,HOLD,0.00,0.00,0.00
09-26-2019,27.19,44.40,HOLD,0.00,0.00,0.00
09-25-2019,27.44,46.02,HOLD,0.00,0.00,0.00
09-24-2019,27.00,42.61,HOLD,0.00,0.00,0.00
09-23-2019,27.50,45.65,HOLD,0.00,0.00,0.00
09-20-2019,27.99,48.82,HOLD,0.00,0.00,0.00
09-19-2019,28.30,50.90,HOLD,0.00,0.00,0.00
09-18-2019,28.60,52.92,HOLD,0.00,0.00,0.00
09-17-2019,28.64,53.19,HOLD,0.00,0.00,0.00
09-16-2019,27.77,47.99,HOLD,0.00,0.00,0.00
09-13-2019,29.95,64.70,HOLD,0.00,0.00,0.00
09-12-2019,29.94,64.65,HOLD,0.00,0.00,0.00
09-11-2019,29.76,63.75,HOLD,0.00,0.00,0.00
09-10-2019,29.12,60.42,HOLD,0.00,0.00,0.00
09-09-2019,28.44,56.48,HOLD,0.00,0.00,0.00
09-06-2019,27.79,52.26,HOLD,0.00,0.00,0.00
09-05-2019,27.69,51.59,HOLD,0.00,0.00,0.00
09-04-2019,27.00,46.80,HOLD,0.00,0.00,0.00
09-03-2019,26.51,43.09,HOLD,0.00,0.00,0.00
08-30-2019,26.31,41.55,HOLD,0.00,0.00,0.00
08-29-2019,26.32,41.60,HOLD,0.00,0.00,0.00
08-28-2019,25.33,33.93,HOLD,0.00,0.00,0.00
08-27-2019,24.45,25.91,SELL,-13.79,0.00,-391.00
08-26-2019,25.19,28.62,HOLD,-11.18,0.00,-317.00
08-23-2019,25.42,29.52,HOLD,-10.37,0.00,-294.00
08-22-2019,26.53,34.31,HOLD,-6.45,0.00,-183.00
08-21-2019,26.42,33.32,HOLD,-6.84,0.00,-194.00
08-20-2019,25.83,27.86,HOLD,-8.92,0.00,-253.00
08-19-2019,26.10,28.86,HOLD,-7.97,0.00,-226.00
08-16-2019,25.79,26.02,HOLD,-9.06,0.00,-257.00
08-15-2019,25.41,22.50,HOLD,-10.40,0.00,-295.00
08-14-2019,26.10,24.46,HOLD,-7.97,0.00,-226.00
08-13-2019,27.51,29.32,HOLD,-3.00,0.00,-85.00
08-12-2019,27.64,29.83,HOLD,-2.54,0.00,-72.00
08-09-2019,28.78,34.72,HOLD,1.48,42.00,0.00
08-08-2019,29.08,36.16,HOLD,2.54,72.00,0.00
08-07-2019,28.63,32.23,HOLD,0.95,27.00,0.00
08-06-2019,28.36,29.81,BUY,0.00,,
08-05-2019,28.53,30.45,HOLD,0.00,0.00,0.00
08-02-2019,29.45,34.09,HOLD,0.00,0.00,0.00
08-01-2019,29.84,35.77,HOLD,0.00,0.00,0.00
07-31-2019,30.51,38.83,HOLD,0.00,0.00,0.00
07-30-2019,30.71,39.77,HOLD,0.00,0.00,0.00
07-29-2019,30.74,39.91,HOLD,0.00,0.00,0.00
07-26-2019,31.24,42.12,HOLD,0.00,0.00,0.00
07-25-2019,31.67,44.07,HOLD,0.00,0.00,0.00
07-24-2019,34.59,62.25,HOLD,0.00,0.00,0.00
07-23-2019,33.73,57.45,HOLD,0.00,0.00,0.00
07-22-2019,32.90,51.98,HOLD,0.00,0.00,0.00
07-19-2019,33.08,53.36,HOLD,0.00,0.00,0.00
07-18-2019,33.74,58.67,HOLD,0.00,0.00,0.00
07-17-2019,33.26,55.69,HOLD,0.00,0.00,0.00
07-16-2019,34.22,64.29,HOLD,0.00,0.00,0.00
07-15-2019,33.61,60.71,HOLD,0.00,0.00,0.00
07-12-2019,33.78,62.33,HOLD,0.00,0.00,0.00
07-11-2019,33.03,57.71,HOLD,0.00,0.00,0.00
07-10-2019,32.94,57.13,HOLD,0.00,0.00,0.00
07-09-2019,32.36,53.26,HOLD,0.00,0.00,0.00
07-08-2019,32.79,56.79,HOLD,0.00,0.00,0.00
07-05-2019,32.46,54.64,HOLD,0.00,0.00,0.00
07-03-2019,32.72,56.70,HOLD,0.00,0.00,0.00
07-02-2019,32.19,53.38,HOLD,0.00,0.00,0.00
07-01-2019,32.88,58.83,HOLD,0.00,0.00,0.00
06-28-2019,32.61,57.25,HOLD,0.00,0.00,0.00
06-27-2019,32.15,54.47,HOLD,0.00,0.00,0.00
06-26-2019,31.46,49.94,HOLD,0.00,0.00,0.00
06-25-2019,31.26,48.56,HOLD,0.00,0.00,0.00
06-24-2019,31.82,52.30,HOLD,0.00,0.00,0.00
06-21-2019,31.57,50.73,HOLD,0.00,0.00,0.00
06-20-2019,32.15,54.61,HOLD,0.00,0.00,0.00
06-19-2019,33.21,62.76,HOLD,0.00,0.00,0.00
06-18-2019,32.52,59.07,HOLD,0.00,0.00,0.00
06-17-2019,32.56,59.39,HOLD,0.00,0.00,0.00
06-14-2019,32.68,60.29,HOLD,0.00,0.00,0.00
06-13-2019,33.09,63.34,HOLD,0.00,0.00,0.00
06-12-2019,31.10,52.51,HOLD,0.00,0.00,0.00
06-11-2019,30.58,48.84,HOLD,0.00,0.00,0.00
06-10-2019,30.76,50.08,HOLD,0.00,0.00,0.00
06-07-2019,30.92,51.16,HOLD,0.00,0.00,0.00
06-06-2019,30.38,47.64,HOLD,0.00,0.00,0.00
06-05-2019,30.36,47.51,HOLD,0.00,0.00,0.00
06-04-2019,29.12,38.74,HOLD,0.00,0.00,0.00
06-03-2019,27.20,19.38,SELL,-12.03,0.00,-372.00
05-31-2019,27.23,19.47,HOLD,-11.93,0.00,-369.00
05-30-2019,28.17,22.49,HOLD,-8.89,0.00,-275.00
05-29-2019,28.41,23.34,HOLD,-8.12,0.00,-251.00
05-28-2019,28.73,24.50,HOLD,-7.08,0.00,-219.00
05-24-2019,29.17,26.15,HOLD,-5.66,0.00,-175.00
05-23-2019,29.50,27.44,HOLD,-4.59,0.00,-142.00
05-22-2019,29.92,29.13,HOLD,-3.23,0.00,-100.00
05-21-2019,31.30,35.91,HOLD,1.23,38.00,0.00
05-20-2019,30.96,32.31,HOLD,0.13,4.00,0.00
05-17-2019,31.74,36.70,HOLD,2.65,82.00,0.00
05-16-2019,32.32,40.50,HOLD,4.53,140.00,0.00
05-15-2019,32.16,38.88,HOLD,4.01,124.00,0.00
05-14-2019,32.34,40.02,HOLD,4.59,142.00,0.00
05-13-2019,32.14,38.15,HOLD,3.95,122.00,0.00
05-10-2019,33.99,52.11,HOLD,9.93,307.00,0.00
05-09-2019,33.95,51.76,HOLD,9.80,303.00,0.00
05-08-2019,33.75,50.04,HOLD,9.15,283.00,0.00
05-07-2019,33.91,51.40,HOLD,9.67,299.00,0.00
05-06-2019,34.75,59.25,HOLD,12.39,383.00,0.00
05-03-2019,34.79,59.65,HOLD,12.52,387.00,0.00
05-02-2019,33.95,53.49,HOLD,9.80,303.00,0.00
05-01-2019,33.91,53.17,HOLD,9.67,299.00,0.00
04-30-2019,34.18,55.54,HOLD,10.54,326.00,0.00
04-29-2019,33.77,52.56,HOLD,9.22,285.00,0.00
04-26-2019,33.06,46.84,HOLD,6.92,214.00,0.00
04-25-2019,33.41,49.57,HOLD,8.05,249.00,0.00
04-24-2019,33.99,54.47,HOLD,9.93,307.00,0.00
04-23-2019,33.97,54.33,HOLD,9.86,305.00,0.00
04-22-2019,33.48,50.77,HOLD,8.28,256.00,0.00
04-18-2019,34.37,58.45,HOLD,11.16,345.00,0.00
04-17-2019,34.38,58.54,HOLD,11.19,346.00,0.00
04-16-2019,34.03,56.30,HOLD,10.06,311.00,0.00
04-15-2019,33.75,54.47,HOLD,9.15,283.00,0.00
04-12-2019,34.69,62.65,HOLD,12.19,377.00,0.00
04-11-2019,34.81,63.79,HOLD,12.58,389.00,0.00
04-10-2019,34.02,59.27,HOLD,10.03,310.00,0.00
04-09-2019,33.31,54.54,HOLD,7.73,239.00,0.00
04-08-2019,33.88,59.71,HOLD,9.57,296.00,0.00
04-05-2019,34.06,61.42,HOLD,10.16,314.00,0.00
04-04-2019,33.93,60.66,HOLD,9.73,301.00,0.00
04-03-2019,33.71,59.42,HOLD,9.02,279.00,0.00
04-02-2019,32.99,55.10,HOLD,6.69,207.00,0.00
04-01-2019,32.35,50.77,HOLD,4.62,143.00,0.00
03-29-2019,31.76,46.34,HOLD,2.72,84.00,0.00
03-28-2019,30.90,38.90,HOLD,-0.06,0.00,-2.00
03-27-2019,30.94,39.14,HOLD,0.06,2.00,0.00
03-26-2019,30.21,32.22,HOLD,-2.30,0.00,-71.00
03-25-2019,30.21,32.22,HOLD,-2.30,0.00,-71.00
03-22-2019,30.57,33.86,HOLD,-1.13,0.00,-35.00
03-21-2019,31.45,38.27,HOLD,1.71,53.00,0.00
03-20-2019,30.96,33.81,HOLD,0.13,4.00,0.00
03-19-2019,31.59,37.00,HOLD,2.17,67.00,0.00
03-18-2019,31.38,35.11,HOLD,1.49,46.00,0.00
03-15-2019,31.43,35.34,HOLD,1.65,51.00,0.00
03-14-2019,32.13,38.71,HOLD,3.91,121.00,0.00
03-13-2019,31.84,36.38,HOLD,2.98,92.00,0.00
03-12-2019,30.92,28.34,BUY,0.00,,
03-11-2019,32.05,33.11,HOLD,0.00,0.00,0.00
03-08-2019,31.91,31.79,HOLD,0.00,0.00,0.00
03-07-2019,32.22,33.14,HOLD,0.00,0.00,0.00
03-06-2019,32.76,35.57,HOLD,0.00,0.00,0.00
03-05-2019,33.23,37.82,HOLD,0.00,0.00,0.00
03-04-2019,33.72,40.28,HOLD,0.00,0.00,0.00
03-01-2019,34.64,45.44,HOLD,0.00,0.00,0.00
02-28-2019,35.63,52.10,HOLD,0.00,0.00,0.00
02-27-2019,35.69,52.53,HOLD,0.00,0.00,0.00
02-26-2019,36.25,56.62,HOLD,0.00,0.00,0.00
02-25-2019,35.90,54.57,HOLD,0.00,0.00,0.00
02-22-2019,35.49,52.11,HOLD,0.00,0.00,0.00
02-21-2019,34.98,48.91,HOLD,0.00,0.00,0.00
02-20-2019,35.06,49.39,HOLD,0.00,0.00,0.00
02-19-2019,35.47,51.81,HOLD,0.00,0.00,0.00
02-15-2019,35.05,49.45,HOLD,0.00,0.00,0.00
02-14-2019,36.11,55.85,HOLD,0.00,0.00,0.00
02-13-2019,36.21,56.49,HOLD,0.00,0.00,0.00
02-12-2019,35.75,54.25,HOLD,0.00,0.00,0.00
02-11-2019,36.59,59.45,HOLD,0.00,0.00,0.00
02-08-2019,36.00,56.75,HOLD,0.00,0.00,0.00
02-07-2019,36.17,57.78,HOLD,0.00,0.00,0.00
02-06-2019,36.76,61.36,HOLD,0.00,0.00,0.00
02-05-2019,36.93,62.40,HOLD,0.00,0.00,0.00
02-04-2019,36.78,61.87,HOLD,0.00,0.00,0.00
02-01-2019,36.11,59.51,HOLD,0.00,0.00,0.00
01-31-2019,35.77,58.30,HOLD,0.00,0.00,0.00
01-30-2019,36.34,61.16,HOLD,0.00,0.00,0.00
01-29-2019,36.29,61.00,HOLD,0.00,0.00,0.00
01-28-2019,36.57,62.30,HOLD,0.00,0.00,0.00
01-25-2019,34.98,57.53,HOLD,0.00,0.00,0.00
01-24-2019,33.66,52.95,HOLD,0.00,0.00,0.00
01-23-2019,31.65,44.48,HOLD,0.00,0.00,0.00
01-22-2019,32.74,48.92,HOLD,0.00,0.00,0.00
01-18-2019,33.97,54.62,HOLD,0.00,0.00,0.00
01-17-2019,33.58,53.01,HOLD,0.00,0.00,0.00
01-16-2019,32.84,49.87,HOLD,0.00,0.00,0.00
01-15-2019,32.10,46.55,HOLD,0.00,0.00,0.00
01-14-2019,31.71,44.76,HOLD,0.00,0.00,0.00
01-11-2019,31.80,45.08,HOLD,0.00,0.00,0.00
01-10-2019,32.04,45.90,HOLD,0.00,0.00,0.00
01-09-2019,33.42,50.85,HOLD,0.00,0.00,0.00
01-08-2019,32.42,47.01,HOLD,0.00,0.00,0.00
01-07-2019,32.95,48.89,HOLD,0.00,0.00,0.00
01-04-2019,32.04,45.40,HOLD,0.00,0.00,0.00
01-03-2019,30.06,36.68,HOLD,0.00,0.00,0.00
01-02-2019,32.48,44.80,HOLD,0.00,0.00,0.00
12-31-2018,32.11,43.01,HOLD,0.00,0.00,0.00
12-28-2018,31.83,41.68,HOLD,0.00,0.00,0.00
12-27-2018,32.04,42.37,HOLD,0.00,0.00,0.00
12-26-2018,32.29,43.16,HOLD,0.00,0.00,0.00
12-24-2018,29.72,30.89,HOLD,0.00,0.00,0.00
12-21-2018,30.78,33.67,HOLD,0.00,0.00,0.00
12-20-2018,31.89,36.91,HOLD,0.00,0.00,0.00
12-19-2018,32.42,38.55,HOLD,0.00,0.00,0.00
12-18-2018,33.54,42.24,HOLD,0.00,0.00,0.00
12-17-2018,32.04,34.44,HOLD,0.00,0.00,0.00
12-14-2018,32.41,35.54,HOLD,0.00,0.00,0.00
12-13-2018,32.46,35.68,HOLD,0.00,0.00,0.00
12-12-2018,34.35,41.54,HOLD,0.00,0.00,0.00
12-11-2018,34.10,40.34,HOLD,0.00,0.00,0.00
12-10-2018,33.84,39.13,HOLD,0.00,0.00,0.00
12-07-2018,33.57,37.91,HOLD,0.00,0.00,0.00
12-06-2018,36.94,49.32,HOLD,0.00,0.00,0.00
12-04-2018,36.69,48.25,HOLD,0.00,0.00,0.00
12-03-2018,39.65,62.88,HOLD,0.00,0.00,0.00
11-30-2018,40.16,66.09,HOLD,0.00,0.00,0.00
11-29-2018,38.42,59.55,HOLD,0.00,0.00,0.00
11-28-2018,38.94,62.92,HOLD,0.00,0.00,0.00
11-27-2018,38.29,60.32,HOLD,0.00,0.00,0.00
11-26-2018,38.10,59.55,HOLD,0.00,0.00,0.00
11-23-2018,37.95,58.96,HOLD,0.00,0.00,0.00
11-21-2018,36.31,51.91,HOLD,0.00,0.00,0.00
11-20-2018,35.59,48.29,HOLD,0.00,0.00,0.00
11-19-2018,35.82,49.40,HOLD,0.00,0.00,0.00
11-16-2018,36.75,54.03,HOLD,0.00,0.00,0.00
11-15-2018,37.82,60.05,HOLD,0.00,0.00,0.00
11-14-2018,38.11,61.78,HOLD,0.00,0.00,0.00
11-13-2018,37.78,60.58,HOLD,0.00,0.00,0.00
11-12-2018,36.86,57.09,HOLD,0.00,0.00,0.00
11-09-2018,36.22,54.48,HOLD,0.00,0.00,0.00
11-08-2018,36.86,57.74,HOLD,0.00,0.00,0.00
11-07-2018,36.97,58.29,HOLD,0.00,0.00,0.00
11-06-2018,35.17,51.15,HOLD,0.00,0.00,0.00
11-05-2018,35.72,53.76,HOLD,0.00,0.00,0.00
11-02-2018,36.33,56.75,HOLD,0.00,0.00,0.00
11-01-2018,36.37,56.94,SELL,15.06,476.00,0.00
10-31-2018,35.08,52.07,HOLD,10.98,347.00,0.00
10-30-2018,34.66,50.37,HOLD,9.65,305.00,0.00
10-29-2018,32.60,40.83,HOLD,3.13,99.00,0.00
10-26-2018,32.46,40.10,HOLD,2.69,85.00,0.00
10-25-2018,32.37,39.66,HOLD,2.40,76.00,0.00
10-24-2018,30.34,28.62,HOLD,-4.02,0.00,-127.00
10-23-2018,32.38,34.51,HOLD,2.44,77.00,0.00
10-22-2018,32.16,33.13,HOLD,1.74,55.00,0.00
10-19-2018,32.04,32.41,HOLD,1.36,43.00,0.00
10-18-2018,32.06,32.46,HOLD,1.42,45.00,0.00
10-17-2018,33.57,36.77,HOLD,6.20,196.00,0.00
10-16-2018,33.28,35.24,HOLD,5.28,167.00,0.00
10-15-2018,31.78,26.71,HOLD,0.54,17.00,0.00
10-12-2018,30.91,21.11,HOLD,-2.21,0.00,-70.00
10-11-2018,31.27,21.75,HOLD,-1.08,0.00,-34.00
10-10-2018,31.61,22.34,BUY,0.00,,
10-09-2018,33.55,26.11,SELL,-14.17,0.00,-554.00
10-08-2018,35.90,32.22,HOLD,-8.16,0.00,-319.00
10-05-2018,36.44,33.91,HOLD,-6.78,0.00,-265.00
10-04-2018,37.92,39.15,HOLD,-2.99,0.00,-117.00
10-03-2018,38.80,42.81,HOLD,-0.74,0.00,-29.00
10-02-2018,38.50,41.07,HOLD,-1.51,0.00,-59.00
10-01-2018,39.61,45.86,HOLD,1.33,52.00,0.00
09-28-2018,41.33,55.12,HOLD,5.73,224.00,0.00
09-27-2018,41.50,56.16,HOLD,6.17,241.00,0.00
09-26-2018,41.04,53.98,HOLD,4.99,195.00,0.00
09-25-2018,40.81,52.89,HOLD,4.40,172.00,0.00
09-24-2018,41.98,59.54,HOLD,7.39,289.00,0.00
09-21-2018,43.60,71.04,HOLD,11.54,451.00,0.00
09-20-2018,41.89,64.28,HOLD,7.16,280.00,0.00
09-19-2018,41.60,62.91,HOLD,6.42,251.00,0.00
09-18-2018,40.79,58.84,HOLD,4.35,170.00,0.00
09-17-2018,40.32,56.25,HOLD,3.15,123.00,0.00
09-14-2018,39.74,52.85,HOLD,1.66,65.00,0.00
09-13-2018,39.48,51.28,HOLD,1.00,39.00,0.00
09-12-2018,39.26,49.97,HOLD,0.43,17.00,0.00
09-11-2018,40.18,55.81,HOLD,2.79,109.00,0.00
09-10-2018,39.43,51.52,HOLD,0.87,34.00,0.00
09-07-2018,38.43,44.89,HOLD,-1.69,0.00,-66.00
09-06-2018,38.48,45.18,HOLD,-1.56,0.00,-61.00
09-05-2018,39.67,52.60,HOLD,1.48,58.00,0.00
09-04-2018,40.77,61.24,HOLD,4.30,168.00,0.00
08-31-2018,40.48,59.61,HOLD,3.56,139.00,0.00
08-30-2018,40.40,59.18,HOLD,3.35,131.00,0.00
08-29-2018,40.50,59.93,HOLD,3.61,141.00,0.00
08-28-2018,40.69,61.31,HOLD,4.09,160.00,0.00
08-27-2018,39.52,55.45,HOLD,1.10,43.00,0.00
08-24-2018,38.82,51.35,HOLD,-0.69,0.00,-27.00
08-23-2018,38.83,51.42,HOLD,-0.67,0.00,-26.00
08-22-2018,39.19,53.60,HOLD,0.26,10.00,0.00
08-21-2018,40.33,61.27,HOLD,3.17,124.00,0.00
08-20-2018,39.99,59.67,HOLD,2.30,90.00,0.00
08-17-2018,37.79,46.39,HOLD,-3.33,0.00,-130.00
08-16-2018,38.16,48.91,HOLD,-2.38,0.00,-93.00
08-15-2018,37.44,43.36,HOLD,-4.22,0.00,-165.00
08-14-2018,37.09,40.44,HOLD,-5.12,0.00,-200.00
08-13-2018,36.79,37.90,HOLD,-5.88,0.00,-230.00
08-10-2018,37.26,40.41,HOLD,-4.68,0.00,-183.00
08-09-2018,37.92,44.24,HOLD,-2.99,0.00,-117.00
08-08-2018,38.38,47.12,HOLD,-1.82,0.00,-71.00
08-07-2018,38.26,46.27,HOLD,-2.12,0.00,-83.00
08-06-2018,38.41,47.15,HOLD,-1.74,0.00,-68.00
08-03-2018,38.42,47.21,HOLD,-1.71,0.00,-67.00
08-02-2018,37.93,44.22,HOLD,-2.97,0.00,-116.00
08-01-2018,38.14,45.24,HOLD,-2.43,0.00,-95.00
07-31-2018,39.54,52.77,HOLD,1.15,45.00,0.00
07-30-2018,38.97,49.60,HOLD,-0.31,0.00,-12.00
07-27-2018,39.69,53.84,HOLD,1.53,60.00,0.00
07-26-2018,40.02,55.87,HOLD,2.38,93.00,0.00
07-25-2018,38.19,45.22,HOLD,-2.30,0.00,-90.00
07-24-2018,37.45,39.76,HOLD,-4.20,0.00,-164.00
07-23-2018,38.04,42.92,HOLD,-2.69,0.00,-105.00
07-20-2018,37.88,41.76,HOLD,-3.10,0.00,-121.00
07-19-2018,38.13,43.03,HOLD,-2.46,0.00,-96.00
07-18-2018,38.37,44.24,HOLD,-1.84,0.00,-72.00
07-17-2018,37.38,37.52,HOLD,-4.37,0.00,-171.00
07-16-2018,37.28,36.81,HOLD,-4.63,0.00,-181.00
07-13-2018,37.12,35.72,HOLD,-5.04,0.00,-197.00
07-12-2018,36.33,30.19,HOLD,-7.06,0.00,-276.00
07-11-2018,35.96,27.48,HOLD,-8.01,0.00,-313.00
07-10-2018,39.12,39.72,HOLD,0.08,3.00,0.00
07-09-2018,39.31,40.73,HOLD,0.56,22.00,0.00
07-06-2018,38.09,30.10,HOLD,-2.56,0.00,-100.00
07-05-2018,37.99,29.13,HOLD,-2.81,0.00,-110.00
07-03-2018,37.75,26.88,HOLD,-3.43,0.00,-134.00
07-02-2018,38.36,29.06,HOLD,-1.87,0.00,-73.00
06-29-2018,37.96,25.37,HOLD,-2.89,0.00,-113.00
06-28-2018,38.20,26.12,HOLD,-2.28,0.00,-89.00
06-27-2018,38.26,26.31,HOLD,-2.12,0.00,-83.00
06-26-2018,39.09,28.90,BUY,0.00,,
06-25-2018,39.68,30.91,SELL,-12.60,0.00,-572.00
06-22-2018,41.35,37.81,HOLD,-8.92,0.00,-405.00
06-21-2018,41.49,38.48,HOLD,-8.61,0.00,-391.00
06-20-2018,42.03,41.09,HOLD,-7.42,0.00,-337.00
06-19-2018,41.51,37.29,HOLD,-8.57,0.00,-389.00
06-18-2018,42.44,41.76,HOLD,-6.52,0.00,-296.00
06-15-2018,42.77,43.48,HOLD,-5.79,0.00,-263.00
06-14-2018,43.08,45.10,HOLD,-5.11,0.00,-232.00
06-13-2018,42.92,44.10,HOLD,-5.46,0.00,-248.00
06-12-2018,43.41,46.50,HOLD,-4.38,0.00,-199.00
06-11-2018,44.16,50.40,HOLD,-2.73,0.00,-124.00
06-08-2018,43.11,44.33,HOLD,-5.04,0.00,-229.00
06-07-2018,43.84,48.14,HOLD,-3.44,0.00,-156.00
06-06-2018,44.19,50.05,HOLD,-2.67,0.00,-121.00
06-05-2018,44.18,50.00,HOLD,-2.69,0.00,-122.00
06-04-2018,44.86,53.56,HOLD,-1.19,0.00,-54.00
06-01-2018,44.00,49.32,HOLD,-3.08,0.00,-140.00
05-31-2018,43.54,46.91,HOLD,-4.10,0.00,-186.00
05-30-2018,43.30,45.65,HOLD,-4.63,0.00,-210.00
05-29-2018,43.59,46.89,HOLD,-3.99,0.00,-181.00
05-25-2018,44.91,52.98,HOLD,-1.08,0.00,-49.00
05-24-2018,43.56,46.37,HOLD,-4.05,0.00,-184.00
05-23-2018,42.80,42.11,HOLD,-5.73,0.00,-260.00
05-22-2018,42.88,42.44,HOLD,-5.55,0.00,-252.00
05-21-2018,44.28,48.62,HOLD,-2.47,0.00,-112.00
05-18-2018,43.38,43.73,HOLD,-4.45,0.00,-202.00
05-17-2018,43.63,44.83,HOLD,-3.90,0.00,-177.00
05-16-2018,44.06,46.71,HOLD,-2.95,0.00,-134.00
05-15-2018,43.19,42.16,HOLD,-4.87,0.00,-221.00
05-14-2018,42.46,38.04,HOLD,-6.48,0.00,-294.00
05-11-2018,42.60,38.53,HOLD,-6.17,0.00,-280.00
05-10-2018,42.04,35.45,HOLD,-7.40,0.00,-336.00
05-09-2018,41.50,32.41,HOLD,-8.59,0.00,-390.00
05-08-2018,43.00,36.88,HOLD,-5.29,0.00,-240.00
05-07-2018,42.44,33.71,HOLD,-6.52,0.00,-296.00
05-04-2018,42.86,34.94,HOLD,-5.59,0.00,-254.00
05-03-2018,42.11,30.78,HOLD,-7.25,0.00,-329.00
05-02-2018,42.24,31.10,HOLD,-6.96,0.00,-316.00
05-01-2018,43.36,33.92,HOLD,-4.49,0.00,-204.00
04-30-2018,42.93,31.71,HOLD,-5.44,0.00,-247.00
04-27-2018,43.40,32.82,HOLD,-4.41,0.00,-200.00
04-26-2018,42.37,27.65,HOLD,-6.67,0.00,-303.00
04-25-2018,45.25,34.56,HOLD,-0.33,0.00,-15.00
04-24-2018,45.69,35.83,HOLD,0.64,29.00,0.00
04-23-2018,46.68,38.80,HOLD,2.82,128.00,0.00
04-20-2018,46.78,39.11,HOLD,3.04,138.00,0.00
04-19-2018,46.88,39.40,HOLD,3.26,148.00,0.00
04-18-2018,47.76,41.91,HOLD,5.20,236.00,0.00
04-17-2018,45.75,32.81,HOLD,0.77,35.00,0.00
04-16-2018,46.40,34.43,HOLD,2.20,100.00,0.00
04-13-2018,45.87,31.88,HOLD,1.04,47.00,0.00
04-12-2018,46.57,33.48,HOLD,2.58,117.00,0.00
04-11-2018,45.40,27.88,BUY,0.00,,
04-10-2018,47.46,32.33,HOLD,0.00,0.00,0.00
04-09-2018,49.82,38.93,HOLD,0.00,0.00,0.00
04-06-2018,50.29,40.46,HOLD,0.00,0.00,0.00
04-05-2018,52.14,47.25,HOLD,0.00,0.00,0.00
04-04-2018,52.04,46.80,HOLD,0.00,0.00,0.00
04-03-2018,51.47,44.30,HOLD,0.00,0.00,0.00
04-02-2018,49.78,36.01,HOLD,0.00,0.00,0.00
03-29-2018,51.96,43.82,HOLD,0.00,0.00,0.00
03-28-2018,50.85,37.40,HOLD,0.00,0.00,0.00
03-27-2018,50.90,37.58,HOLD,0.00,0.00,0.00
03-26-2018,51.86,41.10,HOLD,0.00,0.00,0.00
03-23-2018,51.01,36.19,HOLD,0.00,0.00,0.00
03-22-2018,52.31,41.05,HOLD,0.00,0.00,0.00
03-21-2018,54.09,49.50,HOLD,0.00,0.00,0.00
03-20-2018,55.32,57.03,HOLD,0.00,0.00,0.00
03-19-2018,54.62,53.27,HOLD,0.00,0.00,0.00
03-16-2018,55.40,58.57,HOLD,0.00,0.00,0.00
03-15-2018,55.17,57.41,HOLD,0.00,0.00,0.00
03-14-2018,55.28,58.13,HOLD,0.00,0.00,0.00
03-13-2018,56.23,64.66,HOLD,0.00,0.00,0.00
03-12-2018,56.50,66.63,HOLD,0.00,0.00,0.00
03-09-2018,56.07,65.06,HOLD,0.00,0.00,0.00
03-08-2018,54.79,59.80,HOLD,0.00,0.00,0.00
03-07-2018,54.11,56.58,HOLD,0.00,0.00,0.00
03-06-2018,53.57,53.85,HOLD,0.00,0.00,0.00
03-05-2018,53.19,51.88,HOLD,0.00,0.00,0.00
03-02-2018,53.18,51.83,HOLD,0.00,0.00,0.00
03-01-2018,53.48,53.38,HOLD,0.00,0.00,0.00
02-28-2018,54.25,57.50,HOLD,0.00,0.00,0.00
02-27-2018,54.26,57.55,HOLD,0.00,0.00,0.00
02-26-2018,55.00,61.49,HOLD,0.00,0.00,0.00
02-23-2018,53.39,55.32,HOLD,0.00,0.00,0.00
02-22-2018,52.98,53.56,HOLD,0.00,0.00,0.00
02-21-2018,52.78,52.72,HOLD,0.00,0.00,0.00
02-20-2018,51.72,48.08,HOLD,0.00,0.00,0.00
02-16-2018,51.58,47.44,HOLD,0.00,0.00,0.00
02-15-2018,51.67,47.79,HOLD,0.00,0.00,0.00
02-14-2018,51.07,45.31,HOLD,0.00,0.00,0.00
02-13-2018,50.87,44.50,HOLD,0.00,0.00,0.00
02-12-2018,50.09,41.33,HOLD,0.00,0.00,0.00
02-09-2018,48.36,33.51,HOLD,0.00,0.00,0.00
02-08-2018,48.60,34.09,HOLD,0.00,0.00,0.00
02-07-2018,51.40,42.05,HOLD,0.00,0.00,0.00
02-06-2018,51.18,41.05,HOLD,0.00,0.00,0.00
02-05-2018,49.76,34.21,HOLD,0.00,0.00,0.00
02-02-2018,52.10,41.59,HOLD,0.00,0.00,0.00
02-01-2018,53.88,49.06,HOLD,0.00,0.00,0.00
01-31-2018,54.32,51.17,HOLD,0.00,0.00,0.00
01-30-2018,52.59,42.07,HOLD,0.00,0.00,0.00
01-29-2018,52.68,42.46,HOLD,0.00,0.00,0.00
01-26-2018,53.07,44.07,HOLD,0.00,0.00,0.00
01-25-2018,53.05,43.96,HOLD,0.00,0.00,0.00
01-24-2018,54.79,51.49,HOLD,0.00,0.00,0.00
01-23-2018,58.29,75.67,HOLD,0.00,0.00,0.00
01-22-2018,58.10,75.08,HOLD,0.00,0.00,0.00
01-19-2018,58.06,74.97,HOLD,0.00,0.00,0.00
01-18-2018,58.34,77.36,HOLD,0.00,0.00,0.00
01-17-2018,58.16,76.92,HOLD,0.00,0.00,0.00
01-16-2018,57.98,76.50,HOLD,0.00,0.00,0.00
01-12-2018,58.47,80.22,HOLD,0.00,0.00,0.00
01-11-2018,56.42,75.61,HOLD,0.00,0.00,0.00
01-10-2018,53.78,66.15,HOLD,0.00,0.00,0.00
01-09-2018,52.08,55.93,HOLD,0.00,0.00,0.00
01-08-2018,52.13,56.40,HOLD,0.00,0.00,0.00
01-05-2018,52.65,61.32,HOLD,0.00,0.00,0.00
01-04-2018,52.67,61.51,HOLD,0.00,0.00,0.00
01-03-2018,52.34,59.57,HOLD,0.00,0.00,0.00
01-02-2018,52.99,65.61,HOLD,0.00,0.00,0.00
12-29-2017,52.03,60.06,HOLD,0.00,0.00,0.00
12-28-2017,52.46,64.38,HOLD,0.00,0.00,0.00
12-27-2017,52.40,64.05,HOLD,0.00,0.00,0.00
12-26-2017,52.85,68.54,HOLD,0.00,0.00,0.00
12-22-2017,52.59,67.31,HOLD,0.00,0.00,0.00
12-21-2017,52.79,69.24,HOLD,0.00,0.00,0.00
12-20-2017,51.92,65.20,HOLD,0.00,0.00,0.00
12-19-2017,51.44,62.69,HOLD,0.00,0.00,0.00
12-18-2017,51.49,63.14,HOLD,0.00,0.00,0.00
12-15-2017,51.06,60.94,HOLD,0.00,0.00,0.00
12-14-2017,50.21,56.16,HOLD,0.00,0.00,0.00
12-13-2017,50.09,55.45,HOLD,0.00,0.00,0.00
12-12-2017,50.47,58.24,HOLD,0.00,0.00,0.00
12-11-2017,51.30,64.87,HOLD,0.00,0.00,0.00
12-08-2017,51.02,63.57,HOLD,0.00,0.00,0.00
12-07-2017,50.88,62.94,HOLD,0.00,0.00,0.00
12-06-2017,49.61,56.54,HOLD,0.00,0.00,0.00
12-05-2017,49.47,55.76,HOLD,0.00,0.00,0.00
12-04-2017,49.93,59.00,HOLD,0.00,0.00,0.00
12-01-2017,49.00,53.99,HOLD,0.00,0.00,0.00
11-30-2017,50.49,65.98,HOLD,0.00,0.00,0.00
11-29-2017,49.25,58.93,HOLD,0.00,0.00,0.00
11-28-2017,49.22,58.74,HOLD,0.00,0.00,0.00
11-27-2017,48.42,53.33,HOLD,0.00,0.00,0.00
11-24-2017,48.56,54.49,HOLD,0.00,0.00,0.00
11-22-2017,48.66,55.29,HOLD,0.00,0.00,0.00
11-21-2017,48.65,55.23,HOLD,0.00,0.00,0.00
11-20-2017,47.69,49.04,HOLD,0.00,0.00,0.00
11-17-2017,47.39,46.91,HOLD,0.00,0.00,0.00
11-16-2017,47.68,48.74,HOLD,0.00,0.00,0.00
11-15-2017,47.19,45.40,HOLD,0.00,0.00,0.00
11-14-2017,45.81,34.21,HOLD,0.00,0.00,0.00
11-13-2017,45.74,33.56,HOLD,0.00,0.00,0.00
11-10-2017,45.82,33.92,HOLD,0.00,0.00,0.00
11-09-2017,45.77,33.51,HOLD,0.00,0.00,0.00
11-08-2017,46.37,35.96,HOLD,0.00,0.00,0.00
11-07-2017,46.46,36.33,HOLD,0.00,0.00,0.00
11-06-2017,47.51,40.88,HOLD,0.00,0.00,0.00
11-03-2017,47.45,40.48,HOLD,0.00,0.00,0.00
11-02-2017,47.36,39.92,HOLD,0.00,0.00,0.00
11-01-2017,47.84,41.88,HOLD,0.00,0.00,0.00
10-31-2017,46.82,35.67,HOLD,0.00,0.00,0.00
10-30-2017,47.25,37.23,HOLD,0.00,0.00,0.00
10-27-2017,47.56,38.35,HOLD,0.00,0.00,0.00
10-26-2017,48.61,42.35,HOLD,0.00,0.00,0.00
10-25-2017,51.02,54.48,HOLD,0.00,0.00,0.00
10-24-2017,51.95,60.71,HOLD,0.00,0.00,0.00
10-23-2017,50.98,55.81,HOLD,0.00,0.00,0.00
10-20-2017,51.93,62.94,HOLD,0.00,0.00,0.00
10-19-2017,51.51,60.89,HOLD,0.00,0.00,0.00
10-18-2017,52.03,65.03,HOLD,0.00,0.00,0.00
10-17-2017,52.07,65.35,HOLD,0.00,0.00,0.00
10-16-2017,52.27,66.86,HOLD,0.00,0.00,0.00
10-13-2017,52.70,70.10,HOLD,0.00,0.00,0.00
10-12-2017,52.65,69.94,HOLD,0.00,0.00,0.00
10-11-2017,52.83,71.20,HOLD,0.00,0.00,0.00
10-10-2017,53.03,72.54,SELL,15.21,700.00,0.00
10-09-2017,50.60,65.13,HOLD,9.93,457.00,0.00
10-06-2017,51.30,70.19,HOLD,11.45,527.00,0.00
10-05-2017,50.56,67.73,HOLD,9.84,453.00,0.00
10-04-2017,50.73,68.95,HOLD,10.21,470.00,0.00
10-03-2017,50.51,68.26,HOLD,9.73,448.00,0.00
10-02-2017,47.73,57.20,HOLD,3.69,170.00,0.00
09-29-2017,47.49,55.97,HOLD,3.17,146.00,0.00
09-28-2017,47.49,55.97,HOLD,3.17,146.00,0.00
09-27-2017,46.85,52.85,HOLD,1.78,82.00,0.00
09-26-2017,47.58,57.13,HOLD,3.37,155.00,0.00
09-25-2017,47.70,57.85,HOLD,3.63,167.00,0.00
09-22-2017,47.06,55.06,HOLD,2.24,103.00,0.00
09-21-2017,46.29,51.48,HOLD,0.56,26.00,0.00
09-20-2017,45.42,47.05,HOLD,-1.33,0.00,-61.00
09-19-2017,44.38,41.07,HOLD,-3.58,0.00,-165.00
09-18-2017,45.31,45.32,HOLD,-1.56,0.00,-72.00
09-15-2017,46.00,48.79,HOLD,-0.07,0.00,-3.00
09-14-2017,46.19,49.77,HOLD,0.35,16.00,0.00
09-13-2017,47.00,54.05,HOLD,2.11,97.00,0.00
09-12-2017,46.29,50.59,HOLD,0.56,26.00,0.00
09-11-2017,45.86,48.41,HOLD,-0.37,0.00,-17.00
09-08-2017,43.60,34.23,HOLD,-5.28,0.00,-243.00
09-07-2017,43.84,35.18,HOLD,-4.76,0.00,-219.00
09-06-2017,44.31,37.06,HOLD,-3.74,0.00,-172.00
09-05-2017,43.92,34.36,HOLD,-4.58,0.00,-211.00
09-01-2017,45.31,40.04,HOLD,-1.56,0.00,-72.00
08-31-2017,44.74,36.01,HOLD,-2.80,0.00,-129.00
08-30-2017,44.32,32.93,HOLD,-3.71,0.00,-171.00
08-29-2017,44.56,33.79,HOLD,-3.19,0.00,-147.00
08-28-2017,44.95,35.18,HOLD,-2.35,0.00,-108.00
08-25-2017,45.25,36.25,HOLD,-1.69,0.00,-78.00
08-24-2017,42.92,18.39,HOLD,-6.76,0.00,-311.00
08-23-2017,43.97,20.83,HOLD,-4.48,0.00,-206.00
08-22-2017,45.41,25.07,HOLD,-1.35,0.00,-62.00
08-21-2017,45.71,26.10,HOLD,-0.70,0.00,-32.00
08-18-2017,45.55,24.57,HOLD,-1.04,0.00,-48.00
08-17-2017,46.03,26.07,BUY,0.00,,
08-16-2017,48.41,36.32,HOLD,0.00,0.00,0.00
08-15-2017,48.52,36.94,HOLD,0.00,0.00,0.00
08-14-2017,48.81,38.56,HOLD,0.00,0.00,0.00
08-11-2017,48.35,34.32,HOLD,0.00,0.00,0.00
08-10-2017,48.55,35.31,HOLD,0.00,0.00,0.00
08-09-2017,49.40,39.81,HOLD,0.00,0.00,0.00
08-08-2017,50.00,43.44,HOLD,0.00,0.00,0.00
08-07-2017,50.58,47.32,HOLD,0.00,0.00,0.00
08-04-2017,50.80,48.85,HOLD,0.00,0.00,0.00
08-03-2017,50.55,47.04,HOLD,0.00,0.00,0.00
08-02-2017,50.45,46.33,HOLD,0.00,0.00,0.00
08-01-2017,51.06,50.12,HOLD,0.00,0.00,0.00
07-31-2017,50.44,45.95,HOLD,0.00,0.00,0.00
07-28-2017,50.49,46.24,HOLD,0.00,0.00,0.00
07-27-2017,50.00,42.97,HOLD,0.00,0.00,0.00
07-26-2017,51.01,48.63,HOLD,0.00,0.00,0.00
07-25-2017,50.61,46.02,HOLD,0.00,0.00,0.00
07-24-2017,51.28,49.98,HOLD,0.00,0.00,0.00
07-21-2017,51.91,54.03,HOLD,0.00,0.00,0.00
07-20-2017,52.34,56.96,HOLD,0.00,0.00,0.00
07-19-2017,52.61,58.82,HOLD,0.00,0.00,0.00
07-18-2017,53.15,62.62,HOLD,0.00,0.00,0.00
07-17-2017,53.87,68.06,HOLD,0.00,0.00,0.00
07-14-2017,54.22,70.84,HOLD,0.00,0.00,0.00
07-13-2017,53.81,69.48,HOLD,0.00,0.00,0.00
07-12-2017,53.80,69.45,HOLD,0.00,0.00,0.00
07-11-2017,51.61,61.12,HOLD,0.00,0.00,0.00
07-10-2017,52.66,69.57,HOLD,0.00,0.00,0.00
07-07-2017,53.03,72.86,HOLD,0.00,0.00,0.00
07-06-2017,52.05,69.29,HOLD,0.00,0.00,0.00
07-05-2017,51.26,65.92,HOLD,0.00,0.00,0.00
07-03-2017,50.39,61.63,HOLD,0.00,0.00,0.00
06-30-2017,50.32,61.27,HOLD,0.00,0.00,0.00
06-29-2017,49.62,57.52,HOLD,0.00,0.00,0.00
06-28-2017,49.25,55.40,HOLD,0.00,0.00,0.00
06-27-2017,48.50,50.78,HOLD,0.00,0.00,0.00
06-26-2017,48.78,52.67,HOLD,0.00,0.00,0.00
06-23-2017,48.63,51.77,HOLD,0.00,0.00,0.00
06-22-2017,48.97,53.92,HOLD,0.00,0.00,0.00
06-21-2017,48.43,50.92,HOLD,0.00,0.00,0.00
06-20-2017,48.03,48.62,HOLD,0.00,0.00,0.00
06-19-2017,49.66,59.09,HOLD,0.00,0.00,0.00
06-16-2017,48.79,54.21,HOLD,0.00,0.00,0.00
06-15-2017,49.11,56.51,HOLD,0.00,0.00,0.00
06-14-2017,49.39,58.53,HOLD,0.00,0.00,0.00
06-13-2017,49.45,58.95,HOLD,0.00,0.00,0.00
06-12-2017,49.48,59.15,HOLD,0.00,0.00,0.00
06-09-2017,50.27,64.41,HOLD,0.00,0.00,0.00
06-08-2017,51.43,73.30,HOLD,0.00,0.00,0.00
06-07-2017,50.86,71.50,HOLD,0.00,0.00,0.00
06-06-2017,49.74,67.52,HOLD,0.00,0.00,0.00
06-05-2017,49.74,67.52,HOLD,0.00,0.00,0.00
06-02-2017,49.52,66.73,HOLD,0.00,0.00,0.00
06-01-2017,49.05,65.05,HOLD,0.00,0.00,0.00
05-31-2017,48.41,62.67,HOLD,0.00,0.00,0.00
05-30-2017,47.96,60.93,HOLD,0.00,0.00,0.00
05-26-2017,48.74,65.87,HOLD,0.00,0.00,0.00
05-25-2017,48.02,63.32,HOLD,0.00,0.00,0.00
05-24-2017,46.77,58.30,HOLD,0.00,0.00,0.00
05-23-2017,46.66,57.82,HOLD,0.00,0.00,0.00
05-22-2017,46.21,55.93,HOLD,0.00,0.00,0.00
05-19-2017,45.22,51.47,HOLD,0.00,0.00,0.00
05-18-2017,44.65,48.70,HOLD,0.00,0.00,0.00
05-17-2017,44.92,49.95,HOLD,0.00,0.00,0.00
05-16-2017,46.94,60.85,HOLD,0.00,0.00,0.00
05-15-2017,46.68,59.80,HOLD,0.00,0.00,0.00
05-12-2017,45.83,56.25,HOLD,0.00,0.00,0.00
05-11-2017,46.54,60.39,HOLD,0.00,0.00,0.00
05-10-2017,47.30,65.17,HOLD,0.00,0.00,0.00
05-09-2017,47.08,64.41,SELL,14.24,587.00,0.00
05-08-2017,44.94,55.73,HOLD,9.05,373.00,0.00
05-05-2017,44.51,53.62,HOLD,8.01,330.00,0.00
05-04-2017,43.91,50.57,HOLD,6.55,270.00,0.00
05-03-2017,43.92,50.62,HOLD,6.58,271.00,0.00
05-02-2017,43.87,50.38,HOLD,6.45,266.00,0.00
05-01-2017,42.08,41.06,HOLD,2.11,87.00,0.00
04-28-2017,42.62,43.34,HOLD,3.42,141.00,0.00
04-27-2017,43.98,49.82,HOLD,6.72,277.00,0.00
04-26-2017,46.40,66.13,HOLD,12.59,519.00,0.00
04-25-2017,46.61,67.92,HOLD,13.10,540.00,0.00
04-24-2017,46.44,67.26,HOLD,12.69,523.00,0.00
04-21-2017,45.15,61.63,HOLD,9.56,394.00,0.00
04-20-2017,45.22,62.17,HOLD,9.73,401.00,0.00
04-19-2017,44.40,58.20,HOLD,7.74,319.00,0.00
04-18-2017,43.81,55.05,HOLD,6.31,260.00,0.00
04-17-2017,44.23,57.94,HOLD,7.33,302.00,0.00
04-13-2017,43.35,53.16,HOLD,5.19,214.00,0.00
04-12-2017,43.96,57.35,HOLD,6.67,275.00,0.00
04-11-2017,43.93,57.20,HOLD,6.60,272.00,0.00
04-10-2017,42.32,47.79,HOLD,2.69,111.00,0.00
04-07-2017,41.81,44.19,HOLD,1.46,60.00,0.00
04-06-2017,41.72,43.55,HOLD,1.24,51.00,0.00
04-05-2017,41.31,40.67,HOLD,0.24,10.00,0.00
04-04-2017,40.90,37.73,HOLD,-0.75,0.00,-31.00
04-03-2017,42.45,45.69,HOLD,3.01,124.00,0.00
03-31-2017,42.30,44.64,HOLD,2.64,109.00,0.00
03-30-2017,42.54,45.96,HOLD,3.23,133.00,0.00
03-29-2017,41.96,42.12,HOLD,1.82,75.00,0.00
03-28-2017,42.60,45.43,HOLD,3.37,139.00,0.00
03-27-2017,41.74,39.50,HOLD,1.29,53.00,0.00
03-24-2017,41.73,39.43,HOLD,1.26,52.00,0.00
03-23-2017,41.41,37.24,HOLD,0.49,20.00,0.00
03-22-2017,40.35,29.39,HOLD,-2.09,0.00,-86.00
03-21-2017,40.42,29.61,HOLD,-1.92,0.00,-79.00
03-20-2017,41.70,34.09,HOLD,1.19,49.00,0.00
03-17-2017,41.72,34.16,HOLD,1.24,51.00,0.00
03-16-2017,42.13,35.65,HOLD,2.23,92.00,0.00
03-15-2017,42.09,35.40,HOLD,2.14,88.00,0.00
03-14-2017,41.21,29.70,BUY,0.00,,
03-13-2017,42.37,33.29,HOLD,0.00,0.00,0.00
03-10-2017,43.90,39.09,HOLD,0.00,0.00,0.00
03-09-2017,43.33,35.19,HOLD,0.00,0.00,0.00
03-08-2017,44.89,42.04,HOLD,0.00,0.00,0.00
03-07-2017,44.84,41.70,HOLD,0.00,0.00,0.00
03-06-2017,45.31,43.93,HOLD,0.00,0.00,0.00
03-03-2017,46.82,52.29,HOLD,0.00,0.00,0.00
03-02-2017,45.72,45.24,HOLD,0.00,0.00,0.00
03-01-2017,47.09,54.57,HOLD,0.00,0.00,0.00
02-28-2017,46.36,49.41,HOLD,0.00,0.00,0.00
02-27-2017,46.32,49.12,HOLD,0.00,0.00,0.00
02-24-2017,46.28,48.84,HOLD,0.00,0.00,0.00
02-23-2017,46.10,47.65,HOLD,0.00,0.00,0.00
02-22-2017,46.32,48.94,HOLD,0.00,0.00,0.00
02-21-2017,46.81,51.84,HOLD,0.00,0.00,0.00
02-17-2017,46.91,52.43,HOLD,0.00,0.00,0.00
02-16-2017,46.97,52.76,HOLD,0.00,0.00,0.00
02-15-2017,47.54,55.90,HOLD,0.00,0.00,0.00
02-14-2017,46.57,51.33,HOLD,0.00,0.00,0.00
02-13-2017,47.41,56.00,HOLD,0.00,0.00,0.00
02-10-2017,46.45,51.29,HOLD,0.00,0.00,0.00
02-09-2017,46.30,50.52,HOLD,0.00,0.00,0.00
02-08-2017,45.06,43.72,HOLD,0.00,0.00,0.00
02-07-2017,45.17,44.22,HOLD,0.00,0.00,0.00
02-06-2017,45.30,44.78,HOLD,0.00,0.00,0.00
02-03-2017,44.20,38.64,HOLD,0.00,0.00,0.00
02-02-2017,44.01,37.53,HOLD,0.00,0.00,0.00
02-01-2017,44.05,37.66,HOLD,0.00,0.00,0.00
01-31-2017,44.25,38.30,HOLD,0.00,0.00,0.00
01-30-2017,44.90,40.34,HOLD,0.00,0.00,0.00
01-27-2017,46.95,47.83,HOLD,0.00,0.00,0.00
01-26-2017,49.59,61.49,HOLD,0.00,0.00,0.00
01-25-2017,47.91,53.67,HOLD,0.00,0.00,0.00
01-24-2017,47.54,51.67,HOLD,0.00,0.00,0.00
01-23-2017,46.94,48.30,HOLD,0.00,0.00,0.00
01-20-2017,48.00,54.54,HOLD,0.00,0.00,0.00
01-19-2017,47.26,50.38,HOLD,0.00,0.00,0.00
01-18-2017,47.64,52.68,HOLD,0.00,0.00,0.00
01-17-2017,46.75,47.48,HOLD,0.00,0.00,0.00
01-13-2017,47.65,52.94,HOLD,0.00,0.00,0.00
01-12-2017,48.10,55.93,HOLD,0.00,0.00,0.00
01-11-2017,48.64,59.69,HOLD,0.00,0.00,0.00
01-10-2017,48.48,58.93,HOLD,0.00,0.00,0.00
01-09-2017,47.08,51.51,HOLD,0.00,0.00,0.00
01-06-2017,46.21,45.87,HOLD,0.00,0.00,0.00
01-05-2017,45.89,43.63,HOLD,0.00,0.00,0.00
01-04-2017,46.70,48.33,HOLD,0.00,0.00,0.00
01-03-2017,46.30,45.65,HOLD,0.00,0.00,0.00
12-30-2016,46.69,47.90,HOLD,0.00,0.00,0.00
12-29-2016,47.25,51.28,HOLD,0.00,0.00,0.00
12-28-2016,47.67,53.92,HOLD,0.00,0.00,0.00
12-27-2016,48.61,60.40,HOLD,0.00,0.00,0.00
12-23-2016,48.48,59.78,HOLD,0.00,0.00,0.00
12-22-2016,48.69,61.22,HOLD,0.00,0.00,0.00
12-21-2016,49.47,66.76,HOLD,0.00,0.00,0.00
12-20-2016,49.22,65.84,HOLD,0.00,0.00,0.00
12-19-2016,48.58,63.43,HOLD,0.00,0.00,0.00
12-16-2016,47.63,59.50,HOLD,0.00,0.00,0.00
12-15-2016,48.30,64.01,HOLD,0.00,0.00,0.00
12-14-2016,47.92,62.51,HOLD,0.00,0.00,0.00
12-13-2016,47.84,62.20,HOLD,0.00,0.00,0.00
12-12-2016,47.59,61.28,HOLD,0.00,0.00,0.00
12-09-2016,49.64,75.23,HOLD,0.00,0.00,0.00
12-08-2016,48.05,70.37,HOLD,0.00,0.00,0.00
12-07-2016,48.65,75.56,HOLD,0.00,0.00,0.00
12-06-2016,46.43,67.27,HOLD,0.00,0.00,0.00
12-05-2016,45.72,63.60,HOLD,0.00,0.00,0.00
12-02-2016,46.10,67.35,HOLD,0.00,0.00,0.00
12-01-2016,45.75,65.62,HOLD,0.00,0.00,0.00
11-30-2016,46.44,72.69,HOLD,0.00,0.00,0.00
11-29-2016,46.89,77.76,HOLD,0.00,0.00,0.00
11-28-2016,46.50,76.44,HOLD,0.00,0.00,0.00
11-25-2016,46.82,80.07,HOLD,0.00,0.00,0.00
11-23-2016,46.34,78.65,HOLD,0.00,0.00,0.00
11-22-2016,46.08,77.87,HOLD,0.00,0.00,0.00
11-21-2016,46.08,77.87,HOLD,0.00,0.00,0.00
11-18-2016,46.26,79.62,HOLD,0.00,0.00,0.00
11-17-2016,45.83,78.55,HOLD,0.00,0.00,0.00
11-16-2016,44.45,74.55,HOLD,0.00,0.00,0.00
11-15-2016,44.76,77.57,HOLD,0.00,0.00,0.00
11-14-2016,43.40,73.15,HOLD,0.00,0.00,0.00
11-11-2016,42.93,71.34,HOLD,0.00,0.00,0.00
11-10-2016,42.30,68.71,HOLD,0.00,0.00,0.00
11-09-2016,42.41,69.74,HOLD,0.00,0.00,0.00
11-08-2016,41.70,66.74,HOLD,0.00,0.00,0.00
11-07-2016,41.49,65.80,HOLD,0.00,0.00,0.00
11-04-2016,39.74,56.31,HOLD,0.00,0.00,0.00
11-03-2016,39.38,53.87,HOLD,0.00,0.00,0.00
11-02-2016,39.71,56.56,HOLD,0.00,0.00,0.00
11-01-2016,39.80,57.29,HOLD,0.00,0.00,0.00
10-31-2016,40.60,64.07,HOLD,0.00,0.00,0.00
10-28-2016,40.06,61.19,HOLD,0.00,0.00,0.00
10-27-2016,39.91,60.37,HOLD,0.00,0.00,0.00
10-26-2016,39.32,57.06,HOLD,0.00,0.00,0.00
10-25-2016,39.69,59.98,HOLD,0.00,0.00,0.00
10-24-2016,39.83,61.08,HOLD,0.00,0.00,0.00
10-21-2016,39.90,61.60,HOLD,0.00,0.00,0.00
10-20-2016,40.59,66.85,HOLD,0.00,0.00,0.00
10-19-2016,40.63,67.16,HOLD,0.00,0.00,0.00
10-18-2016,39.35,61.95,HOLD,0.00,0.00,0.00
10-17-2016,38.58,58.25,HOLD,0.00,0.00,0.00
10-14-2016,38.65,58.73,HOLD,0.00,0.00,0.00
10-13-2016,39.24,62.80,HOLD,0.00,0.00,0.00
10-12-2016,37.38,53.34,HOLD,0.00,0.00,0.00
10-11-2016,38.20,59.54,HOLD,0.00,0.00,0.00
10-10-2016,38.89,65.48,HOLD,0.00,0.00,0.00
10-07-2016,37.73,59.11,HOLD,0.00,0.00,0.00
10-06-2016,38.17,63.22,HOLD,0.00,0.00,0.00
10-05-2016,37.87,61.52,HOLD,0.00,0.00,0.00
10-04-2016,37.63,60.16,HOLD,0.00,0.00,0.00
10-03-2016,37.70,60.74,HOLD,0.00,0.00,0.00
09-30-2016,36.61,54.35,HOLD,0.00,0.00,0.00
09-29-2016,35.82,48.73,HOLD,0.00,0.00,0.00
09-28-2016,35.84,48.87,HOLD,0.00,0.00,0.00
09-27-2016,36.00,49.95,HOLD,0.00,0.00,0.00
09-26-2016,34.93,42.01,HOLD,0.00,0.00,0.00
09-23-2016,35.55,45.93,HOLD,0.00,0.00,0.00
09-22-2016,35.25,43.57,HOLD,0.00,0.00,0.00
09-21-2016,34.67,38.76,HOLD,0.00,0.00,0.00
09-20-2016,35.15,41.47,HOLD,0.00,0.00,0.00
09-19-2016,35.44,43.17,HOLD,0.00,0.00,0.00
09-16-2016,35.49,43.46,HOLD,0.00,0.00,0.00
09-15-2016,36.41,48.97,HOLD,0.00,0.00,0.00
09-14-2016,36.39,48.84,HOLD,0.00,0.00,0.00
09-13-2016,37.37,55.30,HOLD,0.00,0.00,0.00
09-12-2016,38.34,62.96,HOLD,0.00,0.00,0.00
09-09-2016,38.49,64.24,HOLD,0.00,0.00,0.00
09-08-2016,39.35,72.02,HOLD,0.00,0.00,0.00
09-07-2016,38.75,69.64,HOLD,0.00,0.00,0.00
09-06-2016,36.96,60.27,HOLD,0.00,0.00,0.00
09-02-2016,36.53,57.33,HOLD,0.00,0.00,0.00
09-01-2016,36.24,55.26,HOLD,0.00,0.00,0.00
08-31-2016,36.30,55.78,HOLD,0.00,0.00,0.00
08-30-2016,37.05,62.62,HOLD,0.00,0.00,0.00
08-29-2016,36.17,56.85,HOLD,0.00,0.00,0.00
08-26-2016,36.23,57.41,HOLD,0.00,0.00,0.00
08-25-2016,36.72,62.05,HOLD,0.00,0.00,0.00
08-24-2016,36.65,61.64,HOLD,0.00,0.00,0.00
08-23-2016,36.40,60.21,HOLD,0.00,0.00,0.00
08-22-2016,36.00,57.88,HOLD,0.00,0.00,0.00
08-19-2016,36.49,62.02,HOLD,0.00,0.00,0.00
08-18-2016,36.67,63.57,HOLD,0.00,0.00,0.00
08-17-2016,36.60,63.23,HOLD,0.00,0.00,0.00
08-16-2016,36.75,64.40,HOLD,0.00,0.00,0.00
08-15-2016,35.87,60.42,HOLD,0.00,0.00,0.00
08-12-2016,34.92,55.43,HOLD,0.00,0.00,0.00
08-11-2016,34.96,55.70,HOLD,0.00,0.00,0.00
08-10-2016,34.18,51.33,HOLD,0.00,0.00,0.00
08-09-2016,34.59,53.93,HOLD,0.00,0.00,0.00
08-08-2016,34.35,52.63,HOLD,0.00,0.00,0.00
08-05-2016,34.44,53.15,HOLD,0.00,0.00,0.00
08-04-2016,33.58,48.62,HOLD,0.00,0.00,0.00
08-03-2016,33.48,48.07,HOLD,0.00,0.00,0.00
08-02-2016,33.51,48.22,HOLD,0.00,0.00,0.00
08-01-2016,35.60,59.59,HOLD,0.00,0.00,0.00
07-29-2016,35.50,59.16,HOLD,0.00,0.00,0.00
07-28-2016,36.34,64.48,HOLD,0.00,0.00,0.00
07-27-2016,36.20,63.98,HOLD,0.00,0.00,0.00
07-26-2016,36.55,66.15,HOLD,0.00,0.00,0.00
07-25-2016,35.80,63.70,HOLD,0.00,0.00,0.00
07-22-2016,36.36,67.07,HOLD,0.00,0.00,0.00
07-21-2016,34.96,62.46,HOLD,0.00,0.00,0.00
07-20-2016,35.92,68.56,HOLD,0.00,0.00,0.00
07-19-2016,36.01,69.15,HOLD,0.00,0.00,0.00
07-18-2016,36.03,69.27,HOLD,0.00,0.00,0.00
07-15-2016,35.89,68.92,HOLD,0.00,0.00,0.00
07-14-2016,35.88,68.89,HOLD,0.00,0.00,0.00
07-13-2016,34.45,65.33,HOLD,0.00,0.00,0.00
07-12-2016,34.66,66.37,HOLD,0.00,0.00,0.00
07-11-2016,31.16,55.42,HOLD,0.00,0.00,0.00
07-08-2016,30.04,50.65,HOLD,0.00,0.00,0.00
07-07-2016,29.40,47.68,HOLD,0.00,0.00,0.00
07-06-2016,28.35,42.40,HOLD,0.00,0.00,0.00
07-05-2016,28.93,44.72,HOLD,0.00,0.00,0.00
07-01-2016,29.33,46.34,SELL,16.07,406.00,0.00
06-30-2016,28.31,41.30,HOLD,12.03,304.00,0.00
06-29-2016,27.70,38.07,HOLD,9.62,243.00,0.00
06-28-2016,26.77,32.84,HOLD,5.94,150.00,0.00
06-27-2016,25.27,23.12,BUY,0.00,,
06-24-2016,27.05,27.50,SELL,-14.15,0.00,-446.00
06-23-2016,30.33,40.74,HOLD,-3.74,0.00,-118.00
06-22-2016,29.89,36.96,HOLD,-5.14,0.00,-162.00
06-21-2016,30.02,37.62,HOLD,-4.73,0.00,-149.00
06-20-2016,29.71,35.06,HOLD,-5.71,0.00,-180.00
06-17-2016,29.34,31.96,HOLD,-6.89,0.00,-217.00
06-16-2016,29.14,30.30,HOLD,-7.52,0.00,-237.00
06-15-2016,30.49,35.79,HOLD,-3.24,0.00,-102.00
06-14-2016,30.36,34.73,HOLD,-3.65,0.00,-115.00
06-13-2016,31.80,41.83,HOLD,0.92,29.00,0.00
06-10-2016,33.14,50.79,HOLD,5.17,163.00,0.00
06-09-2016,33.40,52.83,HOLD,6.00,189.00,0.00
06-08-2016,32.51,45.93,HOLD,3.17,100.00,0.00
06-07-2016,32.36,44.66,HOLD,2.70,85.00,0.00
06-06-2016,31.26,34.15,HOLD,-0.79,0.00,-25.00
06-03-2016,30.81,29.03,HOLD,-2.22,0.00,-70.00
06-02-2016,31.67,33.68,HOLD,0.51,16.00,0.00
06-01-2016,31.95,35.39,HOLD,1.40,44.00,0.00
05-31-2016,31.91,34.95,HOLD,1.27,40.00,0.00
05-27-2016,31.65,32.17,HOLD,0.44,14.00,0.00
05-26-2016,31.51,30.69,HOLD,0.00,0.00,0.00
05-25-2016,32.17,33.93,HOLD,2.09,66.00,0.00
05-24-2016,32.15,33.73,HOLD,2.03,64.00,0.00
05-23-2016,31.73,29.64,HOLD,0.70,22.00,0.00
05-20-2016,32.01,30.82,HOLD,1.59,50.00,0.00
05-19-2016,32.15,31.40,HOLD,2.03,64.00,0.00
05-18-2016,32.61,33.31,HOLD,3.49,110.00,0.00
05-17-2016,32.64,33.43,HOLD,3.59,113.00,0.00
05-16-2016,32.12,29.22,HOLD,1.94,61.00,0.00
05-13-2016,31.51,23.97,BUY,0.00,,
05-12-2016,31.33,22.40,SELL,-12.90,0.00,-464.00
05-11-2016,32.86,26.78,HOLD,-8.65,0.00,-311.00
05-10-2016,33.77,30.02,HOLD,-6.12,0.00,-220.00
05-09-2016,32.94,22.02,HOLD,-8.42,0.00,-303.00
05-06-2016,33.03,22.28,HOLD,-8.17,0.00,-294.00
05-05-2016,32.81,20.17,HOLD,-8.79,0.00,-316.00
05-04-2016,33.21,21.13,HOLD,-7.67,0.00,-276.00
05-03-2016,34.58,24.95,HOLD,-3.86,0.00,-139.00
05-02-2016,34.43,23.54,HOLD,-4.28,0.00,-154.00
04-29-2016,34.69,24.27,HOLD,-3.56,0.00,-128.00
04-28-2016,35.97,28.28,BUY,0.00,,
04-27-2016,36.71,31.03,HOLD,0.00,0.00,0.00
04-26-2016,36.92,31.84,HOLD,0.00,0.00,0.00
04-25-2016,37.00,32.14,HOLD,0.00,0.00,0.00
04-22-2016,38.21,37.03,HOLD,0.00,0.00,0.00
04-21-2016,40.01,46.86,HOLD,0.00,0.00,0.00
04-20-2016,41.26,56.53,HOLD,0.00,0.00,0.00
04-19-2016,41.34,57.24,HOLD,0.00,0.00,0.00
04-18-2016,40.92,54.48,HOLD,0.00,0.00,0.00
04-15-2016,40.91,54.41,HOLD,0.00,0.00,0.00
04-14-2016,41.17,56.36,HOLD,0.00,0.00,0.00
04-13-2016,39.94,48.24,HOLD,0.00,0.00,0.00
04-12-2016,39.19,42.14,HOLD,0.00,0.00,0.00
04-11-2016,38.73,37.99,HOLD,0.00,0.00,0.00
04-08-2016,38.50,35.84,HOLD,0.00,0.00,0.00
04-07-2016,38.36,34.57,HOLD,0.00,0.00,0.00
04-06-2016,38.90,37.22,HOLD,0.00,0.00,0.00
04-05-2016,38.93,37.37,HOLD,0.00,0.00,0.00
04-04-2016,39.37,39.51,HOLD,0.00,0.00,0.00
04-01-2016,39.52,40.24,HOLD,0.00,0.00,0.00
03-31-2016,41.01,48.49,HOLD,0.00,0.00,0.00
03-30-2016,41.38,50.89,HOLD,0.00,0.00,0.00
03-29-2016,41.35,50.71,HOLD,0.00,0.00,0.00
03-28-2016,40.91,48.06,HOLD,0.00,0.00,0.00
03-24-2016,40.50,45.52,HOLD,0.00,0.00,0.00
03-23-2016,41.92,54.00,HOLD,0.00,0.00,0.00
03-22-2016,42.76,60.16,HOLD,0.00,0.00,0.00
03-21-2016,43.47,66.08,HOLD,0.00,0.00,0.00
03-18-2016,43.44,65.95,HOLD,0.00,0.00,0.00
03-17-2016,42.10,59.43,HOLD,0.00,0.00,0.00
03-16-2016,42.31,61.14,HOLD,0.00,0.00,0.00
03-15-2016,42.11,60.13,HOLD,0.00,0.00,0.00
03-14-2016,42.59,63.82,HOLD,0.00,0.00,0.00
03-11-2016,42.47,63.30,HOLD,0.00,0.00,0.00
03-10-2016,41.63,59.49,HOLD,0.00,0.00,0.00
03-09-2016,41.65,59.62,HOLD,0.00,0.00,0.00
03-08-2016,40.77,55.43,HOLD,0.00,0.00,0.00
03-07-2016,42.13,65.14,HOLD,0.00,0.00,0.00
03-04-2016,41.63,62.92,HOLD,0.00,0.00,0.00
03-03-2016,41.88,64.83,HOLD,0.00,0.00,0.00
03-02-2016,41.59,63.64,HOLD,0.00,0.00,0.00
03-01-2016,41.83,65.34,HOLD,0.00,0.00,0.00
02-29-2016,41.00,62.09,HOLD,0.00,0.00,0.00
02-26-2016,40.87,61.56,HOLD,0.00,0.00,0.00
02-25-2016,41.36,64.70,HOLD,0.00,0.00,0.00
02-24-2016,40.66,62.14,HOLD,0.00,0.00,0.00
02-23-2016,40.38,61.10,HOLD,0.00,0.00,0.00
02-22-2016,40.84,63.79,HOLD,0.00,0.00,0.00
02-19-2016,39.76,59.94,HOLD,0.00,0.00,0.00
02-18-2016,39.54,59.12,HOLD,0.00,0.00,0.00
02-17-2016,39.34,58.40,HOLD,0.00,0.00,0.00
02-16-2016,38.61,55.75,HOLD,0.00,0.00,0.00
02-12-2016,37.82,52.74,HOLD,0.00,0.00,0.00
02-11-2016,36.49,47.10,HOLD,0.00,0.00,0.00
02-10-2016,37.12,49.71,HOLD,0.00,0.00,0.00
02-09-2016,36.19,45.58,HOLD,0.00,0.00,0.00
02-08-2016,35.55,42.56,HOLD,0.00,0.00,0.00
02-05-2016,36.75,47.11,HOLD,0.00,0.00,0.00
02-04-2016,38.21,53.57,HOLD,0.00,0.00,0.00
02-03-2016,37.51,50.55,HOLD,0.00,0.00,0.00
02-02-2016,37.03,48.41,HOLD,0.00,0.00,0.00
02-01-2016,39.38,60.24,HOLD,0.00,0.00,0.00
01-29-2016,38.99,58.68,HOLD,0.00,0.00,0.00
01-28-2016,38.14,55.13,HOLD,0.00,0.00,0.00
01-27-2016,39.69,64.52,HOLD,0.00,0.00,0.00
01-26-2016,39.64,64.34,HOLD,0.00,0.00,0.00
01-25-2016,38.88,61.56,HOLD,0.00,0.00,0.00
01-22-2016,40.16,70.12,HOLD,0.00,0.00,0.00
01-21-2016,39.79,68.96,HOLD,0.00,0.00,0.00
01-20-2016,39.06,66.59,HOLD,0.00,0.00,0.00
01-19-2016,38.86,65.92,HOLD,0.00,0.00,0.00
01-15-2016,38.76,65.61,HOLD,0.00,0.00,0.00
01-14-2016,40.55,77.60,HOLD,0.00,0.00,0.00
01-13-2016,40.10,76.60,HOLD,0.00,0.00,0.00
01-12-2016,42.00,92.82,HOLD,0.00,0.00,0.00
01-11-2016,41.08,92.07,HOLD,0.00,0.00,0.00
01-08-2016,40.37,91.42,HOLD,0.00,0.00,0.00
01-07-2016,40.45,92.21,HOLD,0.00,0.00,0.00
01-06-2016,41.23,100.00,HOLD,0.00,0.00,0.00
01-05-2016,40.52,,0,0.00,0.00,0.00
