Date,Stocks,%Universe >= 69
2023-01-27,37,15.23
2023-01-26,33,13.58
2023-01-25,22,9.05
2023-01-24,19,7.82
2023-01-23,28,11.52
2023-01-20,16,6.58
2023-01-19,4,1.65
2023-01-18,11,4.53
2023-01-17,35,14.40
2023-01-13,36,14.81
2023-01-12,37,15.23
2023-01-11,32,13.17
2023-01-10,25,10.29
2023-01-09,15,6.17
2023-01-06,20,8.23
2023-01-05,6,2.47
2023-01-04,4,1.65
2022-12-27,1,0.41
2022-12-21,1,0.41
2022-12-15,4,1.65
2022-12-14,12,4.94
2022-12-13,13,5.35
2022-12-12,10,4.12
2022-12-09,3,1.23
2022-12-08,13,5.35
2022-12-07,13,5.35
2022-12-06,10,4.12
2022-12-05,15,6.17
2022-12-02,42,17.28
2022-12-01,37,15.23
2022-11-30,30,12.35
2022-11-29,14,5.76
2022-11-28,11,4.53
2022-11-25,36,14.81
2022-11-23,33,13.58
2022-11-22,32,13.17
2022-11-21,18,7.41
2022-11-18,17,7.00
2022-11-17,10,4.12
2022-11-16,12,4.94
2022-11-15,27,11.11
2022-11-14,20,8.23
2022-11-11,36,14.81
2022-11-10,26,10.70
2022-11-09,11,4.53
2022-11-08,33,13.58
2022-11-07,29,11.93
2022-11-04,24,9.88
2022-11-03,13,5.35
2022-11-02,12,4.94
2022-11-01,33,13.58
2022-10-31,35,14.40
2022-10-28,40,16.46
2022-10-27,21,8.64
2022-10-26,13,5.35
2022-10-25,8,3.29
2022-10-24,7,2.88
2022-10-21,4,1.65
2022-10-20,1,0.41
2022-10-19,2,0.82
2022-10-18,2,0.82
2022-10-17,2,0.82
2022-09-30,1,0.41
2022-09-27,2,0.82
2022-09-26,2,0.82
2022-09-23,1,0.41
2022-09-22,1,0.41
2022-09-19,1,0.41
2022-09-16,1,0.41
2022-09-14,1,0.41
2022-09-13,1,0.41
2022-09-12,3,1.23
2022-09-09,3,1.23
2022-09-08,2,0.82
2022-09-07,2,0.82
2022-09-06,1,0.41
2022-09-02,1,0.41
2022-09-01,1,0.41
2022-08-31,1,0.41
2022-08-30,1,0.41
2022-08-29,5,2.06
2022-08-26,5,2.06
2022-08-25,12,4.94
2022-08-24,10,4.12
2022-08-23,7,2.88
2022-08-22,6,2.47
2022-08-19,23,9.47
2022-08-18,50,20.58
2022-08-17,44,18.11
2022-08-16,71,29.22
2022-08-15,63,25.93
2022-08-12,67,27.57
2022-08-11,40,16.46
2022-08-10,36,14.81
2022-08-09,16,6.58
2022-08-08,20,8.23
2022-08-05,21,8.64
2022-08-04,26,10.70
2022-08-03,19,7.82
2022-08-02,11,4.53
2022-08-01,23,9.47
2022-07-29,31,12.76
2022-07-28,9,3.70
2022-07-27,3,1.23
2022-07-26,2,0.82
2022-07-25,2,0.82
2022-07-22,3,1.23
2022-07-21,4,1.65
2022-07-20,1,0.41
2022-07-13,3,1.23
2022-07-12,1,0.41
2022-07-11,1,0.41
2022-07-08,1,0.41
2022-07-07,1,0.41
2022-07-06,1,0.41
2022-07-05,1,0.41
2022-07-01,1,0.41
2022-06-30,1,0.41
2022-06-29,1,0.41
2022-06-24,1,0.41
2022-06-23,1,0.41
2022-06-09,1,0.41
2022-06-08,8,3.29
2022-06-07,6,2.47
2022-06-06,1,0.41
2022-06-03,2,0.82
2022-06-01,3,1.23
2022-05-31,1,0.41
2022-05-27,5,2.06
2022-05-26,1,0.41
2022-05-25,1,0.41
2022-05-24,3,1.23
2022-05-23,1,0.41
2022-05-20,1,0.41
2022-05-17,2,0.82
2022-05-16,2,0.82
2022-05-13,1,0.41
2022-05-09,2,0.82
2022-05-06,3,1.23
2022-05-05,2,0.82
2022-05-04,4,1.65
2022-05-03,2,0.82
2022-04-28,4,1.65
2022-04-27,1,0.41
2022-04-26,1,0.41
2022-04-25,5,2.06
2022-04-22,7,2.88
2022-04-21,32,13.17
2022-04-20,34,13.99
2022-04-19,20,8.23
2022-04-18,16,6.58
2022-04-14,24,9.88
2022-04-13,20,8.23
2022-04-12,17,7.00
2022-04-11,18,7.41
2022-04-08,29,11.93
2022-04-07,26,10.70
2022-04-06,22,9.05
2022-04-05,13,5.35
2022-04-04,12,4.94
2022-04-01,16,6.58
2022-03-31,13,5.35
2022-03-30,20,8.23
2022-03-29,15,6.17
2022-03-28,15,6.17
2022-03-25,22,9.05
2022-03-24,14,5.76
2022-03-23,11,4.53
2022-03-22,11,4.53
2022-03-21,10,4.12
2022-03-18,10,4.12
2022-03-17,6,2.47
2022-03-16,2,0.82
2022-03-15,1,0.41
2022-03-14,2,0.82
2022-03-11,5,2.06
2022-03-10,7,2.88
2022-03-09,3,1.23
2022-03-08,9,3.70
2022-03-07,14,5.76
2022-03-04,20,8.23
2022-03-03,15,6.17
2022-03-02,13,5.35
2022-03-01,8,3.29
2022-02-28,8,3.29
2022-02-25,6,2.47
2022-02-24,1,0.41
2022-02-23,2,0.82
2022-02-22,2,0.82
2022-02-18,3,1.23
2022-02-17,2,0.82
2022-02-16,7,2.88
2022-02-15,6,2.47
2022-02-14,3,1.23
2022-02-11,5,2.06
2022-02-10,12,4.94
2022-02-09,15,6.17
2022-02-08,14,5.76
2022-02-07,13,5.35
2022-02-04,7,2.88
2022-02-03,6,2.47
2022-02-02,15,6.17
2022-02-01,10,4.12
2022-01-31,4,1.65
2022-01-28,8,3.29
2022-01-27,6,2.47
2022-01-26,4,1.65
2022-01-25,5,2.06
2022-01-24,5,2.06
2022-01-21,5,2.06
2022-01-20,7,2.88
2022-01-19,15,6.17
2022-01-18,28,11.52
2022-01-14,53,21.81
2022-01-13,41,16.87
2022-01-12,36,14.81
2022-01-11,39,16.05
2022-01-10,29,11.93
2022-01-07,36,14.81
2022-01-06,24,9.88
2022-01-05,21,8.64
2022-01-04,25,10.29
2022-01-03,10,4.12
2021-12-31,15,6.17
2021-12-30,15,6.17
2021-12-29,20,8.23
2021-12-28,14,5.76
2021-12-27,15,6.17
2021-12-23,8,3.29
2021-12-22,5,2.06
2021-12-21,4,1.65
2021-12-20,7,2.88
2021-12-17,7,2.88
2021-12-16,20,8.23
2021-12-15,14,5.76
2021-12-14,5,2.06
2021-12-13,11,4.53
2021-12-10,13,5.35
2021-12-09,3,1.23
2021-12-08,3,1.23
2021-12-07,6,2.47
2021-12-06,5,2.06
2021-12-03,3,1.23
2021-12-02,2,0.82
2021-12-01,4,1.65
2021-11-30,3,1.23
2021-11-29,8,3.29
2021-11-26,6,2.47
2021-11-24,14,5.76
2021-11-23,18,7.41
2021-11-22,18,7.41
2021-11-19,29,11.93
2021-11-18,30,12.35
2021-11-17,26,10.70
2021-11-16,33,13.58
2021-11-15,24,9.88
2021-11-12,31,12.76
2021-11-11,23,9.47
2021-11-10,17,7.00
2021-11-09,42,17.28
2021-11-08,40,16.46
2021-11-05,51,20.99
2021-11-04,44,18.11
2021-11-03,49,20.16
2021-11-02,38,15.64
2021-11-01,30,12.35
2021-10-29,30,12.35
2021-10-28,26,10.70
2021-10-27,12,4.94
2021-10-26,25,10.29
2021-10-25,29,11.93
2021-10-22,35,14.40
2021-10-21,28,11.52
2021-10-20,33,13.58
2021-10-19,31,12.76
2021-10-18,26,10.70
2021-10-15,25,10.29
2021-10-14,17,7.00
2021-10-13,13,5.35
2021-10-12,15,6.17
2021-10-11,13,5.35
2021-10-08,15,6.17
2021-10-07,9,3.70
2021-10-06,6,2.47
2021-10-05,9,3.70
2021-10-04,8,3.29
2021-10-01,7,2.88
2021-09-30,2,0.82
2021-09-29,4,1.65
2021-09-28,3,1.23
2021-09-27,8,3.29
2021-09-24,3,1.23
2021-09-23,3,1.23
2021-09-22,1,0.41
2021-09-20,1,0.41
2021-09-17,1,0.41
2021-09-16,3,1.23
2021-09-15,7,2.88
2021-09-14,4,1.65
2021-09-13,5,2.06
2021-09-10,5,2.06
2021-09-09,4,1.65
2021-09-08,9,3.70
2021-09-07,21,8.64
2021-09-03,25,10.29
2021-09-02,25,10.29
2021-09-01,23,9.47
2021-08-31,15,6.17
2021-08-30,21,8.64
2021-08-27,17,7.00
2021-08-26,9,3.70
2021-08-25,22,9.05
2021-08-24,15,6.17
2021-08-23,14,5.76
2021-08-20,20,8.23
2021-08-19,7,2.88
2021-08-18,7,2.88
2021-08-17,21,8.64
2021-08-16,29,11.93
2021-08-13,29,11.93
2021-08-12,29,11.93
2021-08-11,29,11.93
2021-08-10,20,8.23
2021-08-09,14,5.76
2021-08-06,15,6.17
2021-08-05,17,7.00
2021-08-04,14,5.76
2021-08-03,17,7.00
2021-08-02,14,5.76
2021-07-30,16,6.58
2021-07-29,14,5.76
2021-07-28,9,3.70
2021-07-27,8,3.29
2021-07-26,12,4.94
2021-07-23,18,7.41
2021-07-22,11,4.53
2021-07-21,7,2.88
2021-07-20,8,3.29
2021-07-19,5,2.06
2021-07-16,10,4.12
2021-07-15,7,2.88
2021-07-14,12,4.94
2021-07-13,12,4.94
2021-07-12,21,8.64
2021-07-09,16,6.58
2021-07-08,10,4.12
2021-07-07,25,10.29
2021-07-06,21,8.64
2021-07-02,20,8.23
2021-07-01,15,6.17
2021-06-30,14,5.76
2021-06-29,20,8.23
2021-06-28,17,7.00
2021-06-25,10,4.12
2021-06-24,8,3.29
2021-06-23,5,2.06
2021-06-22,4,1.65
2021-06-21,2,0.82
2021-06-18,3,1.23
2021-06-17,3,1.23
2021-06-16,3,1.23
2021-06-15,6,2.47
2021-06-14,7,2.88
2021-06-11,8,3.29
2021-06-10,9,3.70
2021-06-09,10,4.12
2021-06-08,17,7.00
2021-06-07,16,6.58
2021-06-04,19,7.82
2021-06-03,15,6.17
2021-06-02,18,7.41
2021-06-01,11,4.53
2021-05-28,5,2.06
2021-05-27,7,2.88
2021-05-26,4,1.65
2021-05-25,6,2.47
2021-05-24,14,5.76
2021-05-21,8,3.29
2021-05-20,6,2.47
2021-05-19,6,2.47
2021-05-18,13,5.35
2021-05-17,23,9.47
2021-05-14,20,8.23
2021-05-13,11,4.53
2021-05-12,5,2.06
2021-05-11,18,7.41
2021-05-10,65,26.75
2021-05-07,67,27.57
2021-05-06,43,17.70
2021-05-05,34,13.99
2021-05-04,29,11.93
2021-05-03,27,11.11
2021-04-30,18,7.41
2021-04-29,33,13.58
2021-04-28,27,11.11
2021-04-27,23,9.47
2021-04-26,17,7.00
2021-04-23,26,10.70
2021-04-22,18,7.41
2021-04-21,36,14.81
2021-04-20,29,11.93
2021-04-19,39,16.05
2021-04-16,46,18.93
2021-04-15,39,16.05
2021-04-14,19,7.82
2021-04-13,20,8.23
2021-04-12,28,11.52
2021-04-09,24,9.88
2021-04-08,11,4.53
2021-04-07,12,4.94
2021-04-06,17,7.00
2021-04-05,23,9.47
2021-04-01,8,3.29
2021-03-31,4,1.65
2021-03-30,10,4.12
2021-03-29,27,11.11
2021-03-26,21,8.64
2021-03-25,9,3.70
2021-03-24,5,2.06
2021-03-23,7,2.88
2021-03-22,13,5.35
2021-03-19,11,4.53
2021-03-18,17,7.00
2021-03-17,25,10.29
2021-03-16,22,9.05
2021-03-15,49,20.16
2021-03-12,48,19.75
2021-03-11,32,13.17
2021-03-10,31,12.76
2021-03-09,18,7.41
2021-03-08,35,14.40
2021-03-05,21,8.64
2021-03-04,10,4.12
2021-03-03,22,9.05
2021-03-02,16,6.58
2021-03-01,16,6.58
2021-02-26,12,4.94
2021-02-25,14,5.76
2021-02-24,66,27.16
2021-02-23,43,17.70
2021-02-22,42,17.28
2021-02-19,23,9.47
2021-02-18,15,6.17
2021-02-17,24,9.88
2021-02-16,32,13.17
2021-02-12,33,13.58
2021-02-11,31,12.76
2021-02-10,24,9.88
2021-02-09,29,11.93
2021-02-08,35,14.40
2021-02-05,14,5.76
2021-02-04,3,1.23
2021-02-03,3,1.23
2021-02-01,4,1.65
2021-01-29,4,1.65
2021-01-28,7,2.88
2021-01-27,20,8.23
2021-01-26,25,10.29
2021-01-25,28,11.52
2021-01-22,24,9.88
2021-01-21,28,11.52
2021-01-20,36,14.81
2021-01-19,30,12.35
2021-01-15,26,10.70
2021-01-14,53,21.81
2021-01-13,42,17.28
2021-01-12,60,24.69
2021-01-11,42,17.28
2021-01-08,53,21.81
2021-01-07,53,21.81
2021-01-06,45,18.52
2021-01-05,14,5.76
2021-01-04,7,2.88
2020-12-31,21,8.64
2020-12-30,19,7.82
2020-12-29,11,4.53
2020-12-28,19,7.82
2020-12-24,21,8.64
2020-12-23,22,9.05
2020-12-22,19,7.82
2020-12-21,18,7.41
2020-12-18,22,9.05
2020-12-17,36,14.81
2020-12-16,24,9.88
2020-12-15,24,9.88
2020-12-14,19,7.82
2020-12-11,26,10.70
2020-12-10,45,18.52
2020-12-09,37,15.23
2020-12-08,58,23.87
2020-12-07,54,22.22
2020-12-04,71,29.22
2020-12-03,45,18.52
2020-12-02,30,12.35
2020-12-01,29,11.93
2020-11-30,15,6.17
2020-11-27,52,21.40
2020-11-25,63,25.93
2020-11-24,86,35.39
2020-11-23,44,18.11
2020-11-20,25,10.29
2020-11-19,31,12.76
2020-11-18,24,9.88
2020-11-17,44,18.11
2020-11-16,58,23.87
2020-11-13,23,9.47
2020-11-12,12,4.94
2020-11-11,32,13.17
2020-11-10,56,23.05
2020-11-09,46,18.93
2020-11-06,7,2.88
2020-11-05,10,4.12
2020-11-04,6,2.47
2020-11-03,6,2.47
2020-11-02,3,1.23
2020-10-30,3,1.23
2020-10-29,4,1.65
2020-10-28,5,2.06
2020-10-27,8,3.29
2020-10-26,8,3.29
2020-10-23,28,11.52
2020-10-22,25,10.29
2020-10-21,17,7.00
2020-10-20,19,7.82
2020-10-19,12,4.94
2020-10-16,19,7.82
2020-10-15,20,8.23
2020-10-14,17,7.00
2020-10-13,18,7.41
2020-10-12,26,10.70
2020-10-09,21,8.64
2020-10-08,21,8.64
2020-10-07,12,4.94
2020-10-06,6,2.47
2020-10-05,7,2.88
2020-10-02,4,1.65
2020-10-01,3,1.23
2020-09-30,2,0.82
2020-09-29,2,0.82
2020-09-28,3,1.23
2020-09-25,1,0.41
2020-09-23,1,0.41
2020-09-21,1,0.41
2020-09-18,10,4.12
2020-09-17,13,5.35
2020-09-16,20,8.23
2020-09-15,18,7.41
2020-09-14,14,5.76
2020-09-11,7,2.88
2020-09-10,2,0.82
2020-09-09,2,0.82
2020-09-04,4,1.65
2020-09-03,6,2.47
2020-09-02,56,23.05
2020-09-01,39,16.05
2020-08-31,28,11.52
2020-08-28,44,18.11
2020-08-27,38,15.64
2020-08-26,42,17.28
2020-08-25,36,14.81
2020-08-24,41,16.87
2020-08-21,23,9.47
2020-08-20,18,7.41
2020-08-19,20,8.23
2020-08-18,25,10.29
2020-08-17,32,13.17
2020-08-14,29,11.93
2020-08-13,29,11.93
2020-08-12,40,16.46
2020-08-11,34,13.99
2020-08-10,50,20.58
2020-08-07,35,14.40
2020-08-06,36,14.81
2020-08-05,30,12.35
2020-08-04,29,11.93
2020-08-03,22,9.05
2020-07-31,22,9.05
2020-07-30,24,9.88
2020-07-29,25,10.29
2020-07-28,16,6.58
2020-07-27,27,11.11
2020-07-24,20,8.23
2020-07-23,26,10.70
2020-07-22,29,11.93
2020-07-21,13,5.35
2020-07-20,18,7.41
2020-07-17,21,8.64
2020-07-16,17,7.00
2020-07-15,15,6.17
2020-07-14,12,4.94
2020-07-13,4,1.65
2020-07-10,22,9.05
2020-07-09,18,7.41
2020-07-08,19,7.82
2020-07-07,8,3.29
2020-07-06,12,4.94
2020-07-02,7,2.88
2020-07-01,5,2.06
2020-06-30,4,1.65
2020-06-29,5,2.06
2020-06-26,2,0.82
2020-06-25,5,2.06
2020-06-24,5,2.06
2020-06-23,10,4.12
2020-06-22,11,4.53
2020-06-19,4,1.65
2020-06-18,5,2.06
2020-06-17,5,2.06
2020-06-16,3,1.23
2020-06-15,2,0.82
2020-06-12,2,0.82
2020-06-10,22,9.05
2020-06-09,59,24.28
2020-06-08,136,55.97
2020-06-05,102,41.98
2020-06-04,43,17.70
2020-06-03,48,19.75
2020-06-02,25,10.29
2020-06-01,16,6.58
2020-05-29,14,5.76
2020-05-28,9,3.70
2020-05-27,20,8.23
2020-05-26,13,5.35
2020-05-22,10,4.12
2020-05-21,8,3.29
2020-05-20,10,4.12
2020-05-19,8,3.29
2020-05-18,11,4.53
2020-05-15,8,3.29
2020-05-14,8,3.29
2020-05-13,9,3.70
2020-05-12,7,2.88
2020-05-11,9,3.70
2020-05-08,10,4.12
2020-05-07,6,2.47
2020-05-06,4,1.65
2020-05-05,2,0.82
2020-05-01,1,0.41
2020-04-30,4,1.65
2020-04-29,5,2.06
2020-04-28,2,0.82
2020-04-27,5,2.06
2020-04-24,3,1.23
2020-04-23,3,1.23
2020-04-22,2,0.82
2020-04-21,2,0.82
2020-04-20,4,1.65
2020-04-17,4,1.65
2020-04-16,5,2.06
2020-04-15,3,1.23
2020-04-14,4,1.65
2020-04-13,1,0.41
2020-04-09,1,0.41
2020-04-08,1,0.41
2020-04-07,1,0.41
2020-04-06,1,0.41
2020-04-03,1,0.41
2020-04-02,1,0.41
2020-04-01,1,0.41
2020-03-31,1,0.41
2020-03-30,1,0.41
2020-03-27,1,0.41
2020-03-26,1,0.41
2020-03-17,1,0.41
2020-03-16,1,0.41
2020-03-12,2,0.82
2020-03-11,1,0.41
2020-03-09,1,0.41
2020-03-06,1,0.41
2020-03-05,3,1.23
2020-03-04,1,0.41
2020-03-03,1,0.41
2020-03-02,1,0.41
2020-02-28,2,0.82
2020-02-27,3,1.23
2020-02-26,2,0.82
2020-02-25,3,1.23
2020-02-24,7,2.88
2020-02-21,18,7.41
2020-02-20,29,11.93
2020-02-19,32,13.17
2020-02-18,32,13.17
2020-02-14,39,16.05
2020-02-13,34,13.99
2020-02-12,30,12.35
2020-02-11,29,11.93
2020-02-10,24,9.88
2020-02-07,21,8.64
2020-02-06,27,11.11
2020-02-05,26,10.70
2020-02-04,23,9.47
2020-02-03,23,9.47
2020-01-31,17,7.00
2020-01-30,31,12.76
2020-01-29,25,10.29
2020-01-28,25,10.29
2020-01-27,26,10.70
2020-01-24,39,16.05
2020-01-23,64,26.34
2020-01-22,62,25.51
2020-01-21,57,23.46
2020-01-17,74,30.45
2020-01-16,67,27.57
2020-01-15,46,18.93
2020-01-14,36,14.81
2020-01-13,34,13.99
2020-01-10,21,8.64
2020-01-09,32,13.17
2020-01-08,25,10.29
2020-01-07,26,10.70
2020-01-06,24,9.88
2020-01-03,12,4.94
2020-01-02,42,17.28
2019-12-31,31,12.76
2019-12-30,26,10.70
2019-12-27,43,17.70
2019-12-26,51,20.99
2019-12-24,44,18.11
2019-12-23,50,20.58
2019-12-20,49,20.16
2019-12-19,44,18.11
2019-12-18,36,14.81
2019-12-17,39,16.05
2019-12-16,42,17.28
2019-12-13,22,9.05
2019-12-12,28,11.52
2019-12-11,11,4.53
2019-12-10,7,2.88
2019-12-09,10,4.12
2019-12-06,17,7.00
2019-12-05,8,3.29
2019-12-04,6,2.47
2019-12-03,7,2.88
2019-12-02,11,4.53
2019-11-29,30,12.35
2019-11-27,40,16.46
2019-11-26,42,17.28
2019-11-25,40,16.46
2019-11-22,17,7.00
2019-11-21,18,7.41
2019-11-20,26,10.70
2019-11-19,46,18.93
2019-11-18,44,18.11
2019-11-15,49,20.16
2019-11-14,27,11.11
2019-11-13,28,11.52
2019-11-12,42,17.28
2019-11-11,37,15.23
2019-11-08,49,20.16
2019-11-07,45,18.52
2019-11-06,39,16.05
2019-11-05,42,17.28
2019-11-04,43,17.70
2019-11-01,31,12.76
2019-10-31,16,6.58
2019-10-30,25,10.29
2019-10-29,27,11.11
2019-10-28,30,12.35
2019-10-25,25,10.29
2019-10-24,20,8.23
2019-10-23,24,9.88
2019-10-22,25,10.29
2019-10-21,22,9.05
2019-10-18,13,5.35
2019-10-17,9,3.70
2019-10-16,5,2.06
2019-10-15,5,2.06
2019-10-14,4,1.65
2019-10-11,4,1.65
2019-10-10,3,1.23
2019-10-09,3,1.23
2019-10-08,2,0.82
2019-10-07,2,0.82
2019-10-04,2,0.82
2019-10-03,2,0.82
2019-10-02,2,0.82
2019-10-01,4,1.65
2019-09-30,9,3.70
2019-09-27,6,2.47
2019-09-26,12,4.94
2019-09-25,8,3.29
2019-09-24,7,2.88
2019-09-23,8,3.29
2019-09-20,7,2.88
2019-09-19,10,4.12
2019-09-18,11,4.53
2019-09-17,18,7.41
2019-09-16,23,9.47
2019-09-13,30,12.35
2019-09-12,37,15.23
2019-09-11,40,16.46
2019-09-10,27,11.11
2019-09-09,16,6.58
2019-09-06,8,3.29
2019-09-05,5,2.06
2019-09-04,13,5.35
2019-09-03,13,5.35
2019-08-30,2,0.82
2019-08-29,5,2.06
2019-08-28,2,0.82
2019-08-27,2,0.82
2019-08-26,2,0.82
2019-08-23,2,0.82
2019-08-22,6,2.47
2019-08-21,4,1.65
2019-08-20,2,0.82
2019-08-19,6,2.47
2019-08-16,2,0.82
2019-08-13,6,2.47
2019-08-12,4,1.65
2019-08-09,6,2.47
2019-08-08,10,4.12
2019-08-07,3,1.23
2019-08-06,1,0.41
2019-08-05,2,0.82
2019-08-02,8,3.29
2019-08-01,8,3.29
2019-07-31,12,4.94
2019-07-30,20,8.23
2019-07-29,21,8.64
2019-07-26,30,12.35
2019-07-25,21,8.64
2019-07-24,32,13.17
2019-07-23,23,9.47
2019-07-22,13,5.35
2019-07-19,8,3.29
2019-07-18,17,7.00
2019-07-17,13,5.35
2019-07-16,24,9.88
2019-07-15,32,13.17
2019-07-12,29,11.93
2019-07-11,24,9.88
2019-07-10,16,6.58
2019-07-09,13,5.35
2019-07-08,13,5.35
2019-07-05,20,8.23
2019-07-03,34,13.99
2019-07-02,18,7.41
2019-07-01,19,7.82
2019-06-28,12,4.94
2019-06-27,6,2.47
2019-06-26,4,1.65
2019-06-25,9,3.70
2019-06-24,19,7.82
2019-06-21,27,11.11
2019-06-20,37,15.23
2019-06-19,23,9.47
2019-06-18,15,6.17
2019-06-17,10,4.12
2019-06-14,18,7.41
2019-06-13,15,6.17
2019-06-12,17,7.00
2019-06-11,12,4.94
2019-06-10,18,7.41
2019-06-07,20,8.23
2019-06-06,14,5.76
2019-06-05,9,3.70
2019-06-04,6,2.47
2019-06-03,4,1.65
2019-05-31,2,0.82
2019-05-30,2,0.82
2019-05-28,2,0.82
2019-05-24,10,4.12
2019-05-23,13,5.35
2019-05-22,14,5.76
2019-05-21,10,4.12
2019-05-20,10,4.12
2019-05-17,12,4.94
2019-05-16,9,3.70
2019-05-15,7,2.88
2019-05-14,6,2.47
2019-05-13,7,2.88
2019-05-10,12,4.94
2019-05-09,8,3.29
2019-05-08,11,4.53
2019-05-07,10,4.12
2019-05-06,17,7.00
2019-05-03,29,11.93
2019-05-02,15,6.17
2019-05-01,20,8.23
2019-04-30,42,17.28
2019-04-29,43,17.70
2019-04-26,40,16.46
2019-04-25,34,13.99
2019-04-24,44,18.11
2019-04-23,51,20.99
2019-04-22,40,16.46
2019-04-18,53,21.81
2019-04-17,47,19.34
2019-04-16,51,20.99
2019-04-15,35,14.40
2019-04-12,49,20.16
2019-04-11,21,8.64
2019-04-10,26,10.70
2019-04-09,16,6.58
2019-04-08,48,19.75
2019-04-05,43,17.70
2019-04-04,27,11.11
2019-04-03,32,13.17
2019-04-02,28,11.52
2019-04-01,29,11.93
2019-03-29,20,8.23
2019-03-28,17,7.00
2019-03-27,15,6.17
2019-03-26,24,9.88
2019-03-25,14,5.76
2019-03-22,11,4.53
2019-03-21,41,16.87
2019-03-20,25,10.29
2019-03-19,25,10.29
2019-03-18,32,13.17
2019-03-15,30,12.35
2019-03-14,26,10.70
2019-03-13,28,11.52
2019-03-12,23,9.47
2019-03-11,22,9.05
2019-03-08,11,4.53
2019-03-07,13,5.35
2019-03-06,14,5.76
2019-03-05,23,9.47
2019-03-04,26,10.70
2019-03-01,54,22.22
2019-02-28,35,14.40
2019-02-27,47,19.34
2019-02-26,46,18.93
2019-02-25,64,26.34
2019-02-22,77,31.69
2019-02-21,52,21.40
2019-02-20,59,24.28
2019-02-19,62,25.51
2019-02-15,53,21.81
2019-02-14,34,13.99
2019-02-13,46,18.93
2019-02-12,45,18.52
2019-02-11,26,10.70
2019-02-08,24,9.88
2019-02-07,20,8.23
2019-02-06,29,11.93
2019-02-05,40,16.46
2019-02-04,34,13.99
2019-02-01,20,8.23
2019-01-31,28,11.52
2019-01-30,24,9.88
2019-01-29,14,5.76
2019-01-28,14,5.76
2019-01-25,18,7.41
2019-01-24,9,3.70
2019-01-23,6,2.47
2019-01-22,3,1.23
2019-01-18,17,7.00
2019-01-17,4,1.65
2019-01-16,2,0.82
2019-01-15,1,0.41
2019-01-14,1,0.41
2019-01-11,1,0.41
2019-01-10,3,1.23
2019-01-09,3,1.23
2019-01-08,2,0.82
2019-01-07,2,0.82
2019-01-04,1,0.41
2018-12-24,2,0.82
2018-12-21,2,0.82
2018-12-20,1,0.41
2018-12-13,2,0.82
2018-12-12,1,0.41
2018-12-11,6,2.47
2018-12-10,5,2.06
2018-12-07,4,1.65
2018-12-06,7,2.88
2018-12-04,2,0.82
2018-12-03,11,4.53
2018-11-30,9,3.70
2018-11-29,6,2.47
2018-11-28,5,2.06
2018-11-27,2,0.82
2018-11-26,2,0.82
2018-11-23,1,0.41
2018-11-21,2,0.82
2018-11-20,3,1.23
2018-11-19,8,3.29
2018-11-16,10,4.12
2018-11-15,8,3.29
2018-11-14,3,1.23
2018-11-13,6,2.47
2018-11-12,4,1.65
2018-11-09,9,3.70
2018-11-08,9,3.70
2018-11-07,7,2.88
2018-11-06,8,3.29
2018-11-05,5,2.06
2018-11-02,2,0.82
2018-11-01,1,0.41
2018-10-31,2,0.82
2018-10-30,5,2.06
2018-10-24,5,2.06
2018-10-23,3,1.23
2018-10-22,1,0.41
2018-10-19,1,0.41
2018-10-11,2,0.82
2018-10-10,2,0.82
2018-10-09,4,1.65
2018-10-08,7,2.88
2018-10-05,6,2.47
2018-10-04,10,4.12
2018-10-03,16,6.58
2018-10-02,14,5.76
2018-10-01,19,7.82
2018-09-28,15,6.17
2018-09-27,16,6.58
2018-09-26,17,7.00
2018-09-25,21,8.64
2018-09-24,24,9.88
2018-09-21,34,13.99
2018-09-20,31,12.76
2018-09-19,25,10.29
2018-09-18,26,10.70
2018-09-17,22,9.05
2018-09-14,29,11.93
2018-09-13,26,10.70
2018-09-12,20,8.23
2018-09-11,19,7.82
2018-09-10,19,7.82
2018-09-07,17,7.00
2018-09-06,21,8.64
2018-09-05,19,7.82
2018-09-04,21,8.64
2018-08-31,28,11.52
2018-08-30,27,11.11
2018-08-29,40,16.46
2018-08-28,24,9.88
2018-08-27,23,9.47
2018-08-24,21,8.64
2018-08-23,16,6.58
2018-08-22,20,8.23
2018-08-21,33,13.58
2018-08-20,30,12.35
2018-08-17,30,12.35
2018-08-16,20,8.23
2018-08-15,13,5.35
2018-08-14,11,4.53
2018-08-13,7,2.88
2018-08-10,12,4.94
2018-08-09,25,10.29
2018-08-08,29,11.93
2018-08-07,27,11.11
2018-08-06,30,12.35
2018-08-03,25,10.29
2018-08-02,19,7.82
2018-08-01,13,5.35
2018-07-31,22,9.05
2018-07-30,14,5.76
2018-07-27,13,5.35
2018-07-26,24,9.88
2018-07-25,26,10.70
2018-07-24,7,2.88
2018-07-23,12,4.94
2018-07-20,14,5.76
2018-07-19,12,4.94
2018-07-18,11,4.53
2018-07-17,13,5.35
2018-07-16,10,4.12
2018-07-13,14,5.76
2018-07-12,17,7.00
2018-07-11,9,3.70
2018-07-10,14,5.76
2018-07-09,10,4.12
2018-07-06,25,10.29
2018-07-05,18,7.41
2018-07-03,14,5.76
2018-07-02,11,4.53
2018-06-29,10,4.12
2018-06-28,11,4.53
2018-06-27,9,3.70
2018-06-26,6,2.47
2018-06-25,12,4.94
2018-06-22,12,4.94
2018-06-21,12,4.94
2018-06-20,23,9.47
2018-06-19,17,7.00
2018-06-18,26,10.70
2018-06-15,33,13.58
2018-06-14,29,11.93
2018-06-13,26,10.70
2018-06-12,32,13.17
2018-06-11,31,12.76
2018-06-08,29,11.93
2018-06-07,23,9.47
2018-06-06,43,17.70
2018-06-05,33,13.58
2018-06-04,27,11.11
2018-06-01,12,4.94
2018-05-31,8,3.29
2018-05-30,14,5.76
2018-05-29,7,2.88
2018-05-25,11,4.53
2018-05-24,12,4.94
2018-05-23,9,3.70
2018-05-22,11,4.53
2018-05-21,27,11.11
2018-05-18,22,9.05
2018-05-17,24,9.88
2018-05-16,18,7.41
2018-05-15,12,4.94
2018-05-14,13,5.35
2018-05-11,16,6.58
2018-05-10,20,8.23
2018-05-09,13,5.35
2018-05-08,8,3.29
2018-05-07,7,2.88
2018-05-04,9,3.70
2018-05-03,5,2.06
2018-05-02,4,1.65
2018-05-01,5,2.06
2018-04-30,4,1.65
2018-04-27,5,2.06
2018-04-26,6,2.47
2018-04-25,6,2.47
2018-04-24,5,2.06
2018-04-23,8,3.29
2018-04-20,8,3.29
2018-04-19,12,4.94
2018-04-18,13,5.35
2018-04-17,7,2.88
2018-04-16,5,2.06
2018-04-13,4,1.65
2018-04-12,4,1.65
2018-04-11,5,2.06
2018-04-10,4,1.65
2018-04-09,1,0.41
2018-04-05,1,0.41
2018-04-04,1,0.41
2018-03-21,4,1.65
2018-03-20,4,1.65
2018-03-19,4,1.65
2018-03-16,4,1.65
2018-03-15,6,2.47
2018-03-14,6,2.47
2018-03-13,7,2.88
2018-03-12,10,4.12
2018-03-09,14,5.76
2018-03-08,7,2.88
2018-03-07,7,2.88
2018-03-06,8,3.29
2018-03-05,6,2.47
2018-03-02,5,2.06
2018-03-01,3,1.23
2018-02-28,3,1.23
2018-02-27,2,0.82
2018-02-26,3,1.23
2018-02-23,1,0.41
2018-02-20,1,0.41
2018-02-16,2,0.82
2018-02-15,2,0.82
2018-02-14,1,0.41
2018-02-13,1,0.41
2018-02-08,1,0.41
2018-02-06,2,0.82
2018-02-05,1,0.41
2018-02-02,3,1.23
2018-02-01,13,5.35
2018-01-31,19,7.82
2018-01-30,22,9.05
2018-01-29,77,31.69
2018-01-26,103,42.39
2018-01-25,82,33.74
2018-01-24,88,36.21
2018-01-23,91,37.45
2018-01-22,97,39.92
2018-01-19,83,34.16
2018-01-18,75,30.86
2018-01-17,78,32.10
2018-01-16,63,25.93
2018-01-12,94,38.68
2018-01-11,82,33.74
2018-01-10,59,24.28
2018-01-09,76,31.28
2018-01-08,71,29.22
2018-01-05,71,29.22
2018-01-04,60,24.69
2018-01-03,52,21.40
2018-01-02,37,15.23
2017-12-29,26,10.70
2017-12-28,36,14.81
2017-12-27,34,13.99
2017-12-26,39,16.05
2017-12-22,41,16.87
2017-12-21,42,17.28
2017-12-20,36,14.81
2017-12-19,30,12.35
2017-12-18,45,18.52
2017-12-15,24,9.88
2017-12-14,10,4.12
2017-12-13,40,16.46
2017-12-12,35,14.40
2017-12-11,39,16.05
2017-12-08,46,18.93
2017-12-07,34,13.99
2017-12-06,28,11.52
2017-12-05,36,14.81
2017-12-04,65,26.75
2017-12-01,51,20.99
2017-11-30,63,25.93
2017-11-29,59,24.28
2017-11-28,47,19.34
2017-11-27,33,13.58
2017-11-24,34,13.99
2017-11-22,33,13.58
2017-11-21,43,17.70
2017-11-20,29,11.93
2017-11-17,24,9.88
2017-11-16,22,9.05
2017-11-15,15,6.17
2017-11-14,29,11.93
2017-11-13,28,11.52
2017-11-10,27,11.11
2017-11-09,32,13.17
2017-11-08,47,19.34
2017-11-07,42,17.28
2017-11-06,44,18.11
2017-11-03,46,18.93
2017-11-02,41,16.87
2017-11-01,37,15.23
2017-10-31,40,16.46
2017-10-30,39,16.05
2017-10-27,50,20.58
2017-10-26,41,16.87
2017-10-25,36,14.81
2017-10-24,55,22.63
2017-10-23,47,19.34
2017-10-20,59,24.28
2017-10-19,46,18.93
2017-10-18,46,18.93
2017-10-17,47,19.34
2017-10-16,57,23.46
2017-10-13,53,21.81
2017-10-12,44,18.11
2017-10-11,59,24.28
2017-10-10,64,26.34
2017-10-09,51,20.99
2017-10-06,68,27.98
2017-10-05,69,28.40
2017-10-04,60,24.69
2017-10-03,66,27.16
2017-10-02,64,26.34
2017-09-29,60,24.69
2017-09-28,51,20.99
2017-09-27,52,21.40
2017-09-26,42,17.28
2017-09-25,44,18.11
2017-09-22,45,18.52
2017-09-21,41,16.87
2017-09-20,50,20.58
2017-09-19,51,20.99
2017-09-18,46,18.93
2017-09-15,35,14.40
2017-09-14,31,12.76
2017-09-13,30,12.35
2017-09-12,43,17.70
2017-09-11,41,16.87
2017-09-08,24,9.88
2017-09-07,21,8.64
2017-09-06,12,4.94
2017-09-05,15,6.17
2017-09-01,17,7.00
2017-08-31,14,5.76
2017-08-30,12,4.94
2017-08-29,14,5.76
2017-08-28,10,4.12
2017-08-25,6,2.47
2017-08-24,8,3.29
2017-08-23,7,2.88
2017-08-22,8,3.29
2017-08-21,5,2.06
2017-08-18,3,1.23
2017-08-17,2,0.82
2017-08-16,12,4.94
2017-08-15,12,4.94
2017-08-14,11,4.53
2017-08-11,4,1.65
2017-08-10,5,2.06
2017-08-09,19,7.82
2017-08-08,24,9.88
2017-08-07,28,11.52
2017-08-04,19,7.82
2017-08-03,22,9.05
2017-08-02,22,9.05
2017-08-01,19,7.82
2017-07-31,13,5.35
2017-07-28,15,6.17
2017-07-27,13,5.35
2017-07-26,20,8.23
2017-07-25,26,10.70
2017-07-24,17,7.00
2017-07-21,17,7.00
2017-07-20,24,9.88
2017-07-19,20,8.23
2017-07-18,15,6.17
2017-07-17,18,7.41
2017-07-14,25,10.29
2017-07-13,16,6.58
2017-07-12,12,4.94
2017-07-11,8,3.29
2017-07-10,9,3.70
2017-07-07,7,2.88
2017-07-06,5,2.06
2017-07-05,12,4.94
2017-07-03,16,6.58
2017-06-30,10,4.12
2017-06-29,10,4.12
2017-06-28,14,5.76
2017-06-27,10,4.12
2017-06-26,17,7.00
2017-06-23,20,8.23
2017-06-22,22,9.05
2017-06-21,20,8.23
2017-06-20,23,9.47
2017-06-19,41,16.87
2017-06-16,30,12.35
2017-06-15,25,10.29
2017-06-14,29,11.93
2017-06-13,19,7.82
2017-06-12,14,5.76
2017-06-09,22,9.05
2017-06-08,39,16.05
2017-06-07,46,18.93
2017-06-06,39,16.05
2017-06-05,58,23.87
2017-06-02,74,30.45
2017-06-01,60,24.69
2017-05-31,39,16.05
2017-05-30,34,13.99
2017-05-26,37,15.23
2017-05-25,43,17.70
2017-05-24,26,10.70
2017-05-23,21,8.64
2017-05-22,18,7.41
2017-05-19,9,3.70
2017-05-18,6,2.47
2017-05-17,6,2.47
2017-05-16,39,16.05
2017-05-15,33,13.58
2017-05-12,31,12.76
2017-05-11,30,12.35
2017-05-10,41,16.87
2017-05-09,40,16.46
2017-05-08,39,16.05
2017-05-05,44,18.11
2017-05-04,37,15.23
2017-05-03,33,13.58
2017-05-02,40,16.46
2017-05-01,41,16.87
2017-04-28,41,16.87
2017-04-27,51,20.99
2017-04-26,42,17.28
2017-04-25,34,13.99
2017-04-24,24,9.88
2017-04-21,8,3.29
2017-04-20,9,3.70
2017-04-19,7,2.88
2017-04-18,9,3.70
2017-04-17,6,2.47
2017-04-13,4,1.65
2017-04-12,8,3.29
2017-04-11,8,3.29
2017-04-10,6,2.47
2017-04-07,5,2.06
2017-04-06,6,2.47
2017-04-05,6,2.47
2017-04-04,5,2.06
2017-04-03,8,3.29
2017-03-31,8,3.29
2017-03-30,13,5.35
2017-03-29,16,6.58
2017-03-28,12,4.94
2017-03-27,7,2.88
2017-03-24,9,3.70
2017-03-23,8,3.29
2017-03-22,9,3.70
2017-03-21,8,3.29
2017-03-20,25,10.29
2017-03-17,31,12.76
2017-03-16,33,13.58
2017-03-15,37,15.23
2017-03-14,19,7.82
2017-03-13,26,10.70
2017-03-10,32,13.17
2017-03-09,25,10.29
2017-03-08,20,8.23
2017-03-07,26,10.70
2017-03-06,33,13.58
2017-03-03,45,18.52
2017-03-02,47,19.34
2017-03-01,64,26.34
2017-02-28,46,18.93
2017-02-27,60,24.69
2017-02-24,66,27.16
2017-02-23,57,23.46
2017-02-22,69,28.40
2017-02-21,72,29.63
2017-02-17,62,25.51
2017-02-16,57,23.46
2017-02-15,67,27.57
2017-02-14,52,21.40
2017-02-13,47,19.34
2017-02-10,37,15.23
2017-02-09,34,13.99
2017-02-08,24,9.88
2017-02-07,25,10.29
2017-02-06,17,7.00
2017-02-03,21,8.64
2017-02-02,17,7.00
2017-02-01,17,7.00
2017-01-31,15,6.17
2017-01-30,13,5.35
2017-01-27,30,12.35
2017-01-26,35,14.40
2017-01-25,44,18.11
2017-01-24,27,11.11
2017-01-23,11,4.53
2017-01-20,9,3.70
2017-01-19,7,2.88
2017-01-18,10,4.12
2017-01-17,5,2.06
2017-01-13,9,3.70
2017-01-12,3,1.23
2017-01-11,8,3.29
2017-01-10,8,3.29
2017-01-09,5,2.06
2017-01-06,8,3.29
2017-01-05,8,3.29
2017-01-04,16,6.58
2017-01-03,9,3.70
2016-12-30,7,2.88
2016-12-29,11,4.53
2016-12-28,11,4.53
2016-12-27,22,9.05
2016-12-23,24,9.88
2016-12-22,25,10.29
2016-12-21,32,13.17
2016-12-20,37,15.23
2016-12-19,30,12.35
2016-12-16,26,10.70
2016-12-15,32,13.17
2016-12-14,27,11.11
2016-12-13,56,23.05
2016-12-12,50,20.58
2016-12-09,67,27.57
2016-12-08,70,28.81
2016-12-07,70,28.81
2016-12-06,50,20.58
2016-12-05,40,16.46
2016-12-02,36,14.81
2016-12-01,42,17.28
2016-11-30,39,16.05
2016-11-29,43,17.70
2016-11-28,42,17.28
2016-11-25,69,28.40
2016-11-23,64,26.34
2016-11-22,61,25.10
2016-11-21,59,24.28
2016-11-18,53,21.81
2016-11-17,58,23.87
2016-11-16,49,20.16
2016-11-15,59,24.28
2016-11-14,63,25.93
2016-11-11,57,23.46
2016-11-10,54,22.22
2016-11-09,41,16.87
2016-11-08,14,5.76
2016-11-07,13,5.35
2016-11-04,7,2.88
2016-11-03,5,2.06
2016-11-02,4,1.65
2016-11-01,5,2.06
2016-10-31,6,2.47
2016-10-28,9,3.70
2016-10-27,8,3.29
2016-10-26,8,3.29
2016-10-25,4,1.65
2016-10-24,7,2.88
2016-10-21,4,1.65
2016-10-20,2,0.82
2016-10-19,2,0.82
2016-10-17,1,0.41
2016-10-14,1,0.41
2016-10-12,1,0.41
2016-10-10,5,2.06
2016-10-07,6,2.47
2016-10-06,10,4.12
2016-10-05,13,5.35
2016-10-04,9,3.70
2016-10-03,13,5.35
2016-09-30,12,4.94
2016-09-29,7,2.88
2016-09-28,7,2.88
2016-09-27,3,1.23
2016-09-26,2,0.82
2016-09-23,4,1.65
2016-09-22,4,1.65
2016-09-21,4,1.65
2016-09-20,2,0.82
2016-09-19,2,0.82
2016-09-16,6,2.47
2016-09-15,6,2.47
2016-09-14,3,1.23
2016-09-13,3,1.23
2016-09-12,6,2.47
2016-09-09,4,1.65
2016-09-08,17,7.00
2016-09-07,22,9.05
2016-09-06,20,8.23
2016-09-02,17,7.00
2016-09-01,11,4.53
2016-08-31,14,5.76
2016-08-30,20,8.23
2016-08-29,18,7.41
2016-08-26,13,5.35
2016-08-25,10,4.12
2016-08-24,10,4.12
2016-08-23,20,8.23
2016-08-22,17,7.00
2016-08-19,19,7.82
2016-08-18,19,7.82
2016-08-17,13,5.35
2016-08-16,19,7.82
2016-08-15,35,14.40
2016-08-12,26,10.70
2016-08-11,27,11.11
2016-08-10,19,7.82
2016-08-09,27,11.11
2016-08-08,25,10.29
2016-08-05,31,12.76
2016-08-04,20,8.23
2016-08-03,16,6.58
2016-08-02,15,6.17
2016-08-01,36,14.81
2016-07-29,36,14.81
2016-07-28,30,12.35
2016-07-27,26,10.70
2016-07-26,22,9.05
2016-07-25,18,7.41
2016-07-22,19,7.82
2016-07-21,12,4.94
2016-07-20,24,9.88
2016-07-19,15,6.17
2016-07-18,19,7.82
2016-07-15,20,8.23
2016-07-14,21,8.64
2016-07-13,22,9.05
2016-07-12,22,9.05
2016-07-11,24,9.88
2016-07-08,27,11.11
2016-07-07,11,4.53
2016-07-06,29,11.93
2016-07-05,29,11.93
2016-07-01,25,10.29
2016-06-30,28,11.52
2016-06-29,20,8.23
2016-06-28,18,7.41
2016-06-27,16,6.58
2016-06-24,6,2.47
2016-06-23,23,9.47
2016-06-22,8,3.29
2016-06-21,11,4.53
2016-06-20,9,3.70
2016-06-17,6,2.47
2016-06-16,6,2.47
2016-06-15,2,0.82
2016-06-14,13,5.35
2016-06-13,8,3.29
2016-06-10,14,5.76
2016-06-09,29,11.93
2016-06-08,33,13.58
2016-06-07,29,11.93
2016-06-06,22,9.05
2016-06-03,18,7.41
2016-06-02,24,9.88
2016-06-01,17,7.00
2016-05-31,18,7.41
2016-05-27,12,4.94
2016-05-26,10,4.12
2016-05-25,8,3.29
2016-05-24,10,4.12
2016-05-23,5,2.06
2016-05-20,4,1.65
2016-05-19,3,1.23
2016-05-18,1,0.41
2016-05-17,3,1.23
2016-05-16,10,4.12
2016-05-13,5,2.06
2016-05-12,12,4.94
2016-05-11,11,4.53
2016-05-10,23,9.47
2016-05-09,13,5.35
2016-05-06,11,4.53
2016-05-05,8,3.29
2016-05-04,9,3.70
2016-05-03,10,4.12
2016-05-02,19,7.82
2016-04-29,11,4.53
2016-04-28,13,5.35
2016-04-27,36,14.81
2016-04-26,31,12.76
2016-04-25,20,8.23
2016-04-22,37,15.23
2016-04-21,30,12.35
2016-04-20,43,17.70
2016-04-19,45,18.52
2016-04-18,38,15.64
2016-04-15,20,8.23
2016-04-14,19,7.82
2016-04-13,23,9.47
2016-04-12,10,4.12
2016-04-11,5,2.06
2016-04-08,8,3.29
2016-04-07,7,2.88
2016-04-06,19,7.82
2016-04-05,11,4.53
2016-04-04,44,18.11
2016-04-01,66,27.16
2016-03-31,43,17.70
2016-03-30,44,18.11
2016-03-29,39,16.05
2016-03-28,24,9.88
2016-03-24,17,7.00
2016-03-23,18,7.41
2016-03-22,41,16.87
2016-03-21,49,20.16
2016-03-18,67,27.57
2016-03-17,64,26.34
2016-03-16,35,14.40
2016-03-15,19,7.82
2016-03-14,26,10.70
2016-03-11,36,14.81
2016-03-10,18,7.41
2016-03-09,19,7.82
2016-03-08,15,6.17
2016-03-07,41,16.87
2016-03-04,36,14.81
2016-03-03,35,14.40
2016-03-02,25,10.29
2016-03-01,21,8.64
2016-02-29,10,4.12
2016-02-26,12,4.94
2016-02-25,30,12.35
2016-02-24,20,8.23
2016-02-23,16,6.58
2016-02-22,18,7.41
2016-02-19,13,5.35
2016-02-18,18,7.41
2016-02-17,14,5.76
2016-02-16,9,3.70
2016-02-12,2,0.82
2016-02-11,4,1.65
2016-02-10,13,5.35
2016-02-09,21,8.64
2016-02-08,21,8.64
2016-02-05,21,8.64
2016-02-04,26,10.70
2016-02-03,32,13.17
2016-02-02,32,13.17
2016-02-01,47,19.34
2016-01-29,47,19.34
2016-01-28,31,12.76
2016-01-27,25,10.29
2016-01-26,31,12.76
2016-01-25,22,9.05
2016-01-22,29,11.93
2016-01-21,23,9.47
2016-01-20,22,9.05
2016-01-19,35,14.40
2016-01-15,34,13.99
2016-01-14,46,18.93
2016-01-13,42,17.28
2016-01-12,68,27.98
2016-01-11,64,26.34
2016-01-08,64,26.34
2016-01-07,79,32.51
2016-01-06,120,49.38
2016-01-05,144,59.26
