Date,Price,RSI,STATUS,D%Change,YTD%Change,Year
01-10-2023,40.55,62.85,HOLD,1.17,3.81,2023
01-09-2023,40.08,60.24,HOLD,-0.94,2.61,2023
01-06-2023,40.46,63.60,HOLD,2.90,3.58,2023
01-05-2023,39.32,56.91,HOLD,-0.58,0.67,2023
01-04-2023,39.55,58.94,HOLD,1.25,1.25,2023
01-03-2023,39.06,55.82,HOLD,-0.89,0.00,2023
12-30-2022,39.41,58.78,HOLD,0.05,,2022
12-29-2022,39.39,58.66,HOLD,1.73,,2022
12-28-2022,38.72,54.68,HOLD,-1.73,,2022
12-27-2022,39.40,60.14,HOLD,0.87,,2022
12-23-2022,39.06,58.20,HOLD,1.35,,2022
12-22-2022,38.54,55.11,HOLD,-1.31,,2022
12-21-2022,39.05,59.09,HOLD,2.01,,2022
12-20-2022,38.28,54.48,HOLD,1.86,,2022
12-19-2022,37.58,49.68,HOLD,-1.44,,2022
12-16-2022,38.13,53.82,HOLD,0.53,,2022
12-15-2022,37.93,52.48,HOLD,-2.74,,2022
12-14-2022,39.00,61.29,HOLD,-0.54,,2022
12-13-2022,39.21,63.22,HOLD,0.85,,2022
12-12-2022,38.88,61.44,HOLD,2.32,,2022
12-09-2022,38.00,56.21,HOLD,0.96,,2022
12-08-2022,37.64,53.83,HOLD,-0.61,,2022
12-07-2022,37.87,55.63,HOLD,0.00,,2022
12-06-2022,37.87,55.63,HOLD,-1.74,,2022
12-05-2022,38.54,60.71,HOLD,-1.38,,2022
12-02-2022,39.08,65.16,HOLD,1.74,,2022
12-01-2022,38.41,61.94,HOLD,1.96,,2022
11-30-2022,37.67,57.96,HOLD,1.21,,2022
11-29-2022,37.22,55.33,HOLD,0.51,,2022
11-28-2022,37.03,54.20,HOLD,-2.66,,2022
11-25-2022,38.04,61.90,HOLD,0.05,,2022
11-23-2022,38.02,61.80,HOLD,-0.55,,2022
11-22-2022,38.23,63.43,HOLD,2.58,,2022
11-21-2022,37.27,58.84,HOLD,0.46,,2022
11-18-2022,37.10,57.98,HOLD,1.73,,2022
11-17-2022,36.47,54.70,HOLD,-1.00,,2022
11-16-2022,36.84,57.13,HOLD,0.79,,2022
11-15-2022,36.55,55.70,HOLD,-0.27,,2022
11-14-2022,36.65,56.30,HOLD,-2.08,,2022
11-11-2022,37.43,61.09,HOLD,-2.27,,2022
11-10-2022,38.30,66.99,HOLD,5.39,,2022
11-09-2022,36.34,58.63,HOLD,-1.36,,2022
11-08-2022,36.84,62.37,HOLD,0.63,,2022
11-07-2022,36.61,61.31,HOLD,1.58,,2022
11-04-2022,36.04,58.65,HOLD,2.30,,2022
11-03-2022,35.23,54.51,HOLD,-0.31,,2022
11-02-2022,35.34,55.21,HOLD,-3.15,,2022
11-01-2022,36.49,63.02,HOLD,2.64,,2022
10-31-2022,35.55,58.57,HOLD,-1.71,,2022
10-28-2022,36.17,63.23,HOLD,3.08,,2022
10-27-2022,35.09,57.80,HOLD,1.09,,2022
10-26-2022,34.71,55.66,HOLD,-2.42,,2022
10-25-2022,35.57,62.30,HOLD,0.48,,2022
10-24-2022,35.40,61.46,HOLD,0.08,,2022
10-21-2022,35.37,61.32,HOLD,3.97,,2022
10-20-2022,34.02,54.29,HOLD,-0.64,,2022
10-19-2022,34.24,55.82,HOLD,1.87,,2022
10-18-2022,33.61,52.23,HOLD,2.06,,2022
10-17-2022,32.93,47.99,HOLD,1.98,,2022
10-14-2022,32.29,43.61,HOLD,-1.82,,2022
10-13-2022,32.89,47.06,HOLD,2.43,,2022
10-12-2022,32.11,41.48,HOLD,-2.70,,2022
10-11-2022,33.00,46.69,HOLD,0.18,,2022
10-10-2022,32.94,46.27,HOLD,1.23,,2022
10-07-2022,32.54,43.50,HOLD,-1.99,,2022
10-06-2022,33.20,47.23,HOLD,-0.39,,2022
10-05-2022,33.33,47.99,HOLD,-0.54,,2022
10-04-2022,33.51,48.99,HOLD,4.43,,2022
10-03-2022,32.09,39.74,HOLD,3.75,,2022
09-30-2022,30.93,30.13,HOLD,-0.03,,2022
09-29-2022,30.94,30.17,HOLD,-2.86,,2022
09-28-2022,31.85,33.82,HOLD,2.41,,2022
09-27-2022,31.10,27.06,BUY,0.19,,2022
09-26-2022,31.04,26.51,BUY,-2.48,,2022
09-23-2022,31.83,29.24,BUY,-2.93,,2022
09-22-2022,32.79,33.09,HOLD,-1.91,,2022
09-21-2022,33.43,36.03,HOLD,-2.48,,2022
09-20-2022,34.28,40.46,HOLD,0.18,,2022
09-19-2022,34.22,39.97,HOLD,1.81,,2022
09-16-2022,33.61,34.99,HOLD,-1.98,,2022
09-15-2022,34.29,38.28,HOLD,-2.92,,2022
09-14-2022,35.32,44.11,HOLD,0.34,,2022
09-13-2022,35.20,43.17,HOLD,-4.92,,2022
09-12-2022,37.02,56.52,HOLD,1.68,,2022
09-09-2022,36.41,51.90,HOLD,1.56,,2022
09-08-2022,35.85,47.09,HOLD,1.39,,2022
09-07-2022,35.36,42.42,HOLD,1.81,,2022
09-06-2022,34.73,35.64,HOLD,-0.83,,2022
09-02-2022,35.02,37.53,HOLD,-0.09,,2022
09-01-2022,35.05,37.72,HOLD,-1.07,,2022
08-31-2022,35.43,40.14,HOLD,-1.23,,2022
08-30-2022,35.87,43.11,HOLD,-1.99,,2022
08-29-2022,36.60,48.65,HOLD,-0.16,,2022
08-26-2022,36.66,49.14,HOLD,-2.96,,2022
08-25-2022,37.78,59.33,HOLD,2.03,,2022
08-24-2022,37.03,53.31,HOLD,0.95,,2022
08-23-2022,36.68,50.11,HOLD,0.55,,2022
08-22-2022,36.48,48.22,HOLD,-2.98,,2022
08-19-2022,37.60,60.01,HOLD,-2.19,,2022
08-18-2022,38.44,72.33,SELL,-0.03,,2022
08-17-2022,38.45,72.49,SELL,-0.72,,2022
08-16-2022,38.73,77.05,SELL,0.03,,2022
08-15-2022,38.72,77.00,SELL,0.44,,2022
08-12-2022,38.55,76.21,SELL,0.84,,2022
08-11-2022,38.23,74.71,SELL,0.84,,2022
08-10-2022,37.91,73.13,SELL,1.26,,2022
08-09-2022,37.44,70.62,SELL,-0.32,,2022
08-08-2022,37.56,72.22,SELL,1.35,,2022
08-05-2022,37.06,69.56,HOLD,-0.13,,2022
08-04-2022,37.11,70.18,SELL,-0.32,,2022
08-03-2022,37.23,71.61,SELL,0.08,,2022
08-02-2022,37.20,71.48,SELL,-0.40,,2022
08-01-2022,37.35,73.09,SELL,0.59,,2022
07-29-2022,37.13,72.24,SELL,3.02,,2022
07-28-2022,36.04,67.49,HOLD,2.47,,2022
07-27-2022,35.17,62.77,HOLD,0.98,,2022
07-26-2022,34.83,60.70,HOLD,0.00,,2022
07-25-2022,34.83,60.70,HOLD,1.37,,2022
07-22-2022,34.36,57.90,HOLD,-1.12,,2022
07-21-2022,34.75,61.26,HOLD,-0.29,,2022
07-20-2022,34.85,62.11,HOLD,1.07,,2022
07-19-2022,34.48,60.20,HOLD,4.48,,2022
07-18-2022,33.00,51.03,HOLD,-0.96,,2022
07-15-2022,33.32,53.50,HOLD,0.82,,2022
07-14-2022,33.05,51.67,HOLD,-0.39,,2022
07-13-2022,33.18,52.59,HOLD,-0.69,,2022
07-12-2022,33.41,54.20,HOLD,1.43,,2022
07-11-2022,32.94,51.39,HOLD,0.61,,2022
07-08-2022,32.74,50.18,HOLD,0.58,,2022
07-07-2022,32.55,49.06,HOLD,1.91,,2022
07-06-2022,31.94,45.42,HOLD,2.70,,2022
07-05-2022,31.10,39.92,HOLD,-2.20,,2022
07-01-2022,31.80,43.29,HOLD,1.11,,2022
06-30-2022,31.45,40.98,HOLD,0.42,,2022
06-29-2022,31.32,40.13,HOLD,-1.76,,2022
06-28-2022,31.88,42.57,HOLD,0.25,,2022
06-27-2022,31.80,42.10,HOLD,-1.18,,2022
06-24-2022,32.18,43.66,HOLD,4.82,,2022
06-23-2022,30.70,34.94,HOLD,-2.32,,2022
06-22-2022,31.43,37.60,HOLD,-0.73,,2022
06-21-2022,31.66,38.46,HOLD,0.44,,2022
06-17-2022,31.52,37.66,HOLD,2.34,,2022
06-16-2022,30.80,33.50,HOLD,-5.84,,2022
06-15-2022,32.71,40.08,HOLD,1.58,,2022
06-14-2022,32.20,37.02,HOLD,0.03,,2022
06-13-2022,32.19,36.96,HOLD,-5.27,,2022
06-10-2022,33.98,43.74,HOLD,-3.38,,2022
06-09-2022,35.17,49.33,HOLD,-3.56,,2022
06-08-2022,36.47,56.68,HOLD,-2.56,,2022
06-07-2022,37.43,63.13,HOLD,2.13,,2022
06-06-2022,36.65,59.67,HOLD,0.05,,2022
06-03-2022,36.63,59.58,HOLD,-0.97,,2022
06-02-2022,36.99,61.90,HOLD,3.67,,2022
06-01-2022,35.68,56.13,HOLD,-0.25,,2022
05-31-2022,35.77,56.68,HOLD,-0.72,,2022
05-27-2022,36.03,58.20,HOLD,4.10,,2022
05-26-2022,34.61,51.61,HOLD,1.94,,2022
05-25-2022,33.95,48.08,HOLD,0.71,,2022
05-24-2022,33.71,46.76,HOLD,-1.72,,2022
05-23-2022,34.30,49.63,HOLD,3.44,,2022
05-20-2022,33.16,43.41,HOLD,-0.87,,2022
05-19-2022,33.45,44.71,HOLD,-0.42,,2022
05-18-2022,33.59,45.32,HOLD,-4.68,,2022
05-17-2022,35.24,53.28,HOLD,3.46,,2022
05-16-2022,34.06,47.11,HOLD,0.80,,2022
05-13-2022,33.79,45.59,HOLD,2.86,,2022
05-12-2022,32.85,39.99,HOLD,-2.06,,2022
05-11-2022,33.54,43.00,HOLD,-1.29,,2022
05-10-2022,33.98,45.02,HOLD,2.13,,2022
05-09-2022,33.27,40.87,HOLD,-5.02,,2022
05-06-2022,35.03,49.45,HOLD,-1.10,,2022
05-05-2022,35.42,51.68,HOLD,-3.12,,2022
05-04-2022,36.56,58.89,HOLD,4.49,,2022
05-03-2022,34.99,49.96,HOLD,3.40,,2022
05-02-2022,33.84,41.28,HOLD,-0.82,,2022
04-29-2022,34.12,42.97,HOLD,-2.37,,2022
04-28-2022,34.95,48.41,HOLD,1.60,,2022
04-27-2022,34.40,44.05,HOLD,0.41,,2022
04-26-2022,34.26,42.91,HOLD,-1.61,,2022
04-25-2022,34.82,46.42,HOLD,-0.40,,2022
04-22-2022,34.96,47.32,HOLD,-1.99,,2022
04-21-2022,35.67,52.07,HOLD,-3.18,,2022
04-20-2022,36.84,61.51,HOLD,0.55,,2022
04-19-2022,36.64,60.37,HOLD,3.39,,2022
04-18-2022,35.44,52.53,HOLD,-0.11,,2022
04-14-2022,35.48,52.86,HOLD,0.57,,2022
04-13-2022,35.28,51.47,HOLD,1.73,,2022
04-12-2022,34.68,47.13,HOLD,1.31,,2022
04-11-2022,34.23,43.62,HOLD,-0.84,,2022
04-08-2022,34.52,45.43,HOLD,0.29,,2022
04-07-2022,34.42,44.69,HOLD,0.76,,2022
04-06-2022,34.16,42.84,HOLD,-0.84,,2022
04-05-2022,34.45,44.38,HOLD,-3.82,,2022
04-04-2022,35.82,52.68,HOLD,-1.38,,2022
04-01-2022,36.32,56.25,HOLD,1.06,,2022
03-31-2022,35.94,54.06,HOLD,-1.37,,2022
03-30-2022,36.44,57.59,HOLD,-1.19,,2022
03-29-2022,36.88,60.83,HOLD,1.07,,2022
03-28-2022,36.49,58.93,HOLD,-1.38,,2022
03-25-2022,37.00,62.62,HOLD,-0.05,,2022
03-24-2022,37.02,62.77,HOLD,0.79,,2022
03-23-2022,36.73,61.58,HOLD,-1.58,,2022
03-22-2022,37.32,65.52,HOLD,4.01,,2022
03-21-2022,35.88,59.68,HOLD,0.42,,2022
03-18-2022,35.73,59.00,HOLD,2.26,,2022
03-17-2022,34.94,55.36,HOLD,0.03,,2022
03-16-2022,34.93,55.32,HOLD,2.43,,2022
03-15-2022,34.10,51.40,HOLD,2.03,,2022
03-14-2022,33.42,47.93,HOLD,-0.92,,2022
03-11-2022,33.73,49.42,HOLD,-1.60,,2022
03-10-2022,34.28,52.10,HOLD,0.88,,2022
03-09-2022,33.98,50.75,HOLD,3.19,,2022
03-08-2022,32.93,45.78,HOLD,1.57,,2022
03-07-2022,32.42,43.20,HOLD,-4.22,,2022
03-04-2022,33.85,49.32,HOLD,-2.87,,2022
03-03-2022,34.85,54.31,HOLD,-0.80,,2022
03-02-2022,35.13,55.78,HOLD,6.10,,2022
03-01-2022,33.11,46.00,HOLD,-7.82,,2022
02-28-2022,35.92,64.41,HOLD,0.48,,2022
02-25-2022,35.75,63.59,HOLD,3.98,,2022
02-24-2022,34.38,56.02,HOLD,1.69,,2022
02-23-2022,33.81,52.18,HOLD,-1.74,,2022
02-22-2022,34.41,57.05,HOLD,-0.43,,2022
02-18-2022,34.56,58.31,HOLD,-1.20,,2022
02-17-2022,34.98,61.88,HOLD,-2.10,,2022
02-16-2022,35.73,68.85,HOLD,2.11,,2022
02-15-2022,34.99,65.27,HOLD,2.70,,2022
02-14-2022,34.07,59.94,HOLD,-0.79,,2022
02-11-2022,34.34,62.55,HOLD,-0.64,,2022
02-10-2022,34.56,64.69,HOLD,0.26,,2022
02-09-2022,34.47,64.22,HOLD,2.86,,2022
02-08-2022,33.51,58.87,HOLD,2.07,,2022
02-07-2022,32.83,54.38,HOLD,2.02,,2022
02-04-2022,32.18,49.49,HOLD,-1.05,,2022
02-03-2022,32.52,52.21,HOLD,-0.28,,2022
02-02-2022,32.61,52.92,HOLD,3.13,,2022
02-01-2022,31.62,45.27,HOLD,1.70,,2022
01-31-2022,31.09,40.45,HOLD,1.07,,2022
01-28-2022,30.76,37.26,HOLD,0.39,,2022
01-27-2022,30.64,36.10,HOLD,-3.10,,2022
01-26-2022,31.62,41.97,HOLD,-1.89,,2022
01-25-2022,32.23,46.32,HOLD,-1.80,,2022
01-24-2022,32.82,51.07,HOLD,0.58,,2022
01-21-2022,32.63,49.52,HOLD,-2.83,,2022
01-20-2022,33.58,58.05,HOLD,-0.74,,2022
01-19-2022,33.83,60.60,HOLD,-1.43,,2022
01-18-2022,34.32,65.87,HOLD,-2.14,,2022
01-14-2022,35.07,75.16,SELL,2.01,,2022
01-13-2022,34.38,71.76,SELL,1.39,,2022
01-12-2022,33.91,69.08,HOLD,-0.03,,2022
01-11-2022,33.92,69.21,HOLD,-0.18,,2022
01-10-2022,33.98,69.94,HOLD,-0.09,,2022
01-07-2022,34.01,70.29,SELL,1.07,,2022
01-06-2022,33.65,68.56,HOLD,0.99,,2022
01-05-2022,33.32,66.92,HOLD,-0.63,,2022
01-04-2022,33.53,69.05,HOLD,3.71,,2022
01-03-2022,32.33,62.78,HOLD,1.57,,2022
12-31-2021,31.83,59.61,HOLD,0.60,,2021
12-30-2021,31.64,58.37,HOLD,0.03,,2021
12-29-2021,31.63,58.30,HOLD,-0.03,,2021
12-28-2021,31.64,58.38,HOLD,0.93,,2021
12-27-2021,31.35,56.74,HOLD,0.71,,2021
12-23-2021,31.13,55.51,HOLD,2.74,,2021
12-22-2021,30.30,50.57,HOLD,-0.95,,2021
12-21-2021,30.59,52.46,HOLD,4.55,,2021
12-20-2021,29.26,43.45,HOLD,-2.34,,2021
12-17-2021,29.96,47.88,HOLD,1.63,,2021
12-16-2021,29.48,44.26,HOLD,-1.70,,2021
12-15-2021,29.99,47.52,HOLD,1.04,,2021
12-14-2021,29.68,45.24,HOLD,-1.33,,2021
12-13-2021,30.08,47.72,HOLD,-2.53,,2021
12-10-2021,30.86,52.98,HOLD,0.03,,2021
12-09-2021,30.85,52.92,HOLD,-0.74,,2021
12-08-2021,31.08,54.44,HOLD,0.81,,2021
12-07-2021,30.83,53.08,HOLD,1.31,,2021
12-06-2021,30.43,50.89,HOLD,4.71,,2021
12-03-2021,29.06,42.34,HOLD,0.90,,2021
12-02-2021,28.80,40.51,HOLD,5.07,,2021
12-01-2021,27.41,29.42,BUY,-2.56,,2021
11-30-2021,28.13,32.32,HOLD,-1.30,,2021
11-29-2021,28.50,33.91,HOLD,-0.87,,2021
11-26-2021,28.75,35.00,HOLD,-6.44,,2021
11-24-2021,30.73,45.74,HOLD,-0.16,,2021
11-23-2021,30.78,46.07,HOLD,1.65,,2021
11-22-2021,30.28,42.18,HOLD,0.33,,2021
11-19-2021,30.18,41.39,HOLD,-3.64,,2021
11-18-2021,31.32,48.35,HOLD,-0.51,,2021
11-17-2021,31.48,49.43,HOLD,-0.73,,2021
11-16-2021,31.71,50.95,HOLD,-4.05,,2021
11-15-2021,33.05,61.14,HOLD,3.38,,2021
11-12-2021,31.97,54.30,HOLD,-0.09,,2021
11-11-2021,32.00,54.55,HOLD,-0.90,,2021
11-10-2021,32.29,56.87,HOLD,-2.42,,2021
11-09-2021,33.09,63.85,HOLD,1.01,,2021
11-08-2021,32.76,62.07,HOLD,-1.92,,2021
11-05-2021,33.40,68.12,HOLD,7.74,,2021
11-04-2021,31.00,51.74,HOLD,1.87,,2021
11-03-2021,30.43,45.57,HOLD,-0.81,,2021
11-02-2021,30.68,48.07,HOLD,0.59,,2021
11-01-2021,30.50,46.09,HOLD,2.73,,2021
10-29-2021,29.69,35.87,HOLD,-0.03,,2021
10-28-2021,29.70,35.95,HOLD,1.09,,2021
10-27-2021,29.38,31.52,HOLD,-1.94,,2021
10-26-2021,29.96,35.67,HOLD,-1.35,,2021
10-25-2021,30.37,39.05,HOLD,-0.30,,2021
10-22-2021,30.46,39.82,HOLD,-0.85,,2021
10-21-2021,30.72,42.04,HOLD,-0.71,,2021
10-20-2021,30.94,43.96,HOLD,0.19,,2021
10-19-2021,30.88,43.31,HOLD,-0.06,,2021
10-18-2021,30.90,43.46,HOLD,-1.37,,2021
10-15-2021,31.33,46.87,HOLD,1.42,,2021
10-14-2021,30.89,42.59,HOLD,-1.47,,2021
10-13-2021,31.35,46.21,HOLD,-0.19,,2021
10-12-2021,31.41,46.69,HOLD,-0.03,,2021
10-11-2021,31.42,46.76,HOLD,-0.70,,2021
10-08-2021,31.64,48.35,HOLD,-1.56,,2021
10-07-2021,32.14,52.09,HOLD,0.56,,2021
10-06-2021,31.96,50.82,HOLD,-0.47,,2021
10-05-2021,32.11,51.88,HOLD,0.72,,2021
10-04-2021,31.88,50.40,HOLD,-1.70,,2021
10-01-2021,32.43,54.10,HOLD,3.94,,2021
09-30-2021,31.20,45.86,HOLD,-2.23,,2021
09-29-2021,31.91,50.74,HOLD,-1.54,,2021
09-28-2021,32.41,54.54,HOLD,-1.79,,2021
09-27-2021,33.00,59.41,HOLD,4.66,,2021
09-24-2021,31.53,48.84,HOLD,-0.57,,2021
09-23-2021,31.71,50.33,HOLD,1.93,,2021
09-22-2021,31.11,45.14,HOLD,1.67,,2021
09-21-2021,30.60,40.22,HOLD,-1.10,,2021
09-20-2021,30.94,42.59,HOLD,-0.16,,2021
09-17-2021,30.99,42.93,HOLD,-1.43,,2021
09-16-2021,31.44,46.05,HOLD,-1.78,,2021
09-15-2021,32.01,50.34,HOLD,1.33,,2021
09-14-2021,31.59,46.96,HOLD,-2.05,,2021
09-13-2021,32.25,52.15,HOLD,3.30,,2021
09-10-2021,31.22,43.02,HOLD,-1.42,,2021
09-09-2021,31.67,46.63,HOLD,1.87,,2021
09-08-2021,31.09,40.68,HOLD,-0.54,,2021
09-07-2021,31.26,41.95,HOLD,-0.35,,2021
09-03-2021,31.37,42.75,HOLD,-1.63,,2021
09-02-2021,31.89,46.68,HOLD,-0.03,,2021
09-01-2021,31.90,46.76,HOLD,0.47,,2021
08-31-2021,31.75,45.51,HOLD,-0.09,,2021
08-30-2021,31.78,45.71,HOLD,-3.08,,2021
08-27-2021,32.79,52.94,HOLD,1.80,,2021
08-26-2021,32.21,48.61,HOLD,-2.22,,2021
08-25-2021,32.94,54.48,HOLD,1.29,,2021
08-24-2021,32.52,51.34,HOLD,0.99,,2021
08-23-2021,32.20,48.84,HOLD,1.23,,2021
08-20-2021,31.81,45.69,HOLD,0.19,,2021
08-19-2021,31.75,45.21,HOLD,-1.49,,2021
08-18-2021,32.23,48.40,HOLD,2.38,,2021
08-17-2021,31.48,42.51,HOLD,-1.56,,2021
08-16-2021,31.98,45.74,HOLD,-0.44,,2021
08-13-2021,32.12,46.67,HOLD,-1.71,,2021
08-12-2021,32.68,50.44,HOLD,-1.00,,2021
08-11-2021,33.01,52.78,HOLD,2.20,,2021
08-10-2021,32.30,47.96,HOLD,2.34,,2021
08-09-2021,31.56,42.26,HOLD,-0.57,,2021
08-06-2021,31.74,43.33,HOLD,0.28,,2021
08-05-2021,31.65,42.66,HOLD,3.09,,2021
08-04-2021,30.70,35.07,HOLD,-6.97,,2021
08-03-2021,33.00,49.92,HOLD,0.82,,2021
08-02-2021,32.73,47.50,HOLD,-0.27,,2021
07-30-2021,32.82,48.22,HOLD,-0.85,,2021
07-29-2021,33.10,50.44,HOLD,0.88,,2021
07-28-2021,32.81,48.15,HOLD,0.24,,2021
07-27-2021,32.73,47.52,HOLD,0.68,,2021
07-26-2021,32.51,45.87,HOLD,0.40,,2021
07-23-2021,32.38,44.91,HOLD,0.15,,2021
07-22-2021,32.33,44.56,HOLD,-1.64,,2021
07-21-2021,32.87,47.59,HOLD,3.07,,2021
07-20-2021,31.89,40.81,HOLD,4.59,,2021
07-19-2021,30.49,28.57,BUY,-3.70,,2021
07-16-2021,31.66,34.03,HOLD,-2.31,,2021
07-15-2021,32.41,38.41,HOLD,-1.19,,2021
07-14-2021,32.80,40.95,HOLD,-0.27,,2021
07-13-2021,32.89,41.53,HOLD,-2.89,,2021
07-12-2021,33.87,48.60,HOLD,-0.24,,2021
07-09-2021,33.95,49.23,HOLD,3.07,,2021
07-08-2021,32.94,40.05,HOLD,-0.90,,2021
07-07-2021,33.24,42.16,HOLD,-0.81,,2021
07-06-2021,33.51,44.09,HOLD,-2.70,,2021
07-02-2021,34.44,51.67,HOLD,-0.52,,2021
07-01-2021,34.62,53.32,HOLD,0.44,,2021
06-30-2021,34.47,52.13,HOLD,2.38,,2021
06-29-2021,33.67,45.28,HOLD,-0.62,,2021
06-28-2021,33.88,46.92,HOLD,-2.76,,2021
06-25-2021,34.84,55.43,HOLD,0.75,,2021
06-24-2021,34.58,53.30,HOLD,2.28,,2021
06-23-2021,33.81,46.23,HOLD,0.00,,2021
06-22-2021,33.81,46.23,HOLD,-0.76,,2021
06-21-2021,34.07,48.36,HOLD,2.65,,2021
06-18-2021,33.19,39.62,HOLD,-2.44,,2021
06-17-2021,34.02,46.52,HOLD,-2.61,,2021
06-16-2021,34.93,56.54,HOLD,-0.23,,2021
06-15-2021,35.01,57.55,HOLD,0.14,,2021
06-14-2021,34.96,57.11,HOLD,-1.16,,2021
06-11-2021,35.37,62.07,HOLD,1.03,,2021
06-10-2021,35.01,59.18,HOLD,-0.06,,2021
06-09-2021,35.03,59.41,HOLD,-1.96,,2021
06-08-2021,35.73,68.16,HOLD,1.22,,2021
06-07-2021,35.30,65.24,HOLD,0.28,,2021
06-04-2021,35.20,64.54,HOLD,1.06,,2021
06-03-2021,34.83,61.89,HOLD,-1.64,,2021
06-02-2021,35.41,69.43,HOLD,-0.56,,2021
06-01-2021,35.61,72.25,SELL,0.37,,2021
05-28-2021,35.48,71.55,SELL,0.00,,2021
05-27-2021,35.48,71.55,SELL,4.29,,2021
05-26-2021,34.02,62.41,HOLD,0.74,,2021
05-25-2021,33.77,60.39,HOLD,-0.79,,2021
05-24-2021,34.04,63.84,HOLD,0.83,,2021
05-21-2021,33.76,61.73,HOLD,-0.09,,2021
05-20-2021,33.79,62.09,HOLD,0.60,,2021
05-19-2021,33.59,60.67,HOLD,-0.39,,2021
05-18-2021,33.72,62.08,HOLD,0.03,,2021
05-17-2021,33.71,62.01,HOLD,1.38,,2021
05-14-2021,33.25,59.13,HOLD,2.78,,2021
05-13-2021,32.35,52.59,HOLD,1.47,,2021
05-12-2021,31.88,48.61,HOLD,-1.60,,2021
05-11-2021,32.40,53.20,HOLD,-0.55,,2021
05-10-2021,32.58,54.87,HOLD,-2.95,,2021
05-07-2021,33.57,65.33,HOLD,4.22,,2021
05-06-2021,32.21,54.19,HOLD,-0.43,,2021
05-05-2021,32.35,55.91,HOLD,0.50,,2021
05-04-2021,32.19,54.37,HOLD,0.50,,2021
05-03-2021,32.03,52.85,HOLD,0.22,,2021
04-30-2021,31.96,52.20,HOLD,-0.56,,2021
04-29-2021,32.14,53.98,HOLD,0.06,,2021
04-28-2021,32.12,53.81,HOLD,0.28,,2021
04-27-2021,32.03,53.13,HOLD,-0.59,,2021
04-26-2021,32.22,54.72,HOLD,0.81,,2021
04-23-2021,31.96,52.92,HOLD,1.72,,2021
04-22-2021,31.42,49.02,HOLD,-1.60,,2021
04-21-2021,31.93,52.87,HOLD,3.00,,2021
04-20-2021,31.00,45.64,HOLD,-4.82,,2021
04-19-2021,32.57,60.08,HOLD,-0.40,,2021
04-16-2021,32.70,61.58,HOLD,1.08,,2021
04-15-2021,32.35,59.02,HOLD,-0.61,,2021
04-14-2021,32.55,61.18,HOLD,1.28,,2021
04-13-2021,32.14,58.28,HOLD,-0.56,,2021
04-12-2021,32.32,60.11,HOLD,0.28,,2021
04-09-2021,32.23,59.52,HOLD,1.32,,2021
04-08-2021,31.81,56.74,HOLD,0.03,,2021
04-07-2021,31.80,56.67,HOLD,1.27,,2021
04-06-2021,31.40,54.08,HOLD,-2.09,,2021
04-05-2021,32.07,59.63,HOLD,0.79,,2021
04-01-2021,31.82,58.14,HOLD,-0.96,,2021
03-31-2021,32.13,60.72,HOLD,1.16,,2021
03-30-2021,31.76,58.69,HOLD,0.76,,2021
03-29-2021,31.52,57.36,HOLD,-1.47,,2021
03-26-2021,31.99,60.92,HOLD,2.04,,2021
03-25-2021,31.35,57.60,HOLD,3.29,,2021
03-24-2021,30.35,51.62,HOLD,-0.07,,2021
03-23-2021,30.37,51.76,HOLD,-3.74,,2021
03-22-2021,31.55,60.44,HOLD,-0.85,,2021
03-19-2021,31.82,62.68,HOLD,0.19,,2021
03-18-2021,31.76,62.39,HOLD,-1.24,,2021
03-17-2021,32.16,65.51,HOLD,3.28,,2021
03-16-2021,31.14,60.88,HOLD,-2.14,,2021
03-15-2021,31.82,66.39,HOLD,0.86,,2021
03-12-2021,31.55,65.23,HOLD,-0.25,,2021
03-11-2021,31.63,65.86,HOLD,0.57,,2021
03-10-2021,31.45,65.16,HOLD,5.68,,2021
03-09-2021,29.76,57.60,HOLD,-0.17,,2021
03-08-2021,29.81,57.94,HOLD,-1.84,,2021
03-05-2021,30.37,61.80,HOLD,2.77,,2021
03-04-2021,29.55,58.00,HOLD,-2.48,,2021
03-03-2021,30.30,63.35,HOLD,4.55,,2021
03-02-2021,28.98,56.84,HOLD,0.10,,2021
03-01-2021,28.95,56.68,HOLD,2.99,,2021
02-26-2021,28.11,51.98,HOLD,-0.85,,2021
02-25-2021,28.35,53.52,HOLD,-5.94,,2021
02-24-2021,30.14,67.33,HOLD,3.65,,2021
02-23-2021,29.08,61.93,HOLD,1.50,,2021
02-22-2021,28.65,59.40,HOLD,-0.10,,2021
02-19-2021,28.68,59.65,HOLD,3.13,,2021
02-18-2021,27.81,54.34,HOLD,-2.90,,2021
02-17-2021,28.64,61.52,HOLD,0.92,,2021
02-16-2021,28.38,59.98,HOLD,0.35,,2021
02-12-2021,28.28,59.40,HOLD,-1.63,,2021
02-11-2021,28.75,63.41,HOLD,1.48,,2021
02-10-2021,28.33,61.24,HOLD,2.05,,2021
02-09-2021,27.76,58.11,HOLD,0.07,,2021
02-08-2021,27.74,58.00,HOLD,2.25,,2021
02-05-2021,27.13,54.61,HOLD,-0.77,,2021
02-04-2021,27.34,56.05,HOLD,1.79,,2021
02-03-2021,26.86,53.44,HOLD,2.87,,2021
02-02-2021,26.11,49.03,HOLD,4.23,,2021
02-01-2021,25.05,41.81,HOLD,1.91,,2021
01-29-2021,24.58,38.20,HOLD,-0.73,,2021
01-28-2021,24.76,39.07,HOLD,4.92,,2021
01-27-2021,23.60,29.57,BUY,-5.60,,2021
01-26-2021,25.00,35.83,HOLD,-3.21,,2021
01-25-2021,25.83,40.55,HOLD,-3.48,,2021
01-22-2021,26.76,47.00,HOLD,-0.59,,2021
01-21-2021,26.92,48.22,HOLD,-1.75,,2021
01-20-2021,27.40,52.00,HOLD,-1.26,,2021
01-19-2021,27.75,54.91,HOLD,-0.72,,2021
01-15-2021,27.95,56.59,HOLD,-2.24,,2021
01-14-2021,28.59,62.25,HOLD,1.64,,2021
01-13-2021,28.13,59.55,HOLD,-2.56,,2021
01-12-2021,28.87,66.68,HOLD,2.34,,2021
01-11-2021,28.21,63.02,HOLD,1.07,,2021
01-08-2021,27.91,61.21,HOLD,0.61,,2021
01-07-2021,27.74,60.19,HOLD,-1.03,,2021
01-06-2021,28.03,62.81,HOLD,0.43,,2021
01-05-2021,27.91,62.18,HOLD,3.87,,2021
01-04-2021,26.87,56.19,HOLD,-5.85,,2021
12-31-2020,28.54,73.56,SELL,0.63,,2020
12-30-2020,28.36,72.72,SELL,1.39,,2020
12-29-2020,27.97,70.84,SELL,0.87,,2020
12-28-2020,27.73,69.65,HOLD,1.28,,2020
12-24-2020,27.38,67.88,HOLD,-1.40,,2020
12-23-2020,27.77,72.25,SELL,4.95,,2020
12-22-2020,26.46,65.27,HOLD,0.00,,2020
12-21-2020,26.46,65.27,HOLD,-2.97,,2020
12-18-2020,27.27,75.39,SELL,1.15,,2020
12-17-2020,26.96,73.95,SELL,0.48,,2020
12-16-2020,26.83,73.35,SELL,-0.41,,2020
12-15-2020,26.94,74.71,SELL,0.48,,2020
12-14-2020,26.81,74.18,SELL,1.44,,2020
12-11-2020,26.43,72.64,SELL,1.15,,2020
12-10-2020,26.13,71.38,SELL,2.67,,2020
12-09-2020,25.45,68.32,HOLD,0.00,,2020
12-08-2020,25.45,68.32,HOLD,-0.51,,2020
12-07-2020,25.58,69.54,HOLD,0.83,,2020
12-04-2020,25.37,68.70,HOLD,1.28,,2020
12-03-2020,25.05,67.42,HOLD,3.26,,2020
12-02-2020,24.26,64.06,HOLD,2.06,,2020
12-01-2020,23.77,61.80,HOLD,1.32,,2020
11-30-2020,23.46,60.32,HOLD,-4.63,,2020
11-27-2020,24.60,69.46,HOLD,0.20,,2020
11-25-2020,24.55,69.27,HOLD,-2.73,,2020
11-24-2020,25.24,75.26,SELL,3.78,,2020
11-23-2020,24.32,72.29,SELL,1.54,,2020
11-20-2020,23.95,71.00,SELL,1.61,,2020
11-19-2020,23.57,69.64,HOLD,1.64,,2020
11-18-2020,23.19,68.26,HOLD,-1.32,,2020
11-17-2020,23.50,70.69,SELL,1.38,,2020
11-16-2020,23.18,69.66,HOLD,3.67,,2020
11-13-2020,22.36,66.87,HOLD,4.29,,2020
11-12-2020,21.44,63.37,HOLD,-3.77,,2020
11-11-2020,22.28,69.61,HOLD,-3.13,,2020
11-10-2020,23.00,75.53,SELL,2.54,,2020
11-09-2020,22.43,73.90,SELL,18.99,,2020
11-06-2020,18.85,57.28,HOLD,0.05,,2020
11-05-2020,18.84,57.21,HOLD,3.69,,2020
11-04-2020,18.17,52.30,HOLD,-2.47,,2020
11-03-2020,18.63,56.42,HOLD,4.37,,2020
11-02-2020,17.85,50.24,HOLD,3.48,,2020
10-30-2020,17.25,44.63,HOLD,0.23,,2020
10-29-2020,17.21,44.24,HOLD,3.18,,2020
10-28-2020,16.68,38.96,HOLD,-4.85,,2020
10-27-2020,17.53,45.35,HOLD,-4.10,,2020
10-26-2020,18.28,52.40,HOLD,-3.54,,2020
10-23-2020,18.95,60.16,HOLD,0.53,,2020
10-22-2020,18.85,59.33,HOLD,3.91,,2020
10-21-2020,18.14,52.81,HOLD,-0.44,,2020
10-20-2020,18.22,53.71,HOLD,-2.10,,2020
10-19-2020,18.61,58.20,HOLD,0.11,,2020
10-16-2020,18.59,58.04,HOLD,0.49,,2020
10-15-2020,18.50,57.32,HOLD,1.31,,2020
10-14-2020,18.26,55.45,HOLD,2.30,,2020
10-13-2020,17.85,52.11,HOLD,-1.87,,2020
10-12-2020,18.19,55.30,HOLD,-0.60,,2020
10-09-2020,18.30,56.34,HOLD,-2.30,,2020
10-08-2020,18.73,60.45,HOLD,3.42,,2020
10-07-2020,18.11,56.17,HOLD,3.31,,2020
10-06-2020,17.53,51.61,HOLD,-3.58,,2020
10-05-2020,18.18,57.87,HOLD,1.68,,2020
10-02-2020,17.88,55.56,HOLD,3.77,,2020
10-01-2020,17.23,50.06,HOLD,3.05,,2020
09-30-2020,16.72,45.11,HOLD,-3.35,,2020
09-29-2020,17.30,50.38,HOLD,0.64,,2020
09-28-2020,17.19,49.34,HOLD,3.12,,2020
09-25-2020,16.67,44.19,HOLD,1.21,,2020
09-24-2020,16.47,42.09,HOLD,0.18,,2020
09-23-2020,16.44,41.78,HOLD,-3.75,,2020
09-22-2020,17.08,46.66,HOLD,1.18,,2020
09-21-2020,16.88,44.79,HOLD,-4.63,,2020
09-18-2020,17.70,51.68,HOLD,-4.27,,2020
09-17-2020,18.49,59.94,HOLD,-1.54,,2020
09-16-2020,18.78,63.39,HOLD,3.13,,2020
09-15-2020,18.21,59.09,HOLD,-0.98,,2020
09-14-2020,18.39,61.20,HOLD,3.31,,2020
09-11-2020,17.80,56.47,HOLD,4.83,,2020
09-10-2020,16.98,48.36,HOLD,-0.82,,2020
09-09-2020,17.12,49.83,HOLD,-1.04,,2020
09-08-2020,17.30,51.71,HOLD,-2.26,,2020
09-04-2020,17.70,56.08,HOLD,-0.17,,2020
09-03-2020,17.73,56.41,HOLD,-3.33,,2020
09-02-2020,18.34,63.50,HOLD,4.56,,2020
09-01-2020,17.54,56.90,HOLD,0.11,,2020
08-31-2020,17.52,56.72,HOLD,-2.72,,2020
08-28-2020,18.01,62.74,HOLD,3.33,,2020
08-27-2020,17.43,57.82,HOLD,1.40,,2020
08-26-2020,17.19,55.57,HOLD,-1.43,,2020
08-25-2020,17.44,58.59,HOLD,0.00,,2020
08-24-2020,17.44,58.59,HOLD,3.13,,2020
08-21-2020,16.91,54.01,HOLD,-0.18,,2020
08-20-2020,16.94,54.33,HOLD,-1.05,,2020
08-19-2020,17.12,56.16,HOLD,1.12,,2020
08-18-2020,16.93,54.66,HOLD,-2.42,,2020
08-17-2020,17.35,58.78,HOLD,-1.14,,2020
08-14-2020,17.55,60.81,HOLD,0.40,,2020
08-13-2020,17.48,60.37,HOLD,-3.37,,2020
08-12-2020,18.09,66.46,HOLD,-1.04,,2020
08-11-2020,18.28,68.46,HOLD,2.07,,2020
08-10-2020,17.91,66.65,HOLD,5.60,,2020
08-07-2020,16.96,61.34,HOLD,-1.85,,2020
08-06-2020,17.28,64.55,HOLD,7.46,,2020
08-05-2020,16.08,56.66,HOLD,7.06,,2020
08-04-2020,15.02,46.97,HOLD,-0.73,,2020
08-03-2020,15.13,48.00,HOLD,2.37,,2020
07-31-2020,14.78,44.39,HOLD,-2.31,,2020
07-30-2020,15.13,47.45,HOLD,-0.92,,2020
07-29-2020,15.27,48.70,HOLD,-0.33,,2020
07-28-2020,15.32,49.13,HOLD,0.52,,2020
07-27-2020,15.24,48.46,HOLD,-1.99,,2020
07-24-2020,15.55,50.88,HOLD,-1.27,,2020
07-23-2020,15.75,52.46,HOLD,-2.42,,2020
07-22-2020,16.14,55.57,HOLD,0.25,,2020
07-21-2020,16.10,55.32,HOLD,2.68,,2020
07-20-2020,15.68,52.70,HOLD,-4.68,,2020
07-17-2020,16.45,58.54,HOLD,1.54,,2020
07-16-2020,16.20,57.11,HOLD,-2.99,,2020
07-15-2020,16.70,61.03,HOLD,6.44,,2020
07-14-2020,15.69,55.27,HOLD,3.02,,2020
07-13-2020,15.23,52.28,HOLD,-0.65,,2020
07-10-2020,15.33,53.00,HOLD,3.79,,2020
07-09-2020,14.77,49.41,HOLD,-3.65,,2020
07-08-2020,15.33,53.18,HOLD,1.25,,2020
07-07-2020,15.14,52.03,HOLD,-3.81,,2020
07-06-2020,15.74,56.08,HOLD,2.81,,2020
07-02-2020,15.31,53.68,HOLD,0.20,,2020
07-01-2020,15.28,53.51,HOLD,-3.60,,2020
06-30-2020,15.85,57.10,HOLD,-2.28,,2020
06-29-2020,16.22,59.50,HOLD,5.19,,2020
06-26-2020,15.42,55.76,HOLD,1.45,,2020
06-25-2020,15.20,54.69,HOLD,3.97,,2020
06-24-2020,14.62,51.85,HOLD,-2.79,,2020
06-23-2020,15.04,54.14,HOLD,2.66,,2020
06-22-2020,14.65,52.33,HOLD,5.09,,2020
06-19-2020,13.94,48.92,HOLD,-4.39,,2020
06-18-2020,14.58,52.03,HOLD,-1.49,,2020
06-17-2020,14.80,53.11,HOLD,-2.82,,2020
06-16-2020,15.23,55.19,HOLD,4.89,,2020
06-15-2020,14.52,52.33,HOLD,3.71,,2020
06-12-2020,14.00,50.17,HOLD,7.86,,2020
06-11-2020,12.98,45.68,HOLD,-13.29,,2020
06-10-2020,14.97,54.58,HOLD,-7.71,,2020
06-09-2020,16.22,61.59,HOLD,-8.52,,2020
06-08-2020,17.73,71.95,SELL,3.32,,2020
06-05-2020,17.16,70.19,SELL,10.50,,2020
06-04-2020,15.53,64.24,HOLD,2.37,,2020
06-03-2020,15.17,62.72,HOLD,8.43,,2020
06-02-2020,13.99,57.15,HOLD,4.33,,2020
06-01-2020,13.41,54.02,HOLD,2.52,,2020
05-29-2020,13.08,52.17,HOLD,-1.51,,2020
05-28-2020,13.28,53.38,HOLD,-5.28,,2020
05-27-2020,14.02,57.99,HOLD,7.35,,2020
05-26-2020,13.06,53.11,HOLD,5.58,,2020
05-22-2020,12.37,49.17,HOLD,-0.48,,2020
05-21-2020,12.43,49.51,HOLD,-2.51,,2020
05-20-2020,12.75,51.24,HOLD,5.81,,2020
05-19-2020,12.05,47.51,HOLD,-2.35,,2020
05-18-2020,12.34,48.95,HOLD,14.58,,2020
05-15-2020,10.77,39.77,HOLD,-4.27,,2020
05-14-2020,11.25,41.91,HOLD,5.63,,2020
05-13-2020,10.65,38.04,HOLD,-4.23,,2020
05-12-2020,11.12,39.98,HOLD,-5.44,,2020
05-11-2020,11.76,42.73,HOLD,-6.81,,2020
05-08-2020,12.62,46.74,HOLD,6.32,,2020
05-07-2020,11.87,42.36,HOLD,3.31,,2020
05-06-2020,11.49,40.04,HOLD,-5.90,,2020
05-05-2020,12.21,43.09,HOLD,2.18,,2020
05-04-2020,11.95,41.60,HOLD,-4.70,,2020
05-01-2020,12.54,44.03,HOLD,-4.06,,2020
04-30-2020,13.07,46.30,HOLD,-5.90,,2020
04-29-2020,13.89,49.98,HOLD,15.85,,2020
04-28-2020,11.99,39.64,HOLD,5.08,,2020
04-27-2020,11.41,35.88,HOLD,5.55,,2020
04-24-2020,10.81,31.80,HOLD,-1.73,,2020
04-23-2020,11.00,32.41,HOLD,1.57,,2020
04-22-2020,10.83,31.32,HOLD,2.27,,2020
04-21-2020,10.59,29.84,BUY,-9.02,,2020
04-20-2020,11.64,32.70,HOLD,-0.09,,2020
04-17-2020,11.65,32.73,HOLD,8.47,,2020
04-16-2020,10.74,27.53,BUY,-5.54,,2020
04-15-2020,11.37,28.97,BUY,-6.80,,2020
04-14-2020,12.20,30.95,HOLD,-3.17,,2020
04-13-2020,12.60,31.92,HOLD,-4.91,,2020
04-09-2020,13.25,33.52,HOLD,1.30,,2020
04-08-2020,13.08,32.70,HOLD,8.01,,2020
04-07-2020,12.11,28.01,BUY,-4.57,,2020
04-06-2020,12.69,29.14,BUY,1.20,,2020
04-03-2020,12.54,28.45,BUY,0.32,,2020
04-02-2020,12.50,28.27,BUY,-5.30,,2020
04-01-2020,13.20,29.43,BUY,-17.81,,2020
03-31-2020,16.06,34.85,HOLD,-2.07,,2020
03-30-2020,16.40,35.58,HOLD,-1.68,,2020
03-27-2020,16.68,36.15,HOLD,-5.87,,2020
03-26-2020,17.72,38.28,HOLD,9.59,,2020
03-25-2020,16.17,32.80,HOLD,6.73,,2020
03-24-2020,15.15,28.95,BUY,26.36,,2020
03-23-2020,11.99,14.92,BUY,-9.51,,2020
03-20-2020,13.25,16.10,BUY,-16.40,,2020
03-19-2020,15.85,18.97,BUY,1.08,,2020
03-18-2020,15.68,18.08,BUY,-11.16,,2020
03-17-2020,17.65,20.49,BUY,1.20,,2020
03-16-2020,17.44,19.43,BUY,-15.01,,2020
03-13-2020,20.52,23.75,BUY,3.22,,2020
03-12-2020,19.88,20.33,BUY,-10.09,,2020
03-11-2020,22.11,23.78,BUY,-9.01,,2020
03-10-2020,24.30,28.14,BUY,5.47,,2020
03-09-2020,23.04,20.35,BUY,-11.21,,2020
03-06-2020,25.95,26.51,BUY,-2.99,,2020
03-05-2020,26.75,28.74,BUY,-8.26,,2020
03-04-2020,29.16,37.55,HOLD,1.29,,2020
03-03-2020,28.79,34.69,HOLD,-3.87,,2020
03-02-2020,29.95,40.02,HOLD,2.04,,2020
02-28-2020,29.35,35.24,HOLD,-3.39,,2020
02-27-2020,30.38,40.36,HOLD,-4.62,,2020
02-26-2020,31.85,49.98,HOLD,0.44,,2020
02-25-2020,31.71,48.91,HOLD,-4.11,,2020
02-24-2020,33.07,60.70,HOLD,-1.20,,2020
02-21-2020,33.47,64.98,HOLD,-0.68,,2020
02-20-2020,33.70,67.52,HOLD,-1.09,,2020
02-19-2020,34.07,71.71,SELL,2.68,,2020
02-18-2020,33.18,67.16,HOLD,-0.54,,2020
02-14-2020,33.36,69.25,HOLD,1.24,,2020
02-13-2020,32.95,67.08,HOLD,0.43,,2020
02-12-2020,32.81,66.32,HOLD,2.47,,2020
02-11-2020,32.02,61.74,HOLD,1.17,,2020
02-10-2020,31.65,59.33,HOLD,1.12,,2020
02-07-2020,31.30,56.95,HOLD,-0.32,,2020
02-06-2020,31.40,57.85,HOLD,0.45,,2020
02-05-2020,31.26,56.96,HOLD,2.56,,2020
02-04-2020,30.48,51.73,HOLD,1.40,,2020
02-03-2020,30.06,48.61,HOLD,0.37,,2020
01-31-2020,29.95,47.79,HOLD,-1.64,,2020
01-30-2020,30.45,51.25,HOLD,-2.25,,2020
01-29-2020,31.15,56.57,HOLD,-1.02,,2020
01-28-2020,31.47,59.17,HOLD,2.61,,2020
01-27-2020,30.67,54.28,HOLD,5.36,,2020
01-24-2020,29.11,41.62,HOLD,-1.42,,2020
01-23-2020,29.53,44.72,HOLD,2.39,,2020
01-22-2020,28.84,37.64,HOLD,-1.90,,2020
01-21-2020,29.40,41.66,HOLD,0.27,,2020
01-17-2020,29.32,40.82,HOLD,-2.27,,2020
01-16-2020,30.00,46.04,HOLD,2.77,,2020
01-15-2020,29.19,37.14,HOLD,-1.32,,2020
01-14-2020,29.58,40.10,HOLD,0.44,,2020
01-13-2020,29.45,38.59,HOLD,2.08,,2020
01-10-2020,28.85,31.13,HOLD,-3.09,,2020
01-09-2020,29.77,37.64,HOLD,-3.09,,2020
01-08-2020,30.72,47.06,HOLD,-2.20,,2020
01-07-2020,31.41,56.63,HOLD,0.64,,2020
01-06-2020,31.21,54.12,HOLD,-0.89,,2020
01-03-2020,31.49,58.52,HOLD,-0.16,,2020
01-02-2020,31.54,59.32,HOLD,2.50,,2020
12-31-2019,30.77,49.43,HOLD,-0.32,,2019
12-30-2019,30.87,50.93,HOLD,-0.87,,2019
12-27-2019,31.14,55.10,HOLD,-0.19,,2019
12-26-2019,31.20,56.05,HOLD,-0.35,,2019
12-24-2019,31.31,57.74,HOLD,-0.70,,2019
12-23-2019,31.53,61.16,HOLD,0.45,,2019
12-20-2019,31.39,59.75,HOLD,1.26,,2019
12-19-2019,31.00,55.58,HOLD,0.75,,2019
12-18-2019,30.77,52.90,HOLD,-2.26,,2019
12-17-2019,31.48,63.93,HOLD,-1.01,,2019
12-16-2019,31.80,70.05,SELL,0.47,,2019
12-13-2019,31.65,68.75,HOLD,0.09,,2019
12-12-2019,31.62,68.49,HOLD,1.25,,2019
12-11-2019,31.23,65.06,HOLD,0.71,,2019
12-10-2019,31.01,62.95,HOLD,0.71,,2019
12-09-2019,30.79,60.75,HOLD,-0.74,,2019
12-06-2019,31.02,64.47,HOLD,1.77,,2019
12-05-2019,30.48,58.99,HOLD,0.53,,2019
12-04-2019,30.32,57.18,HOLD,-1.24,,2019
12-03-2019,30.70,63.37,HOLD,0.46,,2019
12-02-2019,30.56,61.96,HOLD,-1.29,,2019
11-29-2019,30.96,69.00,HOLD,-0.96,,2019
11-27-2019,31.26,74.94,SELL,-0.10,,2019
11-26-2019,31.29,75.54,SELL,1.07,,2019
11-25-2019,30.96,73.35,SELL,1.34,,2019
11-22-2019,30.55,70.28,SELL,-0.20,,2019
11-21-2019,30.61,71.39,SELL,-0.71,,2019
11-20-2019,30.83,75.48,SELL,-0.58,,2019
11-19-2019,31.01,78.92,SELL,-0.16,,2019
11-18-2019,31.06,79.85,SELL,0.65,,2019
11-15-2019,30.86,78.92,SELL,2.12,,2019
11-14-2019,30.22,75.58,SELL,2.44,,2019
11-13-2019,29.50,70.72,SELL,0.00,,2019
11-12-2019,29.50,70.72,SELL,-0.03,,2019
11-11-2019,29.51,70.89,SELL,1.86,,2019
11-08-2019,28.97,66.92,HOLD,0.21,,2019
11-07-2019,28.91,66.45,HOLD,-1.80,,2019
11-06-2019,29.44,75.24,SELL,-0.24,,2019
11-05-2019,29.51,76.48,SELL,2.54,,2019
11-04-2019,28.78,72.01,SELL,0.84,,2019
11-01-2019,28.54,70.29,SELL,3.90,,2019
10-31-2019,27.47,60.13,HOLD,-0.22,,2019
10-30-2019,27.53,61.22,HOLD,-0.58,,2019
10-29-2019,27.69,64.09,HOLD,0.11,,2019
10-28-2019,27.66,63.80,HOLD,0.07,,2019
10-25-2019,27.64,63.61,HOLD,0.77,,2019
10-24-2019,27.43,61.69,HOLD,0.70,,2019
10-23-2019,27.24,59.92,HOLD,0.59,,2019
10-22-2019,27.08,58.41,HOLD,0.15,,2019
10-21-2019,27.04,58.05,HOLD,0.11,,2019
10-18-2019,27.01,57.79,HOLD,-2.49,,2019
10-17-2019,27.70,66.56,HOLD,0.69,,2019
10-16-2019,27.51,65.21,HOLD,-1.26,,2019
10-15-2019,27.86,70.04,SELL,3.80,,2019
10-14-2019,26.84,62.52,HOLD,1.47,,2019
10-11-2019,26.45,58.85,HOLD,1.65,,2019
10-10-2019,26.02,54.27,HOLD,1.68,,2019
10-09-2019,25.59,48.99,HOLD,2.90,,2019
10-08-2019,24.87,37.84,HOLD,0.48,,2019
10-07-2019,24.75,35.67,HOLD,1.06,,2019
10-04-2019,24.49,30.79,HOLD,0.99,,2019
10-03-2019,24.25,25.98,BUY,0.21,,2019
10-02-2019,24.20,24.97,BUY,-4.20,,2019
10-01-2019,25.26,34.13,HOLD,-2.85,,2019
09-30-2019,26.00,44.76,HOLD,-0.42,,2019
09-27-2019,26.11,46.77,HOLD,-0.72,,2019
09-26-2019,26.30,50.40,HOLD,-0.72,,2019
09-25-2019,26.49,54.32,HOLD,-0.15,,2019
09-24-2019,26.53,55.16,HOLD,-0.90,,2019
09-23-2019,26.77,60.34,HOLD,0.19,,2019
09-20-2019,26.72,59.61,HOLD,-1.55,,2019
09-19-2019,27.14,69.68,HOLD,-0.62,,2019
09-18-2019,27.31,74.40,SELL,0.26,,2019
09-17-2019,27.24,73.72,SELL,0.15,,2019
09-16-2019,27.20,73.35,SELL,0.41,,2019
09-13-2019,27.09,72.34,SELL,0.26,,2019
09-12-2019,27.02,71.70,SELL,0.48,,2019
09-11-2019,26.89,70.53,SELL,0.67,,2019
09-10-2019,26.71,68.89,HOLD,1.56,,2019
09-09-2019,26.30,64.71,HOLD,1.19,,2019
09-06-2019,25.99,61.04,HOLD,-0.08,,2019
09-05-2019,26.01,61.42,HOLD,0.12,,2019
09-04-2019,25.98,61.08,HOLD,0.00,,2019
09-03-2019,25.98,61.08,HOLD,0.54,,2019
08-30-2019,25.84,59.65,HOLD,0.12,,2019
08-29-2019,25.81,59.35,HOLD,1.49,,2019
08-28-2019,25.43,55.49,HOLD,0.99,,2019
08-27-2019,25.18,52.75,HOLD,0.52,,2019
08-26-2019,25.05,51.31,HOLD,3.04,,2019
08-23-2019,24.31,41.90,HOLD,-3.15,,2019
08-22-2019,25.10,51.83,HOLD,-0.40,,2019
08-21-2019,25.20,53.31,HOLD,-0.12,,2019
08-20-2019,25.23,53.74,HOLD,0.80,,2019
08-19-2019,25.03,51.31,HOLD,0.76,,2019
08-16-2019,24.84,48.96,HOLD,1.10,,2019
08-15-2019,24.57,45.47,HOLD,-0.81,,2019
08-14-2019,24.77,47.71,HOLD,-2.44,,2019
08-13-2019,25.39,55.60,HOLD,0.75,,2019
08-12-2019,25.20,53.41,HOLD,-0.08,,2019
08-09-2019,25.22,53.67,HOLD,-0.83,,2019
08-08-2019,25.43,56.33,HOLD,0.87,,2019
08-07-2019,25.21,54.12,HOLD,2.60,,2019
08-06-2019,24.57,46.83,HOLD,4.29,,2019
08-05-2019,23.56,30.70,HOLD,-0.84,,2019
08-02-2019,23.76,32.51,HOLD,-2.46,,2019
08-01-2019,24.36,38.92,HOLD,-2.72,,2019
07-31-2019,25.04,49.09,HOLD,-0.40,,2019
07-30-2019,25.14,50.91,HOLD,-0.04,,2019
07-29-2019,25.15,51.09,HOLD,-2.29,,2019
07-26-2019,25.74,62.99,HOLD,0.51,,2019
07-25-2019,25.61,61.14,HOLD,-0.16,,2019
07-24-2019,25.65,62.03,HOLD,1.95,,2019
07-23-2019,25.16,54.52,HOLD,0.12,,2019
07-22-2019,25.13,54.00,HOLD,-0.20,,2019
07-19-2019,25.18,54.97,HOLD,0.16,,2019
07-18-2019,25.14,54.36,HOLD,-0.63,,2019
07-17-2019,25.30,57.23,HOLD,-1.86,,2019
07-16-2019,25.78,67.08,HOLD,-0.15,,2019
07-15-2019,25.82,67.99,HOLD,-0.69,,2019
07-12-2019,26.00,72.06,SELL,1.09,,2019
07-11-2019,25.72,69.41,HOLD,-0.27,,2019
07-10-2019,25.79,70.97,SELL,-0.19,,2019
07-09-2019,25.84,72.05,SELL,0.08,,2019
07-08-2019,25.82,71.89,SELL,-1.07,,2019
07-05-2019,26.10,77.58,SELL,0.89,,2019
07-03-2019,25.87,76.14,SELL,-1.07,,2019
07-02-2019,26.15,82.11,SELL,0.27,,2019
07-01-2019,26.08,81.77,SELL,1.01,,2019
06-28-2019,25.82,80.53,SELL,1.69,,2019
06-27-2019,25.39,78.25,SELL,2.01,,2019
06-26-2019,24.89,75.10,SELL,2.05,,2019
06-25-2019,24.39,71.23,SELL,0.37,,2019
06-24-2019,24.30,70.47,SELL,-0.12,,2019
06-21-2019,24.33,71.05,SELL,0.75,,2019
06-20-2019,24.15,69.65,HOLD,1.94,,2019
06-19-2019,23.69,65.69,HOLD,0.68,,2019
06-18-2019,23.53,64.18,HOLD,2.84,,2019
06-17-2019,22.88,57.06,HOLD,-0.44,,2019
06-14-2019,22.98,58.73,HOLD,-0.91,,2019
06-13-2019,23.19,62.28,HOLD,2.34,,2019
06-12-2019,22.66,56.05,HOLD,-1.52,,2019
06-11-2019,23.01,62.36,HOLD,-1.20,,2019
06-10-2019,23.29,68.05,HOLD,-1.06,,2019
06-07-2019,23.54,73.62,SELL,1.12,,2019
06-06-2019,23.28,71.36,SELL,1.31,,2019
06-05-2019,22.98,68.46,HOLD,1.91,,2019
06-04-2019,22.55,63.55,HOLD,1.94,,2019
06-03-2019,22.12,57.38,HOLD,1.00,,2019
05-31-2019,21.90,53.66,HOLD,-0.45,,2019
05-30-2019,22.00,55.72,HOLD,-0.14,,2019
05-29-2019,22.03,56.32,HOLD,-0.50,,2019
05-28-2019,22.14,58.46,HOLD,-0.49,,2019
05-24-2019,22.25,60.61,HOLD,0.18,,2019
05-23-2019,22.21,60.11,HOLD,-0.72,,2019
05-22-2019,22.37,63.05,HOLD,-0.04,,2019
05-21-2019,22.38,63.23,HOLD,1.68,,2019
05-20-2019,22.01,59.25,HOLD,0.23,,2019
05-17-2019,21.96,58.69,HOLD,-0.72,,2019
05-16-2019,22.12,61.19,HOLD,0.50,,2019
05-15-2019,22.01,60.10,HOLD,0.69,,2019
05-14-2019,21.86,58.64,HOLD,1.63,,2019
05-13-2019,21.51,55.06,HOLD,-4.31,,2019
05-10-2019,22.48,70.83,SELL,1.77,,2019
05-09-2019,22.09,67.34,HOLD,-1.34,,2019
05-08-2019,22.39,73.63,SELL,0.45,,2019
05-07-2019,22.29,72.85,SELL,-0.45,,2019
05-06-2019,22.39,74.92,SELL,-0.09,,2019
05-03-2019,22.41,75.32,SELL,2.28,,2019
05-02-2019,21.91,71.85,SELL,2.10,,2019
05-01-2019,21.46,68.09,HOLD,-0.09,,2019
04-30-2019,21.48,68.47,HOLD,3.77,,2019
04-29-2019,20.70,60.56,HOLD,0.10,,2019
04-26-2019,20.68,60.33,HOLD,0.19,,2019
04-25-2019,20.64,59.88,HOLD,-2.18,,2019
04-24-2019,21.10,68.08,HOLD,2.03,,2019
04-23-2019,20.68,63.89,HOLD,1.97,,2019
04-22-2019,20.28,59.14,HOLD,1.20,,2019
04-18-2019,20.04,55.92,HOLD,0.60,,2019
04-17-2019,19.92,54.24,HOLD,-3.68,,2019
04-16-2019,20.68,69.88,HOLD,0.63,,2019
04-15-2019,20.55,68.43,HOLD,-0.77,,2019
04-12-2019,20.71,72.41,SELL,1.67,,2019
04-11-2019,20.37,68.84,HOLD,1.44,,2019
04-10-2019,20.08,65.28,HOLD,0.40,,2019
04-09-2019,20.00,64.23,HOLD,-1.28,,2019
04-08-2019,20.26,70.66,SELL,0.75,,2019
04-05-2019,20.11,69.00,HOLD,1.21,,2019
04-04-2019,19.87,66.15,HOLD,1.48,,2019
04-03-2019,19.58,62.26,HOLD,-0.86,,2019
04-02-2019,19.75,66.41,HOLD,0.46,,2019
04-01-2019,19.66,65.27,HOLD,2.88,,2019
03-29-2019,19.11,57.01,HOLD,-0.10,,2019
03-28-2019,19.13,57.47,HOLD,1.11,,2019
03-27-2019,18.92,53.82,HOLD,0.64,,2019
03-26-2019,18.80,51.62,HOLD,1.08,,2019
03-25-2019,18.60,47.76,HOLD,-0.64,,2019
03-22-2019,18.72,49.98,HOLD,-2.50,,2019
03-21-2019,19.20,60.41,HOLD,0.63,,2019
03-20-2019,19.08,58.39,HOLD,-0.21,,2019
03-19-2019,19.12,59.32,HOLD,-0.57,,2019
03-18-2019,19.23,61.85,HOLD,1.26,,2019
03-15-2019,18.99,58.25,HOLD,0.21,,2019
03-14-2019,18.95,57.63,HOLD,0.00,,2019
03-13-2019,18.95,57.63,HOLD,0.42,,2019
03-12-2019,18.87,56.52,HOLD,0.32,,2019
03-11-2019,18.81,55.70,HOLD,1.73,,2019
03-08-2019,18.49,51.20,HOLD,0.93,,2019
03-07-2019,18.32,48.63,HOLD,-1.56,,2019
03-06-2019,18.61,53.06,HOLD,0.00,,2019
03-05-2019,18.61,53.06,HOLD,0.65,,2019
03-04-2019,18.49,51.48,HOLD,-1.12,,2019
03-01-2019,18.70,54.46,HOLD,1.14,,2019
02-28-2019,18.49,51.88,HOLD,-0.75,,2019
02-27-2019,18.63,53.77,HOLD,1.14,,2019
02-26-2019,18.42,51.30,HOLD,0.05,,2019
02-25-2019,18.41,51.18,HOLD,0.71,,2019
02-22-2019,18.28,49.74,HOLD,0.22,,2019
02-21-2019,18.24,49.32,HOLD,-0.82,,2019
02-20-2019,18.39,50.82,HOLD,1.83,,2019
02-19-2019,18.06,47.56,HOLD,2.91,,2019
02-15-2019,17.55,42.04,HOLD,0.34,,2019
02-14-2019,17.49,41.37,HOLD,-2.24,,2019
02-13-2019,17.89,44.57,HOLD,-0.17,,2019
02-12-2019,17.92,44.82,HOLD,2.46,,2019
02-11-2019,17.49,40.52,HOLD,2.28,,2019
02-08-2019,17.10,36.34,HOLD,-3.28,,2019
02-07-2019,17.68,40.25,HOLD,-3.49,,2019
02-06-2019,18.32,45.22,HOLD,-2.60,,2019
02-05-2019,18.81,49.57,HOLD,0.43,,2019
02-04-2019,18.73,48.82,HOLD,1.24,,2019
02-01-2019,18.50,46.72,HOLD,-1.70,,2019
01-31-2019,18.82,49.34,HOLD,0.59,,2019
01-30-2019,18.71,48.42,HOLD,1.74,,2019
01-29-2019,18.39,45.74,HOLD,0.71,,2019
01-28-2019,18.26,44.66,HOLD,-1.51,,2019
01-25-2019,18.54,46.51,HOLD,0.76,,2019
01-24-2019,18.40,45.46,HOLD,1.94,,2019
01-23-2019,18.05,42.85,HOLD,5.62,,2019
01-22-2019,17.09,34.91,HOLD,-15.98,,2019
01-18-2019,20.34,61.98,HOLD,0.79,,2019
01-17-2019,20.18,60.59,HOLD,0.40,,2019
01-16-2019,20.10,59.90,HOLD,0.15,,2019
01-15-2019,20.07,59.66,HOLD,3.61,,2019
01-14-2019,19.37,53.53,HOLD,-1.58,,2019
01-11-2019,19.68,57.10,HOLD,0.36,,2019
01-10-2019,19.61,56.49,HOLD,0.46,,2019
01-09-2019,19.52,55.74,HOLD,0.26,,2019
01-08-2019,19.47,55.35,HOLD,0.31,,2019
01-07-2019,19.41,54.90,HOLD,2.37,,2019
01-04-2019,18.96,51.49,HOLD,2.88,,2019
01-03-2019,18.43,47.13,HOLD,-0.70,,2019
01-02-2019,18.56,48.12,HOLD,10.08,,2019
12-31-2018,16.86,30.45,HOLD,0.60,,2018
12-28-2018,16.76,29.13,BUY,-1.59,,2018
12-27-2018,17.03,30.59,HOLD,1.13,,2018
12-26-2018,16.84,28.25,BUY,4.34,,2018
12-24-2018,16.14,18.90,BUY,-4.95,,2018
12-21-2018,16.98,22.11,BUY,-3.30,,2018
12-20-2018,17.56,24.81,BUY,-2.01,,2018
12-19-2018,17.92,26.69,BUY,-4.17,,2018
12-18-2018,18.70,31.49,HOLD,-2.35,,2018
12-17-2018,19.15,34.85,HOLD,-2.99,,2018
12-14-2018,19.74,40.04,HOLD,-1.00,,2018
12-13-2018,19.94,42.02,HOLD,-1.58,,2018
12-12-2018,20.26,45.33,HOLD,0.60,,2018
12-11-2018,20.14,43.79,HOLD,1.26,,2018
12-10-2018,19.89,40.54,HOLD,-1.97,,2018
12-07-2018,20.29,44.35,HOLD,-1.17,,2018
12-06-2018,20.53,46.80,HOLD,-1.53,,2018
12-04-2018,20.85,50.23,HOLD,-3.11,,2018
12-03-2018,21.52,58.60,HOLD,0.19,,2018
11-30-2018,21.48,58.22,HOLD,0.66,,2018
11-29-2018,21.34,56.91,HOLD,2.50,,2018
11-28-2018,20.82,51.71,HOLD,2.16,,2018
11-27-2018,20.38,46.65,HOLD,-0.39,,2018
11-26-2018,20.46,47.49,HOLD,-0.20,,2018
11-23-2018,20.50,47.89,HOLD,0.05,,2018
11-21-2018,20.49,47.79,HOLD,3.28,,2018
11-20-2018,19.84,40.77,HOLD,-2.46,,2018
11-19-2018,20.34,45.10,HOLD,0.94,,2018
11-16-2018,20.15,42.96,HOLD,-2.47,,2018
11-15-2018,20.66,47.58,HOLD,1.57,,2018
11-14-2018,20.34,44.08,HOLD,1.14,,2018
11-13-2018,20.11,41.47,HOLD,0.15,,2018
11-12-2018,20.08,41.14,HOLD,-3.32,,2018
11-09-2018,20.77,46.82,HOLD,-1.33,,2018
11-08-2018,21.05,49.38,HOLD,-0.43,,2018
11-07-2018,21.14,50.21,HOLD,1.05,,2018
11-06-2018,20.92,48.25,HOLD,0.77,,2018
11-05-2018,20.76,46.84,HOLD,-1.89,,2018
11-02-2018,21.16,50.00,HOLD,-0.52,,2018
11-01-2018,21.27,50.88,HOLD,4.62,,2018
10-31-2018,20.33,42.94,HOLD,3.20,,2018
10-30-2018,19.70,36.55,HOLD,2.50,,2018
10-29-2018,19.22,31.09,HOLD,-3.13,,2018
10-26-2018,19.84,34.67,HOLD,-0.55,,2018
10-25-2018,19.95,35.34,HOLD,0.40,,2018
10-24-2018,19.87,34.48,HOLD,-3.78,,2018
10-23-2018,20.65,39.17,HOLD,-3.73,,2018
10-22-2018,21.45,44.99,HOLD,-1.97,,2018
10-19-2018,21.88,48.60,HOLD,-0.68,,2018
10-18-2018,22.03,49.90,HOLD,-2.18,,2018
10-17-2018,22.52,54.29,HOLD,1.49,,2018
10-16-2018,22.19,51.62,HOLD,3.31,,2018
10-15-2018,21.48,45.26,HOLD,-0.60,,2018
10-12-2018,21.61,46.29,HOLD,2.08,,2018
10-11-2018,21.17,42.13,HOLD,-2.67,,2018
10-10-2018,21.75,46.54,HOLD,-4.77,,2018
10-09-2018,22.84,56.97,HOLD,-2.39,,2018
10-08-2018,23.40,63.78,HOLD,7.14,,2018
10-05-2018,21.84,47.55,HOLD,-1.67,,2018
10-04-2018,22.21,52.76,HOLD,-0.31,,2018
10-03-2018,22.28,53.80,HOLD,0.41,,2018
10-02-2018,22.19,52.69,HOLD,0.23,,2018
10-01-2018,22.14,52.10,HOLD,0.59,,2018
09-28-2018,22.01,50.60,HOLD,0.41,,2018
09-27-2018,21.92,49.59,HOLD,1.76,,2018
09-26-2018,21.54,45.20,HOLD,-2.45,,2018
09-25-2018,22.08,51.07,HOLD,2.13,,2018
09-24-2018,21.62,45.47,HOLD,-5.51,,2018
09-21-2018,22.88,64.17,HOLD,1.24,,2018
09-20-2018,22.60,60.85,HOLD,-0.96,,2018
09-19-2018,22.82,65.26,HOLD,-0.74,,2018
09-18-2018,22.99,68.85,HOLD,1.19,,2018
09-17-2018,22.72,66.10,HOLD,0.13,,2018
09-14-2018,22.69,65.79,HOLD,0.84,,2018
09-13-2018,22.50,63.84,HOLD,-0.84,,2018
09-12-2018,22.69,67.41,HOLD,2.12,,2018
09-11-2018,22.22,62.60,HOLD,1.05,,2018
09-10-2018,21.99,59.91,HOLD,0.32,,2018
09-07-2018,21.92,59.08,HOLD,0.00,,2018
09-06-2018,21.92,59.08,HOLD,-1.08,,2018
09-05-2018,22.16,62.94,HOLD,0.32,,2018
09-04-2018,22.09,62.27,HOLD,-1.30,,2018
08-31-2018,22.38,66.91,HOLD,1.40,,2018
08-30-2018,22.07,64.27,HOLD,-0.45,,2018
08-29-2018,22.17,65.84,HOLD,1.23,,2018
08-28-2018,21.90,63.61,HOLD,-0.73,,2018
08-27-2018,22.06,65.98,HOLD,-0.76,,2018
08-24-2018,22.23,68.50,HOLD,4.71,,2018
08-23-2018,21.23,60.19,HOLD,-0.93,,2018
08-22-2018,21.43,63.29,HOLD,-0.60,,2018
08-21-2018,21.56,65.32,HOLD,1.70,,2018
08-20-2018,21.20,62.21,HOLD,1.53,,2018
08-17-2018,20.88,59.18,HOLD,0.87,,2018
08-16-2018,20.70,57.39,HOLD,1.77,,2018
08-15-2018,20.34,53.63,HOLD,-1.69,,2018
08-14-2018,20.69,58.28,HOLD,1.37,,2018
08-13-2018,20.41,55.41,HOLD,-1.92,,2018
08-10-2018,20.81,60.97,HOLD,0.19,,2018
08-09-2018,20.77,60.60,HOLD,-0.67,,2018
08-08-2018,20.91,62.52,HOLD,-0.19,,2018
08-07-2018,20.95,63.04,HOLD,-1.09,,2018
08-06-2018,21.18,66.02,HOLD,-0.24,,2018
08-03-2018,21.23,66.66,HOLD,0.76,,2018
08-02-2018,21.07,65.67,HOLD,-1.59,,2018
08-01-2018,21.41,69.72,HOLD,-1.29,,2018
07-31-2018,21.69,73.17,SELL,3.98,,2018
07-30-2018,20.86,68.94,HOLD,-2.61,,2018
07-27-2018,21.42,76.50,SELL,0.19,,2018
07-26-2018,21.38,76.33,SELL,11.01,,2018
07-25-2018,19.26,62.99,HOLD,-0.87,,2018
07-24-2018,19.43,65.75,HOLD,2.32,,2018
07-23-2018,18.99,61.72,HOLD,-0.21,,2018
07-20-2018,19.03,62.34,HOLD,-0.73,,2018
07-19-2018,19.17,64.44,HOLD,-2.59,,2018
07-18-2018,19.68,72.72,SELL,2.29,,2018
07-17-2018,19.24,69.59,HOLD,0.21,,2018
07-16-2018,19.20,69.29,HOLD,10.47,,2018
07-13-2018,17.38,47.63,HOLD,0.46,,2018
07-12-2018,17.30,46.08,HOLD,1.23,,2018
07-11-2018,17.09,41.88,HOLD,-3.66,,2018
07-10-2018,17.74,53.96,HOLD,-0.28,,2018
07-09-2018,17.79,55.10,HOLD,3.25,,2018
07-06-2018,17.23,42.52,HOLD,0.94,,2018
07-05-2018,17.07,37.91,HOLD,1.01,,2018
07-03-2018,16.90,32.57,HOLD,0.24,,2018
07-02-2018,16.86,31.28,HOLD,-0.88,,2018
06-29-2018,17.01,33.52,HOLD,0.12,,2018
06-28-2018,16.99,32.92,HOLD,0.18,,2018
06-27-2018,16.96,32.08,HOLD,-0.41,,2018
06-26-2018,17.03,32.98,HOLD,0.95,,2018
06-25-2018,16.87,28.74,BUY,-1.00,,2018
06-22-2018,17.04,30.65,HOLD,0.47,,2018
06-21-2018,16.96,28.58,BUY,-2.08,,2018
06-20-2018,17.32,32.66,HOLD,-0.46,,2018
06-19-2018,17.40,33.66,HOLD,-1.36,,2018
06-18-2018,17.64,36.78,HOLD,0.63,,2018
06-15-2018,17.53,34.18,HOLD,-2.61,,2018
06-14-2018,18.00,40.83,HOLD,0.17,,2018
06-13-2018,17.97,40.14,HOLD,-0.17,,2018
06-12-2018,18.00,40.58,HOLD,-0.88,,2018
06-11-2018,18.16,42.90,HOLD,1.23,,2018
06-08-2018,17.94,38.39,HOLD,-0.06,,2018
06-07-2018,17.95,38.52,HOLD,0.11,,2018
06-06-2018,17.93,38.14,HOLD,1.19,,2018
06-05-2018,17.72,34.13,HOLD,-0.11,,2018
06-04-2018,17.74,34.32,HOLD,-0.06,,2018
06-01-2018,17.75,34.42,HOLD,0.57,,2018
05-31-2018,17.65,32.74,HOLD,-2.59,,2018
05-30-2018,18.12,36.85,HOLD,1.06,,2018
05-29-2018,17.93,33.73,HOLD,-2.71,,2018
05-25-2018,18.43,38.37,HOLD,-0.27,,2018
05-24-2018,18.48,38.86,HOLD,-0.86,,2018
05-23-2018,18.64,40.42,HOLD,0.38,,2018
05-22-2018,18.57,39.43,HOLD,0.70,,2018
05-21-2018,18.44,37.66,HOLD,1.99,,2018
05-18-2018,18.08,32.57,HOLD,-0.39,,2018
05-17-2018,18.15,33.06,HOLD,0.78,,2018
05-16-2018,18.01,31.15,HOLD,0.17,,2018
05-15-2018,17.98,30.76,HOLD,-1.86,,2018
05-14-2018,18.32,32.72,HOLD,0.55,,2018
05-11-2018,18.22,31.53,HOLD,0.44,,2018
05-10-2018,18.14,30.61,HOLD,0.67,,2018
05-09-2018,18.02,29.29,BUY,1.24,,2018
05-08-2018,17.80,26.93,BUY,1.37,,2018
05-07-2018,17.56,24.37,BUY,1.97,,2018
05-04-2018,17.22,20.72,BUY,1.71,,2018
05-03-2018,16.93,17.56,BUY,-2.53,,2018
05-02-2018,17.37,18.60,BUY,-1.75,,2018
05-01-2018,17.68,19.36,BUY,-0.73,,2018
04-30-2018,17.81,19.67,BUY,-20.63,,2018
04-27-2018,22.44,41.75,HOLD,0.90,,2018
04-26-2018,22.24,39.00,HOLD,0.41,,2018
04-25-2018,22.15,37.77,HOLD,0.77,,2018
04-24-2018,21.98,35.50,HOLD,-0.32,,2018
04-23-2018,22.05,36.00,HOLD,-5.20,,2018
04-20-2018,23.26,46.60,HOLD,-1.15,,2018
04-19-2018,23.53,49.63,HOLD,-0.63,,2018
04-18-2018,23.68,51.35,HOLD,-0.29,,2018
04-17-2018,23.75,52.14,HOLD,0.81,,2018
04-16-2018,23.56,50.22,HOLD,1.42,,2018
04-13-2018,23.23,46.79,HOLD,-1.06,,2018
04-12-2018,23.48,49.17,HOLD,2.26,,2018
04-11-2018,22.96,43.62,HOLD,-0.30,,2018
04-10-2018,23.03,44.23,HOLD,1.14,,2018
04-09-2018,22.77,41.43,HOLD,1.02,,2018
04-06-2018,22.54,38.92,HOLD,-2.34,,2018
04-05-2018,23.08,42.94,HOLD,1.99,,2018
04-04-2018,22.63,37.98,HOLD,1.25,,2018
04-03-2018,22.35,34.70,HOLD,1.22,,2018
04-02-2018,22.08,31.46,HOLD,-4.17,,2018
03-29-2018,23.04,37.63,HOLD,1.50,,2018
03-28-2018,22.70,33.33,HOLD,-1.52,,2018
03-27-2018,23.05,35.68,HOLD,-1.41,,2018
03-26-2018,23.38,38.03,HOLD,2.77,,2018
03-23-2018,22.75,29.84,BUY,0.31,,2018
03-22-2018,22.68,28.87,BUY,-6.13,,2018
03-21-2018,24.16,39.63,HOLD,0.29,,2018
03-20-2018,24.09,38.62,HOLD,0.25,,2018
03-19-2018,24.03,37.80,HOLD,-2.16,,2018
03-16-2018,24.56,42.47,HOLD,1.32,,2018
03-15-2018,24.24,38.19,HOLD,0.75,,2018
03-14-2018,24.06,35.69,HOLD,-3.57,,2018
03-13-2018,24.95,43.83,HOLD,0.08,,2018
03-12-2018,24.93,43.56,HOLD,-1.03,,2018
03-09-2018,25.19,46.23,HOLD,1.57,,2018
03-08-2018,24.80,41.21,HOLD,0.73,,2018
03-07-2018,24.62,38.76,HOLD,0.29,,2018
03-06-2018,24.55,37.83,HOLD,0.90,,2018
03-05-2018,24.33,34.92,HOLD,1.76,,2018
03-02-2018,23.91,29.05,BUY,-0.46,,2018
03-01-2018,24.02,29.71,BUY,-1.52,,2018
02-28-2018,24.39,31.94,HOLD,-1.41,,2018
02-27-2018,24.74,34.21,HOLD,-1.55,,2018
02-26-2018,25.13,36.91,HOLD,0.00,,2018
02-23-2018,25.13,36.91,HOLD,2.40,,2018
02-22-2018,24.54,29.65,BUY,-0.49,,2018
02-21-2018,24.66,30.31,HOLD,-0.80,,2018
02-20-2018,24.86,31.39,HOLD,-1.97,,2018
02-16-2018,25.36,34.22,HOLD,0.56,,2018
02-15-2018,25.22,32.64,HOLD,-1.02,,2018
02-14-2018,25.48,34.05,HOLD,2.82,,2018
02-13-2018,24.78,26.08,BUY,-0.24,,2018
02-12-2018,24.84,26.33,BUY,0.73,,2018
02-09-2018,24.66,24.28,BUY,0.86,,2018
02-08-2018,24.45,21.93,BUY,-2.59,,2018
02-07-2018,25.10,24.08,BUY,-0.71,,2018
02-06-2018,25.28,24.70,BUY,-4.68,,2018
02-05-2018,26.52,29.60,BUY,-8.90,,2018
02-02-2018,29.11,48.11,HOLD,-3.32,,2018
02-01-2018,30.11,62.01,HOLD,0.17,,2018
01-31-2018,30.06,61.50,HOLD,0.47,,2018
01-30-2018,29.92,60.08,HOLD,-1.12,,2018
01-29-2018,30.26,65.50,HOLD,-1.88,,2018
01-26-2018,30.84,76.40,SELL,1.21,,2018
01-25-2018,30.47,73.82,SELL,-0.03,,2018
01-24-2018,30.48,74.02,SELL,0.59,,2018
01-23-2018,30.30,72.77,SELL,-0.43,,2018
01-22-2018,30.43,75.20,SELL,0.69,,2018
01-19-2018,30.22,73.90,SELL,-0.43,,2018
01-18-2018,30.35,76.21,SELL,-0.62,,2018
01-17-2018,30.54,79.59,SELL,0.43,,2018
01-16-2018,30.41,79.00,SELL,-1.39,,2018
01-12-2018,30.84,86.72,SELL,1.45,,2018
01-11-2018,30.40,85.36,SELL,2.05,,2018
01-10-2018,29.79,83.14,SELL,-0.07,,2018
01-09-2018,29.81,83.52,SELL,0.17,,2018
01-08-2018,29.76,83.35,SELL,0.51,,2018
01-05-2018,29.61,82.82,SELL,0.99,,2018
01-04-2018,29.32,81.80,SELL,4.79,,2018
01-03-2018,27.98,75.55,SELL,0.79,,2018
01-02-2018,27.76,74.20,SELL,1.87,,2018
12-29-2017,27.25,70.71,SELL,-1.34,,2017
12-28-2017,27.62,77.79,SELL,1.02,,2017
12-27-2017,27.34,76.11,SELL,1.00,,2017
12-26-2017,27.07,74.37,SELL,0.89,,2017
12-22-2017,26.83,72.74,SELL,0.11,,2017
12-21-2017,26.80,72.54,SELL,2.56,,2017
12-20-2017,26.13,67.51,HOLD,1.95,,2017
12-19-2017,25.63,62.79,HOLD,0.08,,2017
12-18-2017,25.61,62.59,HOLD,1.23,,2017
12-15-2017,25.30,59.43,HOLD,1.24,,2017
12-14-2017,24.99,55.97,HOLD,-0.75,,2017
12-13-2017,25.18,58.82,HOLD,2.15,,2017
12-12-2017,24.65,52.55,HOLD,0.90,,2017
12-11-2017,24.43,49.59,HOLD,-0.16,,2017
12-08-2017,24.47,50.12,HOLD,-0.49,,2017
12-07-2017,24.59,51.65,HOLD,1.91,,2017
12-06-2017,24.13,45.75,HOLD,-0.41,,2017
12-05-2017,24.23,46.91,HOLD,-2.02,,2017
12-04-2017,24.73,53.13,HOLD,0.94,,2017
12-01-2017,24.50,50.32,HOLD,-0.45,,2017
11-30-2017,24.61,51.70,HOLD,2.24,,2017
11-29-2017,24.07,44.79,HOLD,-0.66,,2017
11-28-2017,24.23,46.63,HOLD,2.63,,2017
11-27-2017,23.61,37.40,HOLD,-1.58,,2017
11-24-2017,23.99,41.48,HOLD,1.01,,2017
11-22-2017,23.75,37.49,HOLD,0.04,,2017
11-21-2017,23.74,37.32,HOLD,-0.63,,2017
11-20-2017,23.89,38.75,HOLD,0.17,,2017
11-17-2017,23.85,38.16,HOLD,0.51,,2017
11-16-2017,23.73,36.47,HOLD,1.58,,2017
11-15-2017,23.36,31.05,HOLD,0.69,,2017
11-14-2017,23.20,28.61,BUY,-2.48,,2017
11-13-2017,23.79,32.56,HOLD,-1.86,,2017
11-10-2017,24.24,36.09,HOLD,-0.86,,2017
11-09-2017,24.45,37.87,HOLD,-1.33,,2017
11-08-2017,24.78,40.80,HOLD,-1.20,,2017
11-07-2017,25.08,43.66,HOLD,-2.07,,2017
11-06-2017,25.61,49.32,HOLD,1.07,,2017
11-03-2017,25.34,46.01,HOLD,0.40,,2017
11-02-2017,25.24,44.77,HOLD,0.48,,2017
11-01-2017,25.12,43.31,HOLD,0.00,,2017
10-31-2017,25.12,43.31,HOLD,1.37,,2017
10-30-2017,24.78,39.42,HOLD,0.69,,2017
10-27-2017,24.61,37.43,HOLD,0.08,,2017
10-26-2017,24.59,37.20,HOLD,-1.05,,2017
10-25-2017,24.85,38.90,HOLD,2.14,,2017
10-24-2017,24.33,33.25,HOLD,-0.08,,2017
10-23-2017,24.35,33.36,HOLD,-10.38,,2017
10-20-2017,27.17,58.90,HOLD,1.84,,2017
10-19-2017,26.68,53.11,HOLD,-0.78,,2017
10-18-2017,26.89,56.26,HOLD,0.19,,2017
10-17-2017,26.84,55.68,HOLD,-1.21,,2017
10-16-2017,27.17,60.63,HOLD,0.04,,2017
10-13-2017,27.16,60.53,HOLD,-1.45,,2017
10-12-2017,27.56,66.74,HOLD,0.77,,2017
10-11-2017,27.35,64.99,HOLD,-0.15,,2017
10-10-2017,27.39,65.60,HOLD,0.00,,2017
10-09-2017,27.39,65.60,HOLD,1.07,,2017
10-06-2017,27.10,63.45,HOLD,0.93,,2017
10-05-2017,26.85,61.53,HOLD,0.30,,2017
10-04-2017,26.77,60.92,HOLD,2.45,,2017
10-03-2017,26.13,55.69,HOLD,0.81,,2017
10-02-2017,25.92,53.81,HOLD,4.18,,2017
09-29-2017,24.88,42.58,HOLD,-4.38,,2017
09-28-2017,26.02,56.57,HOLD,-1.36,,2017
09-27-2017,26.38,62.60,HOLD,0.42,,2017
09-26-2017,26.27,61.44,HOLD,0.54,,2017
09-25-2017,26.13,59.96,HOLD,-0.31,,2017
09-22-2017,26.21,61.20,HOLD,-2.16,,2017
09-21-2017,26.79,71.13,SELL,2.25,,2017
09-20-2017,26.20,65.91,HOLD,1.00,,2017
09-19-2017,25.94,63.18,HOLD,2.37,,2017
09-18-2017,25.34,55.57,HOLD,0.00,,2017
09-15-2017,25.34,55.57,HOLD,-0.08,,2017
09-14-2017,25.36,55.90,HOLD,0.44,,2017
09-13-2017,25.25,54.52,HOLD,0.36,,2017
09-12-2017,25.16,53.40,HOLD,0.72,,2017
09-11-2017,24.98,51.18,HOLD,2.29,,2017
09-08-2017,24.42,43.38,HOLD,0.66,,2017
09-07-2017,24.26,40.88,HOLD,-0.33,,2017
09-06-2017,24.34,41.73,HOLD,-0.20,,2017
09-05-2017,24.39,42.25,HOLD,-4.39,,2017
09-01-2017,25.51,56.81,HOLD,0.16,,2017
08-31-2017,25.47,56.31,HOLD,0.28,,2017
08-30-2017,25.40,55.48,HOLD,0.20,,2017
08-29-2017,25.35,54.90,HOLD,0.72,,2017
08-28-2017,25.17,52.88,HOLD,-0.32,,2017
08-25-2017,25.25,53.88,HOLD,-0.86,,2017
08-24-2017,25.47,56.61,HOLD,-0.39,,2017
08-23-2017,25.57,57.85,HOLD,-0.47,,2017
08-22-2017,25.69,59.29,HOLD,4.94,,2017
08-21-2017,24.48,46.86,HOLD,0.78,,2017
08-18-2017,24.29,44.39,HOLD,0.04,,2017
08-17-2017,24.28,44.26,HOLD,-2.25,,2017
08-16-2017,24.84,50.22,HOLD,0.36,,2017
08-15-2017,24.75,49.20,HOLD,0.77,,2017
08-14-2017,24.56,47.07,HOLD,2.38,,2017
08-11-2017,23.99,40.08,HOLD,-0.12,,2017
08-10-2017,24.02,40.34,HOLD,-2.56,,2017
08-09-2017,24.65,46.19,HOLD,-1.36,,2017
08-08-2017,24.99,49.82,HOLD,-1.38,,2017
08-07-2017,25.34,53.85,HOLD,0.84,,2017
08-04-2017,25.13,51.67,HOLD,-0.79,,2017
08-03-2017,25.33,53.92,HOLD,1.81,,2017
08-02-2017,24.88,49.30,HOLD,-0.88,,2017
08-01-2017,25.10,51.65,HOLD,1.25,,2017
07-31-2017,24.79,48.44,HOLD,-0.64,,2017
07-28-2017,24.95,50.03,HOLD,-0.68,,2017
07-27-2017,25.12,51.71,HOLD,-1.84,,2017
07-26-2017,25.59,56.60,HOLD,-1.27,,2017
07-25-2017,25.92,60.31,HOLD,2.98,,2017
07-24-2017,25.17,53.93,HOLD,-0.16,,2017
07-21-2017,25.21,54.36,HOLD,1.86,,2017
07-20-2017,24.75,50.09,HOLD,-1.47,,2017
07-19-2017,25.12,53.86,HOLD,0.96,,2017
07-18-2017,24.88,51.67,HOLD,-0.28,,2017
07-17-2017,24.95,52.34,HOLD,2.30,,2017
07-14-2017,24.39,47.24,HOLD,-0.25,,2017
07-13-2017,24.45,47.74,HOLD,1.07,,2017
07-12-2017,24.19,45.38,HOLD,0.71,,2017
07-11-2017,24.02,43.83,HOLD,0.80,,2017
07-10-2017,23.83,42.13,HOLD,3.03,,2017
07-07-2017,23.13,35.46,HOLD,0.92,,2017
07-06-2017,22.92,33.31,HOLD,-0.30,,2017
07-05-2017,22.99,33.66,HOLD,0.66,,2017
07-03-2017,22.84,32.26,HOLD,0.84,,2017
06-30-2017,22.65,30.54,HOLD,-0.74,,2017
06-29-2017,22.82,31.20,HOLD,-1.21,,2017
06-28-2017,23.10,32.26,HOLD,5.77,,2017
06-27-2017,21.84,20.98,BUY,-9.04,,2017
06-26-2017,24.01,28.60,BUY,-5.99,,2017
06-23-2017,25.54,37.51,HOLD,0.95,,2017
06-22-2017,25.30,34.54,HOLD,-0.08,,2017
06-21-2017,25.32,34.67,HOLD,-4.13,,2017
06-20-2017,26.41,42.64,HOLD,-0.75,,2017
06-19-2017,26.61,44.38,HOLD,0.68,,2017
06-16-2017,26.43,42.42,HOLD,-1.01,,2017
06-15-2017,26.70,44.61,HOLD,-0.74,,2017
06-14-2017,26.90,46.26,HOLD,-2.75,,2017
06-13-2017,27.66,53.17,HOLD,3.13,,2017
06-12-2017,26.82,44.68,HOLD,-1.97,,2017
06-09-2017,27.36,50.11,HOLD,-0.33,,2017
06-08-2017,27.45,51.06,HOLD,2.04,,2017
06-07-2017,26.90,45.10,HOLD,-2.07,,2017
06-06-2017,27.47,51.09,HOLD,0.00,,2017
06-05-2017,27.47,51.09,HOLD,-2.45,,2017
06-02-2017,28.16,59.32,HOLD,0.68,,2017
06-01-2017,27.97,57.57,HOLD,1.82,,2017
05-31-2017,27.47,52.60,HOLD,0.92,,2017
05-30-2017,27.22,49.87,HOLD,-0.73,,2017
05-26-2017,27.42,52.10,HOLD,0.77,,2017
05-25-2017,27.21,49.92,HOLD,-3.10,,2017
05-24-2017,28.08,60.52,HOLD,0.75,,2017
05-23-2017,27.87,58.55,HOLD,0.87,,2017
05-22-2017,27.63,56.23,HOLD,0.18,,2017
05-19-2017,27.58,55.75,HOLD,2.45,,2017
05-18-2017,26.92,48.88,HOLD,0.30,,2017
05-17-2017,26.84,47.97,HOLD,-2.08,,2017
05-16-2017,27.41,54.36,HOLD,-2.46,,2017
05-15-2017,28.10,63.94,HOLD,1.44,,2017
05-12-2017,27.70,60.16,HOLD,1.80,,2017
05-11-2017,27.21,54.77,HOLD,-0.26,,2017
05-10-2017,27.28,55.77,HOLD,0.07,,2017
05-09-2017,27.26,55.56,HOLD,0.66,,2017
05-08-2017,27.08,53.67,HOLD,-0.81,,2017
05-05-2017,27.30,56.39,HOLD,2.55,,2017
05-04-2017,26.62,48.98,HOLD,-0.60,,2017
05-03-2017,26.78,50.87,HOLD,-1.36,,2017
05-02-2017,27.15,55.46,HOLD,-0.37,,2017
05-01-2017,27.25,56.74,HOLD,-0.29,,2017
04-28-2017,27.33,57.74,HOLD,0.40,,2017
04-27-2017,27.22,56.77,HOLD,-1.02,,2017
04-26-2017,27.50,60.01,HOLD,1.93,,2017
04-25-2017,26.98,55.64,HOLD,3.37,,2017
04-24-2017,26.10,46.44,HOLD,0.38,,2017
04-21-2017,26.00,45.24,HOLD,-0.42,,2017
04-20-2017,26.11,46.30,HOLD,0.54,,2017
04-19-2017,25.97,44.78,HOLD,0.66,,2017
04-18-2017,25.80,42.95,HOLD,-3.33,,2017
04-17-2017,26.69,51.19,HOLD,3.05,,2017
04-13-2017,25.90,42.02,HOLD,0.19,,2017
04-12-2017,25.85,41.37,HOLD,-2.78,,2017
04-11-2017,26.59,48.87,HOLD,0.23,,2017
04-10-2017,26.53,48.16,HOLD,0.45,,2017
04-07-2017,26.41,46.79,HOLD,0.96,,2017
04-06-2017,26.16,43.93,HOLD,1.04,,2017
04-05-2017,25.89,40.74,HOLD,-1.86,,2017
04-04-2017,26.38,45.07,HOLD,0.76,,2017
04-03-2017,26.18,42.76,HOLD,-0.61,,2017
03-31-2017,26.34,44.14,HOLD,-0.83,,2017
03-30-2017,26.56,46.03,HOLD,1.37,,2017
03-29-2017,26.20,42.27,HOLD,-3.11,,2017
03-28-2017,27.04,49.78,HOLD,1.81,,2017
03-27-2017,26.56,44.55,HOLD,-0.45,,2017
03-24-2017,26.68,45.66,HOLD,0.00,,2017
03-23-2017,26.68,45.66,HOLD,0.68,,2017
03-22-2017,26.50,43.86,HOLD,-0.93,,2017
03-21-2017,26.75,45.81,HOLD,-4.02,,2017
03-20-2017,27.87,56.23,HOLD,1.35,,2017
03-17-2017,27.50,52.95,HOLD,0.66,,2017
03-16-2017,27.32,51.30,HOLD,0.22,,2017
03-15-2017,27.26,50.76,HOLD,2.21,,2017
03-14-2017,26.67,45.28,HOLD,-0.49,,2017
03-13-2017,26.80,46.34,HOLD,-0.11,,2017
03-10-2017,26.83,46.57,HOLD,1.28,,2017
03-09-2017,26.49,43.59,HOLD,-1.34,,2017
03-08-2017,26.85,46.12,HOLD,-0.48,,2017
03-07-2017,26.98,47.03,HOLD,-2.60,,2017
03-06-2017,27.70,52.38,HOLD,-1.39,,2017
03-03-2017,28.09,55.55,HOLD,-1.58,,2017
03-02-2017,28.54,59.41,HOLD,-3.39,,2017
03-01-2017,29.54,69.36,HOLD,2.61,,2017
02-28-2017,28.79,65.31,HOLD,-1.54,,2017
02-27-2017,29.24,70.50,SELL,-0.27,,2017
02-24-2017,29.32,71.43,SELL,-0.85,,2017
02-23-2017,29.57,74.29,SELL,-3.21,,2017
02-22-2017,30.55,86.97,SELL,0.86,,2017
02-21-2017,30.29,86.39,SELL,1.27,,2017
02-17-2017,29.91,85.53,SELL,1.42,,2017
02-16-2017,29.49,84.53,SELL,0.96,,2017
02-15-2017,29.21,83.83,SELL,-1.05,,2017
02-14-2017,29.52,87.89,SELL,-0.44,,2017
02-13-2017,29.65,89.59,SELL,0.10,,2017
02-10-2017,29.62,89.54,SELL,5.94,,2017
02-09-2017,27.96,86.72,SELL,2.42,,2017
02-08-2017,27.30,85.25,SELL,2.55,,2017
02-07-2017,26.62,83.50,SELL,1.60,,2017
02-06-2017,26.20,82.29,SELL,1.16,,2017
02-03-2017,25.90,81.39,SELL,2.78,,2017
02-02-2017,25.20,79.09,SELL,-0.32,,2017
02-01-2017,25.28,80.14,SELL,10.93,,2017
01-31-2017,22.79,67.73,HOLD,1.29,,2017
01-30-2017,22.50,65.39,HOLD,-0.44,,2017
01-27-2017,22.60,66.95,HOLD,-1.14,,2017
01-26-2017,22.86,71.02,SELL,0.75,,2017
01-25-2017,22.69,69.91,HOLD,2.35,,2017
01-24-2017,22.17,66.23,HOLD,3.94,,2017
01-23-2017,21.33,58.64,HOLD,0.19,,2017
01-20-2017,21.29,58.22,HOLD,-0.09,,2017
01-19-2017,21.31,58.49,HOLD,2.06,,2017
01-18-2017,20.88,54.21,HOLD,0.68,,2017
01-17-2017,20.74,52.74,HOLD,-1.85,,2017
01-13-2017,21.13,57.53,HOLD,0.62,,2017
01-12-2017,21.00,56.30,HOLD,-0.47,,2017
01-11-2017,21.10,57.49,HOLD,1.88,,2017
01-10-2017,20.71,53.97,HOLD,1.57,,2017
01-09-2017,20.39,50.88,HOLD,-1.16,,2017
01-06-2017,20.63,53.38,HOLD,2.64,,2017
01-05-2017,20.10,48.15,HOLD,2.03,,2017
01-04-2017,19.70,43.73,HOLD,2.66,,2017
01-03-2017,19.19,37.42,HOLD,3.51,,2017
12-30-2016,18.54,27.83,BUY,-0.86,,2016
12-29-2016,18.70,28.84,BUY,-2.86,,2016
12-28-2016,19.25,32.62,HOLD,-2.68,,2016
12-27-2016,19.78,36.95,HOLD,0.00,,2016
12-23-2016,19.78,36.95,HOLD,-1.44,,2016
12-22-2016,20.07,39.42,HOLD,0.25,,2016
12-21-2016,20.02,38.76,HOLD,-0.40,,2016
12-20-2016,20.10,39.40,HOLD,0.40,,2016
12-19-2016,20.02,38.46,HOLD,-1.18,,2016
12-16-2016,20.26,40.19,HOLD,-1.46,,2016
12-15-2016,20.56,42.39,HOLD,-0.92,,2016
12-14-2016,20.75,43.80,HOLD,-2.08,,2016
12-13-2016,21.19,47.19,HOLD,-1.81,,2016
12-12-2016,21.58,50.39,HOLD,-1.01,,2016
12-09-2016,21.80,52.25,HOLD,4.26,,2016
12-08-2016,20.91,44.57,HOLD,0.14,,2016
12-07-2016,20.88,44.29,HOLD,2.76,,2016
12-06-2016,20.32,38.94,HOLD,0.30,,2016
12-05-2016,20.26,38.35,HOLD,2.89,,2016
12-02-2016,19.69,32.62,HOLD,0.97,,2016
12-01-2016,19.50,30.62,HOLD,1.14,,2016
11-30-2016,19.28,28.33,BUY,-1.98,,2016
11-29-2016,19.67,29.96,BUY,-2.38,,2016
11-28-2016,20.15,32.06,HOLD,-1.85,,2016
11-25-2016,20.53,33.80,HOLD,1.23,,2016
11-23-2016,20.28,31.53,HOLD,1.96,,2016
11-22-2016,19.89,27.94,BUY,-1.44,,2016
11-21-2016,20.18,28.99,BUY,1.36,,2016
11-18-2016,19.91,26.61,BUY,2.10,,2016
11-17-2016,19.50,22.98,BUY,-0.56,,2016
11-16-2016,19.61,23.26,BUY,-1.51,,2016
11-15-2016,19.91,24.02,BUY,4.30,,2016
11-14-2016,19.09,17.15,BUY,1.22,,2016
11-11-2016,18.86,15.15,BUY,2.22,,2016
11-10-2016,18.45,11.62,BUY,5.25,,2016
11-09-2016,17.53,3.23,BUY,0.69,,2016
11-08-2016,17.41,2.10,BUY,0.40,,2016
11-07-2016,17.34,1.48,BUY,-1.92,,2016
11-04-2016,17.68,1.53,BUY,1.09,,2016
11-03-2016,17.49,0.00,BUY,-2.51,,2016
11-02-2016,17.94,0.00,BUY,-5.18,,2016
11-01-2016,18.92,,0,,,2016
