Date,Price,RSI,STATUS
01-09-2023,78.82,44.24,HOLD
01-06-2023,80.87,53.98,HOLD
01-05-2023,80.16,50.47,HOLD
01-04-2023,79.08,44.50,HOLD
01-03-2023,79.55,46.78,HOLD
12-30-2022,80.32,50.73,HOLD
12-29-2022,79.48,46.12,HOLD
12-28-2022,79.44,45.90,HOLD
12-27-2022,79.59,46.57,HOLD
12-23-2022,81.36,55.50,HOLD
12-22-2022,81.12,54.40,HOLD
12-21-2022,80.52,51.62,HOLD
12-20-2022,81.07,54.45,HOLD
12-19-2022,80.59,52.33,HOLD
12-16-2022,82.03,60.10,HOLD
12-15-2022,82.23,61.28,HOLD
12-14-2022,82.67,63.82,HOLD
12-13-2022,82.91,65.19,HOLD
12-12-2022,82.36,63.52,HOLD
12-09-2022,82.34,63.47,HOLD
12-08-2022,84.11,73.22,SELL
12-07-2022,84.03,73.04,SELL
12-06-2022,82.54,69.63,HOLD
12-05-2022,84.08,79.25,SELL
12-02-2022,83.13,77.47,SELL
12-01-2022,80.68,71.63,SELL
11-30-2022,79.67,68.51,HOLD
11-29-2022,77.80,61.16,HOLD
11-28-2022,77.83,61.38,HOLD
11-25-2022,78.26,64.36,HOLD
11-23-2022,77.76,62.39,HOLD
11-22-2022,78.27,65.85,HOLD
11-21-2022,78.41,66.79,HOLD
11-18-2022,77.45,63.45,HOLD
11-17-2022,77.96,66.76,HOLD
11-16-2022,76.71,62.29,HOLD
11-15-2022,76.62,61.95,HOLD
11-14-2022,77.09,64.80,HOLD
11-11-2022,77.53,67.50,HOLD
11-10-2022,77.78,69.02,HOLD
11-09-2022,77.22,67.50,HOLD
11-08-2022,76.69,66.04,HOLD
11-07-2022,75.90,63.77,HOLD
11-04-2022,77.30,71.62,SELL
11-03-2022,76.90,70.67,SELL
11-02-2022,77.15,72.08,SELL
11-01-2022,76.95,71.66,SELL
10-31-2022,74.34,65.33,HOLD
10-28-2022,74.60,66.70,HOLD
10-27-2022,72.86,61.68,HOLD
10-26-2022,73.62,65.70,HOLD
10-25-2022,72.42,62.07,HOLD
10-24-2022,72.47,62.33,HOLD
10-21-2022,70.58,55.98,HOLD
10-20-2022,68.96,49.17,HOLD
10-19-2022,69.59,52.08,HOLD
10-18-2022,71.11,60.05,HOLD
10-17-2022,70.36,57.04,HOLD
10-14-2022,69.10,51.31,HOLD
10-13-2022,68.42,47.83,HOLD
10-12-2022,67.51,42.74,HOLD
10-11-2022,67.25,41.21,HOLD
10-10-2022,67.58,42.55,HOLD
10-07-2022,68.42,46.07,HOLD
10-06-2022,69.64,51.86,HOLD
10-05-2022,69.50,51.20,HOLD
10-04-2022,69.56,51.48,HOLD
10-03-2022,68.83,48.31,HOLD
09-30-2022,66.64,36.80,HOLD
09-29-2022,66.61,36.63,HOLD
09-28-2022,67.66,40.35,HOLD
09-27-2022,66.44,33.00,HOLD
09-26-2022,66.18,31.33,HOLD
09-23-2022,66.89,33.45,HOLD
09-22-2022,67.41,35.06,HOLD
09-21-2022,66.83,31.64,HOLD
09-20-2022,68.26,35.97,HOLD
09-19-2022,68.81,37.82,HOLD
09-16-2022,68.83,37.89,HOLD
09-15-2022,68.98,38.35,HOLD
09-14-2022,68.42,35.62,HOLD
09-13-2022,68.14,34.26,HOLD
09-12-2022,70.53,41.12,HOLD
09-09-2022,72.20,47.25,HOLD
09-08-2022,71.72,45.06,HOLD
09-07-2022,71.41,43.66,HOLD
09-06-2022,69.11,31.66,HOLD
09-02-2022,70.21,34.97,HOLD
09-01-2022,71.35,38.88,HOLD
08-31-2022,70.43,33.29,HOLD
08-30-2022,69.96,30.26,HOLD
08-29-2022,70.51,31.83,HOLD
08-26-2022,71.48,34.78,HOLD
08-25-2022,72.68,38.93,HOLD
08-24-2022,72.97,40.00,HOLD
08-23-2022,72.99,40.07,HOLD
08-22-2022,73.59,42.14,HOLD
08-19-2022,74.54,45.60,HOLD
08-18-2022,73.62,41.26,HOLD
08-17-2022,73.86,42.08,HOLD
08-16-2022,74.96,45.93,HOLD
08-15-2022,75.28,47.09,HOLD
08-12-2022,73.99,41.54,HOLD
08-11-2022,73.76,40.51,HOLD
08-10-2022,74.13,41.61,HOLD
08-09-2022,73.73,39.97,HOLD
08-08-2022,74.00,40.69,HOLD
08-05-2022,72.16,33.13,HOLD
08-04-2022,71.91,32.04,HOLD
08-03-2022,72.54,33.32,HOLD
08-02-2022,72.58,33.39,HOLD
08-01-2022,77.40,45.29,HOLD
07-29-2022,77.68,46.18,HOLD
07-28-2022,78.82,49.88,HOLD
07-27-2022,80.68,56.76,HOLD
07-26-2022,79.84,54.10,HOLD
07-25-2022,80.62,57.13,HOLD
07-22-2022,80.90,58.21,HOLD
07-21-2022,82.86,66.41,HOLD
07-20-2022,82.49,65.56,HOLD
07-19-2022,81.36,62.89,HOLD
07-18-2022,78.86,55.89,HOLD
07-15-2022,80.03,60.88,HOLD
07-14-2022,79.63,59.74,HOLD
07-13-2022,79.41,59.13,HOLD
07-12-2022,80.42,63.21,HOLD
07-11-2022,80.96,65.46,HOLD
07-08-2022,80.48,64.41,HOLD
07-07-2022,80.78,65.56,HOLD
07-06-2022,79.72,63.42,HOLD
07-05-2022,79.25,62.46,HOLD
07-01-2022,77.67,59.11,HOLD
06-30-2022,75.97,55.11,HOLD
06-29-2022,75.89,54.92,HOLD
06-28-2022,75.63,54.33,HOLD
06-27-2022,77.36,59.12,HOLD
06-24-2022,78.19,61.54,HOLD
06-23-2022,74.78,54.43,HOLD
06-22-2022,73.75,51.93,HOLD
06-21-2022,73.14,50.44,HOLD
06-17-2022,71.27,45.63,HOLD
06-16-2022,68.04,35.62,HOLD
06-15-2022,68.55,36.61,HOLD
06-14-2022,66.18,27.99,BUY
06-13-2022,67.75,30.54,HOLD
06-10-2022,70.40,35.64,HOLD
06-09-2022,72.78,41.41,HOLD
06-08-2022,74.99,48.13,HOLD
06-07-2022,74.91,47.84,HOLD
06-06-2022,73.89,44.22,HOLD
06-03-2022,73.96,44.42,HOLD
06-02-2022,74.63,46.25,HOLD
06-01-2022,74.98,47.19,HOLD
05-31-2022,75.89,49.62,HOLD
05-27-2022,77.19,53.27,HOLD
05-26-2022,76.02,50.21,HOLD
05-25-2022,76.51,51.53,HOLD
05-24-2022,75.11,47.91,HOLD
05-23-2022,76.91,52.59,HOLD
05-20-2022,74.88,47.19,HOLD
05-19-2022,74.34,45.66,HOLD
05-18-2022,73.39,42.97,HOLD
05-17-2022,75.51,47.89,HOLD
05-16-2022,74.51,45.14,HOLD
05-13-2022,74.90,46.02,HOLD
05-12-2022,75.51,47.36,HOLD
05-11-2022,73.91,43.34,HOLD
05-10-2022,76.14,48.10,HOLD
05-09-2022,72.65,38.23,HOLD
05-06-2022,75.20,43.89,HOLD
05-05-2022,77.28,49.44,HOLD
05-04-2022,80.72,61.33,HOLD
05-03-2022,77.18,49.79,HOLD
05-02-2022,76.05,44.91,HOLD
04-29-2022,74.96,39.66,HOLD
04-28-2022,75.40,41.13,HOLD
04-27-2022,74.43,36.31,HOLD
04-26-2022,74.15,34.87,HOLD
04-25-2022,76.56,42.51,HOLD
04-22-2022,76.58,42.58,HOLD
04-21-2022,76.86,43.54,HOLD
04-20-2022,78.71,50.50,HOLD
04-19-2022,79.47,53.78,HOLD
04-18-2022,80.33,57.72,HOLD
04-14-2022,81.74,64.96,HOLD
04-13-2022,81.99,66.33,HOLD
04-12-2022,80.07,60.37,HOLD
04-11-2022,80.95,65.29,HOLD
04-08-2022,83.18,80.78,SELL
04-07-2022,82.18,78.67,SELL
04-06-2022,81.87,77.98,SELL
04-05-2022,80.70,75.14,SELL
04-04-2022,80.91,76.79,SELL
04-01-2022,79.94,74.37,SELL
03-31-2022,79.42,72.97,SELL
03-30-2022,79.67,74.80,SELL
03-29-2022,79.71,75.07,SELL
03-28-2022,78.95,73.32,SELL
03-25-2022,78.46,72.15,SELL
03-24-2022,78.19,71.51,SELL
03-23-2022,77.10,68.82,HOLD
03-22-2022,78.05,74.51,SELL
03-21-2022,76.58,71.07,SELL
03-18-2022,75.20,67.21,HOLD
03-17-2022,74.35,64.51,HOLD
03-16-2022,74.60,66.00,HOLD
03-15-2022,73.31,61.77,HOLD
03-14-2022,72.19,57.52,HOLD
03-11-2022,73.94,68.59,HOLD
03-10-2022,73.47,67.01,HOLD
03-09-2022,72.01,61.39,HOLD
03-08-2022,71.15,57.42,HOLD
03-07-2022,70.62,54.77,HOLD
03-04-2022,70.05,51.76,HOLD
03-03-2022,69.46,48.46,HOLD
03-02-2022,69.58,49.09,HOLD
03-01-2022,68.70,44.12,HOLD
02-28-2022,68.30,41.72,HOLD
02-25-2022,68.42,42.22,HOLD
02-24-2022,67.84,38.90,HOLD
02-23-2022,67.99,39.44,HOLD
02-22-2022,68.17,40.07,HOLD
02-18-2022,68.53,41.29,HOLD
02-17-2022,67.83,37.88,HOLD
02-16-2022,67.83,37.88,HOLD
02-15-2022,67.50,36.38,HOLD
02-14-2022,66.02,29.27,BUY
02-11-2022,66.76,30.87,HOLD
02-10-2022,66.90,31.17,HOLD
02-09-2022,68.28,34.21,HOLD
02-08-2022,70.07,38.77,HOLD
02-07-2022,73.35,50.12,HOLD
02-04-2022,72.69,47.23,HOLD
02-03-2022,73.05,48.66,HOLD
02-02-2022,74.39,54.33,HOLD
02-01-2022,75.19,58.08,HOLD
01-31-2022,74.33,54.98,HOLD
01-28-2022,74.23,54.62,HOLD
01-27-2022,71.59,43.44,HOLD
01-26-2022,73.52,52.16,HOLD
01-25-2022,74.15,55.54,HOLD
01-24-2022,75.34,62.66,HOLD
01-21-2022,74.79,60.48,HOLD
01-20-2022,74.76,60.36,HOLD
01-19-2022,74.78,60.48,HOLD
01-18-2022,75.01,61.68,HOLD
01-14-2022,74.88,61.28,HOLD
01-13-2022,73.65,57.30,HOLD
01-12-2022,73.62,57.20,HOLD
01-11-2022,74.44,60.80,HOLD
01-10-2022,74.66,61.77,HOLD
01-07-2022,73.19,57.58,HOLD
01-06-2022,72.63,55.87,HOLD
01-05-2022,70.45,48.35,HOLD
01-04-2022,71.81,53.64,HOLD
01-03-2022,73.97,63.99,HOLD
12-31-2021,73.40,62.20,HOLD
12-30-2021,74.11,65.99,HOLD
12-29-2021,73.79,65.10,HOLD
12-28-2021,73.30,63.75,HOLD
12-27-2021,73.98,67.09,HOLD
12-23-2021,73.47,65.84,HOLD
12-22-2021,73.37,65.60,HOLD
12-21-2021,73.68,66.94,HOLD
12-20-2021,73.45,66.47,HOLD
12-17-2021,72.89,65.35,HOLD
12-16-2021,72.00,63.57,HOLD
12-15-2021,71.99,63.55,HOLD
12-14-2021,68.59,56.08,HOLD
12-13-2021,67.81,54.08,HOLD
12-10-2021,65.40,47.16,HOLD
12-09-2021,66.47,50.28,HOLD
12-08-2021,67.33,52.90,HOLD
12-07-2021,66.73,51.25,HOLD
12-06-2021,65.01,46.27,HOLD
12-03-2021,65.78,48.32,HOLD
12-02-2021,66.63,50.63,HOLD
12-01-2021,64.96,45.92,HOLD
11-30-2021,67.72,53.79,HOLD
11-29-2021,70.37,63.48,HOLD
11-26-2021,68.38,58.23,HOLD
11-24-2021,66.74,53.07,HOLD
11-23-2021,63.81,40.98,HOLD
11-22-2021,63.34,38.62,HOLD
11-19-2021,64.51,42.55,HOLD
11-18-2021,65.13,44.79,HOLD
11-17-2021,65.02,44.30,HOLD
11-16-2021,65.72,46.72,HOLD
11-15-2021,65.19,44.59,HOLD
11-12-2021,65.61,45.94,HOLD
11-11-2021,65.11,44.07,HOLD
11-10-2021,65.39,44.88,HOLD
11-09-2021,66.53,48.22,HOLD
11-08-2021,66.49,48.09,HOLD
11-05-2021,67.86,52.12,HOLD
11-04-2021,67.49,51.09,HOLD
11-03-2021,66.79,49.18,HOLD
11-02-2021,63.48,38.63,HOLD
11-01-2021,69.35,58.68,HOLD
10-29-2021,66.98,48.70,HOLD
10-28-2021,65.74,41.88,HOLD
10-27-2021,64.97,37.05,HOLD
10-26-2021,66.55,44.01,HOLD
10-25-2021,66.75,45.01,HOLD
10-22-2021,65.79,38.85,HOLD
10-21-2021,65.87,39.19,HOLD
10-20-2021,65.65,37.80,HOLD
10-19-2021,65.47,36.70,HOLD
10-18-2021,64.58,31.12,HOLD
10-15-2021,65.56,34.20,HOLD
10-14-2021,65.78,34.93,HOLD
10-13-2021,64.22,24.43,BUY
10-12-2021,64.36,24.76,BUY
10-11-2021,64.81,25.81,BUY
10-08-2021,65.89,28.50,BUY
10-07-2021,65.65,26.93,BUY
10-06-2021,65.82,27.32,BUY
10-05-2021,65.33,24.35,BUY
10-04-2021,66.32,26.38,BUY
10-01-2021,68.21,30.94,HOLD
09-30-2021,68.78,32.51,HOLD
09-29-2021,68.67,31.89,HOLD
09-28-2021,68.68,31.91,HOLD
09-27-2021,69.26,33.31,HOLD
09-24-2021,69.00,32.07,HOLD
09-23-2021,69.78,33.82,HOLD
09-22-2021,69.59,32.99,HOLD
09-21-2021,76.06,54.45,HOLD
09-20-2021,75.91,53.80,HOLD
09-17-2021,75.99,54.18,HOLD
09-16-2021,75.04,50.30,HOLD
09-15-2021,73.44,42.71,HOLD
09-14-2021,72.24,35.90,HOLD
09-13-2021,72.45,36.60,HOLD
09-10-2021,71.12,28.29,BUY
09-09-2021,72.69,33.04,HOLD
09-08-2021,74.06,38.24,HOLD
09-07-2021,74.70,41.05,HOLD
09-03-2021,76.09,48.17,HOLD
09-02-2021,77.23,55.50,HOLD
09-01-2021,77.03,54.37,HOLD
08-31-2021,76.49,51.26,HOLD
08-30-2021,76.05,48.61,HOLD
08-27-2021,75.68,46.33,HOLD
08-26-2021,75.15,42.97,HOLD
08-25-2021,75.76,46.06,HOLD
08-24-2021,75.54,44.73,HOLD
08-23-2021,75.53,44.67,HOLD
08-20-2021,74.90,41.09,HOLD
08-19-2021,74.51,38.81,HOLD
08-18-2021,74.54,38.92,HOLD
08-17-2021,75.66,43.05,HOLD
08-16-2021,73.99,33.23,HOLD
08-13-2021,73.47,29.73,BUY
08-12-2021,72.90,25.76,BUY
08-11-2021,72.90,25.76,BUY
08-10-2021,73.62,27.45,BUY
08-09-2021,75.31,32.02,HOLD
08-06-2021,76.30,35.21,HOLD
08-05-2021,76.92,37.37,HOLD
08-04-2021,77.34,38.88,HOLD
08-03-2021,77.95,41.10,HOLD
08-02-2021,78.47,43.06,HOLD
07-30-2021,77.35,37.07,HOLD
07-29-2021,77.40,37.24,HOLD
07-28-2021,78.01,39.18,HOLD
07-27-2021,76.34,29.88,BUY
07-26-2021,77.31,32.57,HOLD
07-23-2021,79.30,39.29,HOLD
07-22-2021,78.62,35.04,HOLD
07-21-2021,79.14,36.87,HOLD
07-20-2021,79.21,37.12,HOLD
07-19-2021,77.56,26.51,BUY
07-16-2021,78.33,28.60,BUY
07-15-2021,79.99,33.96,HOLD
07-14-2021,79.87,33.12,HOLD
07-13-2021,80.62,35.76,HOLD
07-12-2021,81.18,37.86,HOLD
07-09-2021,82.04,41.31,HOLD
07-08-2021,81.43,37.56,HOLD
07-07-2021,82.13,40.30,HOLD
07-06-2021,83.34,45.66,HOLD
07-02-2021,83.58,46.80,HOLD
07-01-2021,84.02,48.89,HOLD
06-30-2021,84.13,49.40,HOLD
06-29-2021,84.70,52.01,HOLD
06-28-2021,85.61,56.45,HOLD
06-25-2021,86.83,63.15,HOLD
06-24-2021,86.13,60.66,HOLD
06-23-2021,85.13,56.79,HOLD
06-22-2021,85.09,56.63,HOLD
06-21-2021,84.93,56.03,HOLD
06-18-2021,83.96,52.33,HOLD
06-17-2021,83.13,48.91,HOLD
06-16-2021,83.12,48.86,HOLD
06-15-2021,82.76,47.45,HOLD
06-14-2021,82.64,47.00,HOLD
06-11-2021,82.58,46.79,HOLD
06-10-2021,87.53,67.59,HOLD
06-09-2021,86.20,63.55,HOLD
06-08-2021,84.81,58.52,HOLD
06-07-2021,85.11,60.19,HOLD
06-04-2021,83.33,52.80,HOLD
06-03-2021,82.90,50.75,HOLD
06-02-2021,82.26,47.61,HOLD
06-01-2021,82.89,50.56,HOLD
05-28-2021,83.78,55.03,HOLD
05-27-2021,82.68,49.95,HOLD
05-26-2021,83.16,52.35,HOLD
05-25-2021,82.68,50.13,HOLD
05-24-2021,82.91,51.19,HOLD
05-21-2021,82.76,50.55,HOLD
05-20-2021,83.51,53.80,HOLD
05-19-2021,81.71,46.08,HOLD
05-18-2021,81.78,46.36,HOLD
05-17-2021,82.27,48.27,HOLD
05-14-2021,82.62,49.62,HOLD
05-13-2021,83.23,51.97,HOLD
05-12-2021,82.37,48.79,HOLD
05-11-2021,80.64,41.56,HOLD
05-10-2021,81.39,44.06,HOLD
05-07-2021,82.74,49.00,HOLD
05-06-2021,82.31,47.25,HOLD
05-05-2021,81.28,42.90,HOLD
05-04-2021,81.03,41.82,HOLD
05-03-2021,85.52,61.15,HOLD
04-30-2021,85.38,60.62,HOLD
04-29-2021,84.89,58.81,HOLD
04-28-2021,84.89,58.81,HOLD
04-27-2021,84.63,57.92,HOLD
04-26-2021,85.61,62.65,HOLD
04-23-2021,85.58,62.56,HOLD
04-22-2021,84.18,58.36,HOLD
04-21-2021,84.72,60.80,HOLD
04-20-2021,84.57,60.38,HOLD
04-19-2021,82.67,54.55,HOLD
04-16-2021,82.68,54.59,HOLD
04-15-2021,83.20,56.55,HOLD
04-14-2021,82.21,53.60,HOLD
04-13-2021,80.65,48.47,HOLD
04-12-2021,79.87,45.69,HOLD
04-09-2021,79.96,45.96,HOLD
04-08-2021,80.83,48.49,HOLD
04-07-2021,81.38,50.11,HOLD
04-06-2021,83.18,55.79,HOLD
04-05-2021,83.25,56.01,HOLD
04-01-2021,83.01,55.43,HOLD
03-31-2021,81.27,51.07,HOLD
03-30-2021,80.23,48.26,HOLD
03-29-2021,81.10,50.52,HOLD
03-26-2021,81.75,52.21,HOLD
03-25-2021,79.78,47.24,HOLD
03-24-2021,78.48,43.64,HOLD
03-23-2021,79.85,46.76,HOLD
03-22-2021,81.67,51.27,HOLD
03-19-2021,79.37,45.05,HOLD
03-18-2021,78.25,41.68,HOLD
03-17-2021,80.20,46.26,HOLD
03-16-2021,80.28,46.46,HOLD
03-15-2021,80.65,47.31,HOLD
03-12-2021,79.01,43.00,HOLD
03-11-2021,79.48,43.95,HOLD
03-10-2021,78.35,41.02,HOLD
03-09-2021,79.11,42.40,HOLD
03-08-2021,77.84,39.21,HOLD
03-05-2021,80.26,43.48,HOLD
03-04-2021,77.50,36.12,HOLD
03-03-2021,76.02,31.70,HOLD
03-02-2021,78.56,35.63,HOLD
03-01-2021,79.63,37.45,HOLD
02-26-2021,78.66,34.65,HOLD
02-25-2021,78.45,34.05,HOLD
02-24-2021,80.61,37.29,HOLD
02-23-2021,79.02,32.93,HOLD
02-22-2021,79.92,34.18,HOLD
02-19-2021,80.54,35.03,HOLD
02-18-2021,81.55,36.40,HOLD
02-17-2021,83.77,39.56,HOLD
02-16-2021,82.13,35.73,HOLD
02-12-2021,84.33,38.79,HOLD
02-11-2021,84.99,39.74,HOLD
02-10-2021,85.17,39.98,HOLD
02-09-2021,89.46,46.37,HOLD
02-08-2021,93.62,54.16,HOLD
02-05-2021,90.24,47.51,HOLD
02-04-2021,90.91,48.81,HOLD
02-03-2021,90.97,48.92,HOLD
02-02-2021,93.05,52.81,HOLD
02-01-2021,90.92,48.95,HOLD
01-29-2021,89.75,46.73,HOLD
01-28-2021,91.27,49.32,HOLD
01-27-2021,93.00,52.39,HOLD
01-26-2021,99.39,66.60,HOLD
01-25-2021,100.50,69.64,HOLD
01-22-2021,97.89,66.27,HOLD
01-21-2021,93.90,59.97,HOLD
01-20-2021,96.37,67.19,HOLD
01-19-2021,93.96,63.17,HOLD
01-15-2021,90.56,56.13,HOLD
01-14-2021,92.04,60.83,HOLD
01-13-2021,92.74,63.16,HOLD
01-12-2021,94.31,68.61,HOLD
01-11-2021,93.32,66.94,HOLD
01-08-2021,93.83,68.69,HOLD
01-07-2021,90.05,61.82,HOLD
01-06-2021,84.31,44.72,HOLD
01-05-2021,85.87,50.42,HOLD
01-04-2021,86.45,52.74,HOLD
12-31-2020,86.98,54.88,HOLD
12-30-2020,86.86,54.49,HOLD
12-29-2020,85.87,51.27,HOLD
12-28-2020,86.34,52.92,HOLD
12-24-2020,87.37,56.63,HOLD
12-23-2020,87.93,58.70,HOLD
12-22-2020,87.99,58.92,HOLD
12-21-2020,86.97,56.40,HOLD
12-18-2020,88.34,61.07,HOLD
12-17-2020,88.28,60.94,HOLD
12-16-2020,86.23,56.25,HOLD
12-15-2020,86.27,56.37,HOLD
12-14-2020,86.81,57.95,HOLD
12-11-2020,81.30,42.70,HOLD
12-10-2020,82.05,44.75,HOLD
12-09-2020,80.96,40.92,HOLD
12-08-2020,82.85,46.07,HOLD
12-07-2020,83.06,46.67,HOLD
12-04-2020,83.14,46.89,HOLD
12-03-2020,82.90,46.19,HOLD
12-02-2020,82.27,44.40,HOLD
12-01-2020,85.42,52.49,HOLD
11-30-2020,84.54,50.14,HOLD
11-27-2020,83.25,46.53,HOLD
11-25-2020,81.16,39.99,HOLD
11-24-2020,80.74,38.59,HOLD
11-23-2020,81.39,39.93,HOLD
11-20-2020,81.93,41.03,HOLD
11-19-2020,81.69,40.35,HOLD
11-18-2020,82.74,42.33,HOLD
11-17-2020,82.98,42.77,HOLD
11-16-2020,84.35,45.29,HOLD
11-13-2020,82.53,41.00,HOLD
11-12-2020,82.32,40.50,HOLD
11-11-2020,82.76,41.18,HOLD
11-10-2020,83.07,41.64,HOLD
11-09-2020,81.28,37.95,HOLD
11-06-2020,83.15,40.43,HOLD
11-05-2020,84.65,42.50,HOLD
11-04-2020,91.21,53.61,HOLD
11-03-2020,84.95,39.61,HOLD
11-02-2020,84.44,38.20,HOLD
10-30-2020,86.64,42.15,HOLD
10-29-2020,87.02,42.86,HOLD
10-28-2020,86.99,42.79,HOLD
10-27-2020,88.35,45.14,HOLD
10-26-2020,90.44,48.97,HOLD
10-23-2020,89.69,47.48,HOLD
10-22-2020,90.49,48.90,HOLD
10-21-2020,88.60,45.33,HOLD
10-20-2020,89.31,46.46,HOLD
10-19-2020,87.76,43.61,HOLD
10-16-2020,90.63,48.01,HOLD
10-15-2020,90.53,47.84,HOLD
10-14-2020,93.35,52.32,HOLD
10-13-2020,97.08,59.12,HOLD
10-12-2020,97.70,60.33,HOLD
10-09-2020,95.74,57.80,HOLD
10-08-2020,92.78,53.64,HOLD
10-07-2020,90.45,50.04,HOLD
10-06-2020,88.60,47.00,HOLD
10-05-2020,92.30,52.98,HOLD
10-02-2020,88.75,46.97,HOLD
10-01-2020,92.43,53.55,HOLD
09-30-2020,89.74,48.67,HOLD
09-29-2020,87.43,43.98,HOLD
09-28-2020,90.36,49.29,HOLD
09-25-2020,86.55,40.63,HOLD
09-24-2020,85.07,36.74,HOLD
09-23-2020,85.97,38.15,HOLD
09-22-2020,86.93,39.66,HOLD
09-21-2020,85.39,35.88,HOLD
09-18-2020,86.79,37.88,HOLD
09-17-2020,90.42,43.77,HOLD
09-16-2020,89.94,42.68,HOLD
09-15-2020,91.43,45.21,HOLD
09-14-2020,93.15,48.29,HOLD
09-11-2020,88.00,36.22,HOLD
09-10-2020,88.26,36.62,HOLD
09-09-2020,91.51,42.02,HOLD
09-08-2020,89.73,37.32,HOLD
09-04-2020,90.49,38.56,HOLD
09-03-2020,91.57,40.33,HOLD
09-02-2020,95.44,47.57,HOLD
09-01-2020,92.97,41.33,HOLD
08-31-2020,96.35,48.70,HOLD
08-28-2020,93.90,41.70,HOLD
08-27-2020,94.30,42.58,HOLD
08-26-2020,93.75,40.99,HOLD
08-25-2020,95.31,44.22,HOLD
08-24-2020,94.04,40.68,HOLD
08-21-2020,94.11,40.81,HOLD
08-20-2020,95.53,43.48,HOLD
08-19-2020,96.27,44.90,HOLD
08-18-2020,97.56,47.40,HOLD
08-17-2020,97.48,47.23,HOLD
08-14-2020,94.87,41.53,HOLD
08-13-2020,95.56,42.66,HOLD
08-12-2020,94.22,39.69,HOLD
08-11-2020,92.98,36.89,HOLD
08-10-2020,94.32,38.69,HOLD
08-07-2020,96.93,42.45,HOLD
08-06-2020,97.25,42.93,HOLD
08-05-2020,97.62,43.45,HOLD
08-04-2020,99.95,46.77,HOLD
08-03-2020,101.79,49.54,HOLD
07-31-2020,98.76,44.51,HOLD
07-30-2020,100.51,47.02,HOLD
07-29-2020,98.04,42.78,HOLD
07-28-2020,100.61,46.37,HOLD
07-27-2020,102.09,48.55,HOLD
07-24-2020,99.42,44.15,HOLD
07-23-2020,101.68,47.33,HOLD
07-22-2020,105.37,53.13,HOLD
07-21-2020,106.65,55.31,HOLD
07-20-2020,109.69,60.82,HOLD
07-17-2020,104.11,52.81,HOLD
07-16-2020,101.58,48.36,HOLD
07-15-2020,104.25,53.28,HOLD
07-14-2020,103.02,51.15,HOLD
07-13-2020,100.56,46.65,HOLD
07-10-2020,104.76,54.64,HOLD
07-09-2020,107.87,61.93,HOLD
07-08-2020,108.27,62.93,HOLD
07-07-2020,108.65,63.85,HOLD
07-06-2020,107.79,62.71,HOLD
07-02-2020,106.47,60.96,HOLD
07-01-2020,102.65,55.33,HOLD
06-30-2020,103.97,58.02,HOLD
06-29-2020,102.48,55.77,HOLD
06-26-2020,101.43,54.16,HOLD
06-25-2020,105.95,63.36,HOLD
06-24-2020,104.33,61.16,HOLD
06-23-2020,106.52,66.14,HOLD
06-22-2020,108.93,72.13,SELL
06-19-2020,105.40,68.21,HOLD
06-18-2020,97.36,54.77,HOLD
06-17-2020,96.28,52.25,HOLD
06-16-2020,95.53,50.47,HOLD
06-15-2020,93.51,45.38,HOLD
06-12-2020,92.07,41.39,HOLD
06-11-2020,90.81,37.70,HOLD
06-10-2020,93.04,42.06,HOLD
06-09-2020,93.00,41.94,HOLD
06-08-2020,94.58,45.14,HOLD
06-05-2020,93.51,42.38,HOLD
06-04-2020,93.80,42.92,HOLD
06-03-2020,98.83,54.08,HOLD
06-02-2020,100.90,60.05,HOLD
06-01-2020,101.75,62.69,HOLD
05-29-2020,101.91,63.17,HOLD
05-28-2020,100.55,60.78,HOLD
05-27-2020,98.22,56.25,HOLD
05-26-2020,98.68,57.47,HOLD
05-22-2020,99.37,59.25,HOLD
05-21-2020,98.68,58.04,HOLD
05-20-2020,98.32,57.43,HOLD
05-19-2020,94.92,51.19,HOLD
05-18-2020,96.46,54.55,HOLD
05-15-2020,96.12,53.93,HOLD
05-14-2020,94.83,51.60,HOLD
05-13-2020,96.45,54.84,HOLD
05-12-2020,96.74,55.41,HOLD
05-11-2020,99.33,60.71,HOLD
05-08-2020,95.92,55.51,HOLD
05-07-2020,96.47,56.63,HOLD
05-06-2020,96.08,56.05,HOLD
05-05-2020,98.82,61.46,HOLD
05-04-2020,100.99,66.16,HOLD
05-01-2020,97.30,61.51,HOLD
04-30-2020,97.66,62.29,HOLD
04-29-2020,95.96,60.08,HOLD
04-28-2020,97.67,63.55,HOLD
04-27-2020,102.98,76.25,SELL
04-24-2020,103.48,77.61,SELL
04-23-2020,101.90,76.37,SELL
04-22-2020,100.97,75.64,SELL
04-21-2020,99.46,74.44,SELL
04-20-2020,101.19,78.54,SELL
04-17-2020,100.00,77.76,SELL
04-16-2020,95.66,74.63,SELL
04-15-2020,90.95,70.43,SELL
04-14-2020,91.28,71.20,SELL
04-13-2020,88.01,68.00,HOLD
04-09-2020,86.81,66.74,HOLD
04-08-2020,87.75,68.71,HOLD
04-07-2020,86.66,67.68,HOLD
04-06-2020,85.11,66.22,HOLD
04-03-2020,78.59,58.96,HOLD
04-02-2020,77.07,56.96,HOLD
04-01-2020,74.18,52.90,HOLD
03-31-2020,73.23,51.50,HOLD
03-30-2020,72.17,49.97,HOLD
03-27-2020,68.96,45.08,HOLD
03-26-2020,73.05,50.97,HOLD
03-25-2020,69.59,45.36,HOLD
03-24-2020,67.43,41.48,HOLD
03-23-2020,63.18,32.75,HOLD
03-20-2020,66.96,37.35,HOLD
03-19-2020,66.51,36.37,HOLD
03-18-2020,66.90,36.83,HOLD
03-17-2020,70.37,41.21,HOLD
03-16-2020,71.60,42.89,HOLD
03-13-2020,73.84,46.06,HOLD
03-12-2020,68.02,34.35,HOLD
03-11-2020,71.90,39.68,HOLD
03-10-2020,74.31,43.59,HOLD
03-09-2020,71.09,35.74,HOLD
03-06-2020,76.04,44.60,HOLD
03-05-2020,78.61,50.64,HOLD
03-04-2020,80.16,54.81,HOLD
03-03-2020,77.80,48.86,HOLD
03-02-2020,79.06,52.27,HOLD
02-28-2020,75.41,41.25,HOLD
02-27-2020,75.84,42.32,HOLD
02-26-2020,77.97,48.05,HOLD
02-25-2020,77.32,45.98,HOLD
02-24-2020,78.87,50.43,HOLD
02-21-2020,80.89,57.12,HOLD
02-20-2020,82.77,64.52,HOLD
02-19-2020,82.42,63.70,HOLD
02-18-2020,79.30,55.21,HOLD
02-14-2020,78.45,52.39,HOLD
02-13-2020,78.05,51.05,HOLD
02-12-2020,75.83,42.70,HOLD
02-11-2020,76.14,43.67,HOLD
02-10-2020,75.11,39.44,HOLD
02-07-2020,74.14,35.19,HOLD
02-06-2020,75.81,39.64,HOLD
02-05-2020,76.00,40.18,HOLD
02-04-2020,73.88,30.42,HOLD
02-03-2020,72.94,25.42,BUY
01-31-2020,73.07,25.65,BUY
01-30-2020,73.14,25.77,BUY
01-29-2020,74.99,29.12,BUY
01-28-2020,76.46,32.21,HOLD
01-27-2020,76.07,30.39,HOLD
01-24-2020,76.74,31.75,HOLD
01-23-2020,78.24,35.00,HOLD
01-22-2020,78.48,35.54,HOLD
01-21-2020,78.65,35.91,HOLD
01-17-2020,80.50,40.07,HOLD
01-16-2020,80.62,40.35,HOLD
01-15-2020,80.54,40.09,HOLD
01-14-2020,81.47,42.07,HOLD
01-13-2020,77.10,26.12,BUY
01-10-2020,76.47,23.29,BUY
01-09-2020,77.95,25.42,BUY
01-08-2020,76.53,18.83,BUY
01-07-2020,77.14,19.52,BUY
01-06-2020,77.34,19.74,BUY
01-03-2020,77.90,20.33,BUY
01-02-2020,85.97,34.05,HOLD
12-31-2019,87.32,38.03,HOLD
12-30-2019,88.05,40.41,HOLD
12-27-2019,88.39,41.53,HOLD
12-26-2019,88.79,42.83,HOLD
12-24-2019,91.43,52.99,HOLD
12-23-2019,90.16,47.42,HOLD
12-20-2019,90.10,47.14,HOLD
12-19-2019,91.14,51.47,HOLD
12-18-2019,91.18,51.64,HOLD
12-17-2019,91.31,52.16,HOLD
12-16-2019,92.66,57.74,HOLD
12-13-2019,91.51,53.83,HOLD
12-12-2019,92.85,59.82,HOLD
12-11-2019,94.93,71.25,SELL
12-10-2019,95.72,76.39,SELL
12-09-2019,94.79,74.37,SELL
12-06-2019,94.48,73.67,SELL
12-05-2019,93.99,72.57,SELL
12-04-2019,95.00,78.86,SELL
12-03-2019,94.10,77.23,SELL
12-02-2019,94.47,79.57,SELL
11-29-2019,94.16,79.08,SELL
11-27-2019,94.12,79.02,SELL
11-26-2019,93.76,78.50,SELL
11-25-2019,94.00,79.73,SELL
11-22-2019,88.73,70.21,SELL
11-21-2019,88.40,69.38,HOLD
11-20-2019,88.90,72.23,SELL
11-19-2019,87.94,70.03,SELL
11-18-2019,87.49,68.96,HOLD
11-15-2019,86.70,67.05,HOLD
11-14-2019,85.79,64.72,HOLD
11-13-2019,87.43,73.40,SELL
11-12-2019,86.14,70.51,SELL
11-11-2019,84.86,67.23,HOLD
11-08-2019,85.10,68.56,HOLD
11-07-2019,82.76,61.73,HOLD
11-06-2019,83.68,67.05,HOLD
11-05-2019,84.13,69.78,HOLD
11-04-2019,84.43,71.59,SELL
11-01-2019,83.58,69.51,HOLD
10-31-2019,83.92,71.45,SELL
10-30-2019,83.66,70.87,SELL
10-29-2019,83.35,70.20,SELL
10-28-2019,79.86,60.84,HOLD
10-25-2019,77.55,51.45,HOLD
10-24-2019,77.50,51.22,HOLD
10-23-2019,78.10,54.14,HOLD
10-22-2019,78.51,56.17,HOLD
10-21-2019,78.59,56.55,HOLD
10-18-2019,77.76,53.49,HOLD
10-17-2019,77.43,52.24,HOLD
10-16-2019,78.12,55.10,HOLD
10-15-2019,78.52,56.78,HOLD
10-14-2019,77.46,53.29,HOLD
10-11-2019,76.12,48.39,HOLD
10-10-2019,75.77,47.04,HOLD
10-09-2019,74.68,42.72,HOLD
10-08-2019,74.44,41.75,HOLD
10-07-2019,74.76,42.64,HOLD
10-04-2019,74.87,42.94,HOLD
10-03-2019,74.88,42.96,HOLD
10-02-2019,73.04,36.66,HOLD
10-01-2019,73.96,38.64,HOLD
09-30-2019,74.23,39.22,HOLD
09-27-2019,72.82,34.47,HOLD
09-26-2019,73.76,36.22,HOLD
09-25-2019,75.07,38.77,HOLD
09-24-2019,76.95,42.79,HOLD
09-23-2019,77.64,44.36,HOLD
09-20-2019,81.21,53.84,HOLD
09-19-2019,78.12,44.27,HOLD
09-18-2019,78.54,45.46,HOLD
09-17-2019,79.10,47.02,HOLD
09-16-2019,78.34,44.62,HOLD
09-13-2019,76.43,38.07,HOLD
09-12-2019,76.07,36.77,HOLD
09-11-2019,78.48,42.33,HOLD
09-10-2019,77.91,40.34,HOLD
09-09-2019,78.97,42.89,HOLD
09-06-2019,79.24,43.54,HOLD
09-05-2019,79.27,43.61,HOLD
09-04-2019,77.62,38.71,HOLD
09-03-2019,80.06,43.95,HOLD
08-30-2019,81.82,48.33,HOLD
08-29-2019,82.44,49.96,HOLD
08-28-2019,81.35,47.05,HOLD
08-27-2019,80.26,44.02,HOLD
08-26-2019,82.81,50.26,HOLD
08-23-2019,81.91,47.84,HOLD
08-22-2019,85.56,58.60,HOLD
08-21-2019,86.07,60.36,HOLD
08-20-2019,84.10,55.57,HOLD
08-19-2019,84.52,56.93,HOLD
08-16-2019,83.12,53.39,HOLD
08-15-2019,80.61,46.02,HOLD
08-14-2019,81.06,47.26,HOLD
08-13-2019,82.89,52.64,HOLD
08-12-2019,82.48,51.49,HOLD
08-09-2019,81.79,49.58,HOLD
08-08-2019,81.26,48.12,HOLD
08-07-2019,80.46,45.93,HOLD
08-06-2019,82.63,51.40,HOLD
08-05-2019,80.92,46.76,HOLD
08-02-2019,83.47,53.88,HOLD
08-01-2019,84.85,58.35,HOLD
07-31-2019,84.92,58.58,HOLD
07-30-2019,85.43,60.17,HOLD
07-29-2019,80.26,46.45,HOLD
07-26-2019,80.15,46.08,HOLD
07-25-2019,78.80,41.51,HOLD
07-24-2019,79.15,42.38,HOLD
07-23-2019,78.51,40.27,HOLD
07-22-2019,81.71,48.52,HOLD
07-19-2019,80.54,44.67,HOLD
07-18-2019,81.31,46.81,HOLD
07-17-2019,80.23,43.27,HOLD
07-16-2019,79.88,42.11,HOLD
07-15-2019,81.39,45.87,HOLD
07-12-2019,80.10,41.75,HOLD
07-11-2019,81.23,44.50,HOLD
07-10-2019,83.77,51.61,HOLD
07-09-2019,83.82,51.76,HOLD
07-08-2019,83.01,49.54,HOLD
07-05-2019,85.28,56.29,HOLD
07-03-2019,86.52,60.47,HOLD
07-02-2019,85.01,56.85,HOLD
07-01-2019,85.42,58.19,HOLD
06-28-2019,84.96,57.14,HOLD
06-27-2019,84.72,56.60,HOLD
06-26-2019,85.63,59.19,HOLD
06-25-2019,87.61,65.20,HOLD
06-24-2019,86.92,64.02,HOLD
06-21-2019,88.70,69.69,HOLD
06-20-2019,86.57,66.38,HOLD
06-19-2019,84.87,63.42,HOLD
06-18-2019,84.28,62.35,HOLD
06-17-2019,81.84,57.59,HOLD
06-14-2019,77.71,47.08,HOLD
06-13-2019,76.37,42.81,HOLD
06-12-2019,75.80,40.93,HOLD
06-11-2019,75.56,40.15,HOLD
06-10-2019,76.80,42.83,HOLD
06-07-2019,80.83,53.64,HOLD
06-06-2019,79.86,50.87,HOLD
06-05-2019,81.02,54.48,HOLD
06-04-2019,81.56,56.21,HOLD
06-03-2019,79.56,50.85,HOLD
05-31-2019,78.63,48.11,HOLD
05-30-2019,78.74,48.41,HOLD
05-29-2019,77.59,45.13,HOLD
05-28-2019,81.76,57.43,HOLD
05-24-2019,81.75,57.41,HOLD
05-23-2019,80.50,54.18,HOLD
05-22-2019,79.02,50.01,HOLD
05-21-2019,78.68,49.02,HOLD
05-20-2019,76.83,43.35,HOLD
05-17-2019,77.20,44.27,HOLD
05-16-2019,77.64,45.32,HOLD
05-15-2019,75.99,40.37,HOLD
05-14-2019,76.11,40.62,HOLD
05-13-2019,75.75,39.59,HOLD
05-10-2019,80.68,50.85,HOLD
05-09-2019,82.02,54.79,HOLD
05-08-2019,82.85,57.34,HOLD
05-07-2019,83.23,58.49,HOLD
05-06-2019,85.00,64.09,HOLD
05-03-2019,83.06,60.22,HOLD
05-02-2019,80.94,55.33,HOLD
05-01-2019,78.91,49.84,HOLD
04-30-2019,76.80,43.09,HOLD
04-29-2019,74.38,33.58,HOLD
04-26-2019,75.03,35.04,HOLD
04-25-2019,73.94,30.33,HOLD
04-24-2019,73.52,28.47,BUY
04-23-2019,75.41,32.04,HOLD
04-22-2019,73.66,23.82,BUY
04-18-2019,73.96,24.29,BUY
04-17-2019,74.32,24.83,BUY
04-16-2019,76.98,29.33,BUY
04-15-2019,78.15,31.68,HOLD
04-12-2019,79.40,34.41,HOLD
04-11-2019,81.06,38.50,HOLD
04-10-2019,83.41,45.63,HOLD
04-09-2019,82.73,42.78,HOLD
04-08-2019,84.43,48.70,HOLD
04-05-2019,84.76,49.95,HOLD
04-04-2019,83.22,43.70,HOLD
04-03-2019,84.35,47.76,HOLD
04-02-2019,86.70,58.20,HOLD
04-01-2019,85.95,55.31,HOLD
03-29-2019,86.01,55.59,HOLD
03-28-2019,85.74,54.61,HOLD
03-27-2019,86.02,55.80,HOLD
03-26-2019,87.12,60.60,HOLD
03-25-2019,86.02,57.18,HOLD
03-22-2019,85.34,54.93,HOLD
03-21-2019,87.08,62.76,HOLD
03-20-2019,86.31,60.45,HOLD
03-19-2019,85.67,58.45,HOLD
03-18-2019,85.62,58.30,HOLD
03-15-2019,84.80,55.83,HOLD
03-14-2019,84.31,54.33,HOLD
03-13-2019,85.06,57.08,HOLD
03-12-2019,84.90,56.65,HOLD
03-11-2019,84.17,54.70,HOLD
03-08-2019,82.12,48.68,HOLD
03-07-2019,82.45,49.67,HOLD
03-06-2019,83.37,52.42,HOLD
03-05-2019,85.04,57.81,HOLD
03-04-2019,85.41,59.06,HOLD
03-01-2019,88.17,69.46,HOLD
02-28-2019,86.23,65.49,HOLD
02-27-2019,87.00,68.79,HOLD
02-26-2019,85.70,66.12,HOLD
02-25-2019,86.88,71.25,SELL
02-22-2019,84.85,67.18,HOLD
02-21-2019,83.33,63.59,HOLD
02-20-2019,83.74,65.38,HOLD
02-19-2019,84.08,66.83,HOLD
02-15-2019,84.15,67.11,HOLD
02-14-2019,83.42,65.70,HOLD
02-13-2019,81.06,60.62,HOLD
02-12-2019,81.40,61.85,HOLD
02-11-2019,80.21,59.16,HOLD
02-08-2019,80.87,61.39,HOLD
02-07-2019,79.83,59.14,HOLD
02-06-2019,81.42,64.46,HOLD
02-05-2019,81.40,64.43,HOLD
02-04-2019,81.60,65.06,HOLD
02-01-2019,82.92,69.25,HOLD
01-31-2019,80.59,65.62,HOLD
01-30-2019,79.98,64.61,HOLD
01-29-2019,79.29,63.48,HOLD
01-28-2019,80.66,67.46,HOLD
01-25-2019,79.95,66.44,HOLD
01-24-2019,77.01,61.88,HOLD
01-23-2019,75.20,58.67,HOLD
01-22-2019,77.33,64.62,HOLD
01-18-2019,78.42,67.89,HOLD
01-17-2019,78.67,68.63,HOLD
01-16-2019,76.56,65.70,HOLD
01-15-2019,78.76,72.23,SELL
01-14-2019,73.54,64.45,HOLD
01-11-2019,74.65,68.23,HOLD
01-10-2019,75.12,69.84,HOLD
01-09-2019,73.70,67.70,HOLD
01-08-2019,74.90,71.68,SELL
01-07-2019,74.21,70.76,SELL
01-04-2019,72.27,68.06,HOLD
01-03-2019,68.06,60.73,HOLD
01-02-2019,63.56,49.15,HOLD
12-31-2018,63.59,49.24,HOLD
12-28-2018,62.28,45.17,HOLD
12-27-2018,62.34,45.33,HOLD
12-26-2018,62.02,44.39,HOLD
12-24-2018,58.50,32.52,HOLD
12-21-2018,58.67,32.84,HOLD
12-20-2018,61.73,39.16,HOLD
12-19-2018,62.75,41.64,HOLD
12-18-2018,64.26,45.62,HOLD
12-17-2018,64.82,47.17,HOLD
12-14-2018,66.25,51.30,HOLD
12-13-2018,67.29,54.53,HOLD
12-12-2018,67.67,55.72,HOLD
12-11-2018,65.60,50.23,HOLD
12-10-2018,65.42,49.72,HOLD
12-07-2018,64.51,47.22,HOLD
12-06-2018,65.10,48.68,HOLD
12-04-2018,65.52,49.69,HOLD
12-03-2018,68.32,57.07,HOLD
11-30-2018,64.25,46.31,HOLD
11-29-2018,64.79,47.79,HOLD
11-28-2018,65.76,50.47,HOLD
11-27-2018,67.19,54.67,HOLD
11-26-2018,67.38,55.24,HOLD
11-23-2018,64.67,48.11,HOLD
11-21-2018,64.07,46.35,HOLD
11-20-2018,63.59,44.97,HOLD
11-19-2018,64.25,46.50,HOLD
11-16-2018,66.51,52.15,HOLD
11-15-2018,65.03,48.33,HOLD
11-14-2018,64.15,45.95,HOLD
11-13-2018,63.73,44.83,HOLD
11-12-2018,62.86,42.52,HOLD
11-09-2018,66.03,49.52,HOLD
11-08-2018,68.67,56.74,HOLD
11-07-2018,69.03,57.80,HOLD
11-06-2018,68.53,56.76,HOLD
11-05-2018,68.97,57.93,HOLD
11-02-2018,67.41,54.85,HOLD
11-01-2018,68.43,57.40,HOLD
10-31-2018,64.82,49.71,HOLD
10-30-2018,61.03,38.97,HOLD
10-29-2018,63.32,44.28,HOLD
10-26-2018,63.95,45.87,HOLD
10-25-2018,64.29,46.72,HOLD
10-24-2018,60.92,35.85,HOLD
10-23-2018,65.04,46.65,HOLD
10-22-2018,65.18,47.10,HOLD
10-19-2018,66.06,49.89,HOLD
10-18-2018,64.44,44.24,HOLD
10-17-2018,65.04,46.02,HOLD
10-16-2018,64.91,45.58,HOLD
10-15-2018,62.03,34.56,HOLD
10-12-2018,62.56,35.80,HOLD
10-11-2018,61.75,32.36,HOLD
10-10-2018,63.85,37.15,HOLD
10-09-2018,65.50,41.65,HOLD
10-08-2018,64.17,35.83,HOLD
10-05-2018,65.08,38.26,HOLD
10-04-2018,66.19,41.43,HOLD
10-03-2018,69.94,56.02,HOLD
10-02-2018,69.85,55.67,HOLD
10-01-2018,68.82,51.60,HOLD
09-28-2018,69.08,52.74,HOLD
09-27-2018,69.04,52.59,HOLD
09-26-2018,67.42,46.22,HOLD
09-25-2018,65.86,38.87,HOLD
09-24-2018,66.48,40.94,HOLD
09-21-2018,66.59,41.30,HOLD
09-20-2018,68.28,47.24,HOLD
09-19-2018,67.25,42.56,HOLD
09-18-2018,67.82,44.60,HOLD
09-17-2018,67.02,40.92,HOLD
09-14-2018,68.09,44.59,HOLD
09-13-2018,67.48,41.83,HOLD
09-12-2018,66.51,37.20,HOLD
09-11-2018,66.82,38.10,HOLD
09-10-2018,68.40,43.02,HOLD
09-07-2018,69.17,45.70,HOLD
09-06-2018,72.21,59.18,HOLD
09-05-2018,74.23,72.35,SELL
09-04-2018,73.84,71.20,SELL
08-31-2018,73.91,71.69,SELL
08-30-2018,73.65,71.00,SELL
08-29-2018,74.08,73.79,SELL
08-28-2018,73.85,73.27,SELL
08-27-2018,72.36,69.63,HOLD
08-24-2018,70.08,62.34,HOLD
08-23-2018,69.18,58.71,HOLD
08-22-2018,69.48,60.51,HOLD
08-21-2018,69.62,61.33,HOLD
08-20-2018,69.05,59.25,HOLD
08-17-2018,68.80,58.33,HOLD
08-16-2018,67.85,54.76,HOLD
08-15-2018,66.87,50.70,HOLD
08-14-2018,66.45,48.88,HOLD
08-13-2018,64.87,41.29,HOLD
08-10-2018,64.44,39.00,HOLD
08-09-2018,64.38,38.69,HOLD
08-08-2018,63.61,34.75,HOLD
08-07-2018,63.01,31.56,HOLD
08-06-2018,61.75,24.35,BUY
08-03-2018,63.04,27.06,BUY
08-02-2018,64.45,30.51,HOLD
08-01-2018,65.59,33.73,HOLD
07-31-2018,66.54,36.73,HOLD
07-30-2018,68.58,44.65,HOLD
07-27-2018,68.64,44.92,HOLD
07-26-2018,69.91,50.84,HOLD
07-25-2018,70.10,51.79,HOLD
07-24-2018,68.99,46.36,HOLD
07-23-2018,68.96,46.21,HOLD
07-20-2018,69.20,47.20,HOLD
07-19-2018,70.11,51.07,HOLD
07-18-2018,70.37,52.20,HOLD
07-17-2018,70.23,51.67,HOLD
07-16-2018,70.11,51.23,HOLD
07-13-2018,70.19,51.52,HOLD
07-12-2018,71.14,54.92,HOLD
07-11-2018,70.28,52.27,HOLD
07-10-2018,70.18,51.96,HOLD
07-09-2018,71.62,56.82,HOLD
07-06-2018,70.83,54.66,HOLD
07-05-2018,69.29,50.15,HOLD
07-03-2018,68.28,46.94,HOLD
07-02-2018,68.62,47.91,HOLD
06-29-2018,67.00,42.70,HOLD
06-28-2018,65.76,38.32,HOLD
06-27-2018,65.46,37.24,HOLD
06-26-2018,66.73,39.99,HOLD
06-25-2018,71.73,54.77,HOLD
06-22-2018,74.03,65.03,HOLD
06-21-2018,72.49,60.42,HOLD
06-20-2018,73.43,65.30,HOLD
06-19-2018,72.98,64.01,HOLD
06-18-2018,72.02,61.14,HOLD
06-15-2018,73.96,71.90,SELL
06-14-2018,73.64,71.12,SELL
06-13-2018,70.54,61.54,HOLD
06-12-2018,70.58,61.78,HOLD
06-11-2018,69.36,56.91,HOLD
06-08-2018,70.01,60.74,HOLD
06-07-2018,69.02,56.61,HOLD
06-06-2018,68.55,54.51,HOLD
06-05-2018,68.41,53.89,HOLD
06-04-2018,68.04,52.29,HOLD
06-01-2018,67.91,51.75,HOLD
05-31-2018,68.27,53.31,HOLD
05-30-2018,67.87,51.81,HOLD
05-29-2018,67.06,48.70,HOLD
05-25-2018,68.43,54.19,HOLD
05-24-2018,66.67,47.07,HOLD
05-23-2018,66.57,46.64,HOLD
05-22-2018,66.56,46.59,HOLD
05-21-2018,66.79,47.37,HOLD
05-18-2018,67.83,50.94,HOLD
05-17-2018,66.64,46.67,HOLD
05-16-2018,67.02,47.91,HOLD
05-15-2018,67.23,48.57,HOLD
05-14-2018,67.22,48.53,HOLD
05-11-2018,66.45,46.19,HOLD
05-10-2018,65.27,42.47,HOLD
05-09-2018,64.35,39.43,HOLD
05-08-2018,62.87,34.25,HOLD
05-07-2018,62.87,34.25,HOLD
05-04-2018,62.13,31.73,HOLD
05-03-2018,62.39,32.13,HOLD
05-02-2018,61.05,27.75,BUY
05-01-2018,60.85,27.10,BUY
04-30-2018,61.94,28.40,BUY
04-27-2018,62.96,29.63,BUY
04-26-2018,62.61,28.64,BUY
04-25-2018,62.99,29.05,BUY
04-24-2018,62.35,27.43,BUY
04-23-2018,68.14,33.97,HOLD
04-20-2018,68.43,34.35,HOLD
04-19-2018,69.05,35.13,HOLD
04-18-2018,70.07,36.39,HOLD
04-17-2018,70.52,36.94,HOLD
04-16-2018,70.37,36.64,HOLD
04-13-2018,70.12,36.18,HOLD
04-12-2018,69.83,35.68,HOLD
04-11-2018,66.29,29.37,BUY
04-10-2018,68.12,30.82,HOLD
04-09-2018,65.36,25.68,BUY
04-06-2018,64.02,23.10,BUY
04-05-2018,83.07,42.61,HOLD
04-04-2018,83.98,44.27,HOLD
04-03-2018,81.89,39.22,HOLD
04-02-2018,80.56,35.79,HOLD
03-29-2018,83.33,40.18,HOLD
03-28-2018,84.96,43.07,HOLD
03-27-2018,85.03,43.19,HOLD
03-26-2018,86.37,45.52,HOLD
03-23-2018,83.06,37.84,HOLD
03-22-2018,85.25,41.43,HOLD
03-21-2018,88.79,48.29,HOLD
03-20-2018,87.01,43.96,HOLD
03-19-2018,86.27,42.08,HOLD
03-16-2018,90.03,49.97,HOLD
03-15-2018,88.69,46.66,HOLD
03-14-2018,92.26,55.79,HOLD
03-13-2018,94.63,63.43,HOLD
03-12-2018,94.45,63.08,HOLD
03-09-2018,94.23,62.66,HOLD
03-08-2018,92.42,59.17,HOLD
03-07-2018,91.70,57.71,HOLD
03-06-2018,91.09,56.48,HOLD
03-05-2018,90.97,56.25,HOLD
03-02-2018,86.61,46.67,HOLD
03-01-2018,83.09,36.19,HOLD
02-28-2018,85.16,40.54,HOLD
02-27-2018,86.57,43.88,HOLD
02-26-2018,87.53,46.28,HOLD
02-23-2018,87.80,46.95,HOLD
02-22-2018,85.19,39.00,HOLD
02-21-2018,84.71,37.39,HOLD
02-20-2018,85.51,38.98,HOLD
02-16-2018,86.03,40.00,HOLD
02-15-2018,85.59,38.74,HOLD
02-14-2018,88.17,43.76,HOLD
02-13-2018,88.03,43.39,HOLD
02-12-2018,87.52,42.10,HOLD
02-09-2018,84.50,33.83,HOLD
02-08-2018,83.92,32.10,HOLD
02-07-2018,86.34,35.72,HOLD
02-06-2018,88.11,38.68,HOLD
02-05-2018,85.34,30.28,HOLD
02-02-2018,85.92,31.10,HOLD
02-01-2018,89.67,37.22,HOLD
01-31-2018,90.29,38.38,HOLD
01-30-2018,92.50,42.79,HOLD
01-29-2018,93.54,45.05,HOLD
01-26-2018,95.51,49.67,HOLD
01-25-2018,94.26,46.44,HOLD
01-24-2018,95.34,48.96,HOLD
01-23-2018,94.63,47.21,HOLD
01-22-2018,94.08,45.87,HOLD
01-19-2018,93.16,43.66,HOLD
01-18-2018,91.92,40.61,HOLD
01-17-2018,90.31,36.48,HOLD
01-16-2018,91.65,38.55,HOLD
01-12-2018,94.07,42.62,HOLD
01-11-2018,93.06,40.17,HOLD
01-10-2018,96.62,46.68,HOLD
01-09-2018,96.29,45.93,HOLD
01-08-2018,100.81,56.01,HOLD
01-05-2018,99.85,54.02,HOLD
01-04-2018,98.44,51.00,HOLD
01-03-2018,100.98,57.30,HOLD
01-02-2018,100.89,57.12,HOLD
12-29-2017,94.71,42.03,HOLD
12-28-2017,95.38,43.58,HOLD
12-27-2017,96.51,46.24,HOLD
12-26-2017,95.40,43.07,HOLD
12-22-2017,95.81,43.96,HOLD
12-21-2017,96.36,45.12,HOLD
12-20-2017,94.03,38.76,HOLD
12-19-2017,95.02,40.62,HOLD
12-18-2017,93.56,36.45,HOLD
12-15-2017,96.41,41.76,HOLD
12-14-2017,95.97,40.52,HOLD
12-13-2017,98.10,44.82,HOLD
12-12-2017,95.40,36.94,HOLD
12-11-2017,97.25,40.63,HOLD
12-08-2017,96.58,38.57,HOLD
12-07-2017,94.83,32.91,HOLD
12-06-2017,93.79,29.32,BUY
12-05-2017,93.71,29.05,BUY
12-04-2017,93.68,28.96,BUY
12-01-2017,97.94,35.16,HOLD
11-30-2017,98.99,36.97,HOLD
11-29-2017,95.96,26.87,BUY
11-28-2017,95.83,26.40,BUY
11-27-2017,97.86,29.11,BUY
11-24-2017,98.78,30.43,HOLD
11-22-2017,99.00,30.73,HOLD
11-21-2017,98.95,30.59,HOLD
11-20-2017,98.95,30.59,HOLD
11-17-2017,105.47,40.30,HOLD
11-16-2017,106.48,42.24,HOLD
11-15-2017,105.24,38.90,HOLD
11-14-2017,105.12,38.58,HOLD
11-13-2017,107.21,42.14,HOLD
11-10-2017,104.76,35.68,HOLD
11-09-2017,102.99,30.48,HOLD
11-08-2017,104.98,33.29,HOLD
11-07-2017,108.14,38.53,HOLD
11-06-2017,105.43,29.73,BUY
11-03-2017,105.08,28.50,BUY
11-02-2017,106.51,30.53,HOLD
11-01-2017,107.96,32.71,HOLD
10-31-2017,113.25,43.19,HOLD
10-30-2017,114.24,45.74,HOLD
10-27-2017,116.27,51.53,HOLD
10-26-2017,115.56,49.45,HOLD
10-25-2017,114.55,46.42,HOLD
10-24-2017,114.04,44.87,HOLD
10-23-2017,113.48,43.19,HOLD
10-20-2017,114.19,44.80,HOLD
10-19-2017,114.27,44.97,HOLD
10-18-2017,115.14,46.81,HOLD
10-17-2017,115.64,47.86,HOLD
10-16-2017,116.60,49.85,HOLD
10-13-2017,114.31,44.77,HOLD
10-12-2017,112.73,40.93,HOLD
10-11-2017,111.62,38.13,HOLD
10-10-2017,114.77,43.58,HOLD
10-09-2017,113.99,41.66,HOLD
10-06-2017,114.70,42.89,HOLD
10-05-2017,113.57,40.29,HOLD
10-04-2017,113.83,40.68,HOLD
10-03-2017,112.80,38.45,HOLD
10-02-2017,115.19,41.84,HOLD
09-29-2017,116.74,44.19,HOLD
09-28-2017,113.14,36.51,HOLD
09-27-2017,110.31,29.43,BUY
09-26-2017,109.15,26.30,BUY
09-25-2017,109.69,26.82,BUY
09-22-2017,110.85,27.90,BUY
09-21-2017,115.05,32.31,HOLD
09-20-2017,114.87,31.88,HOLD
09-19-2017,117.09,34.37,HOLD
09-18-2017,118.40,35.91,HOLD
09-15-2017,119.15,36.78,HOLD
09-14-2017,119.76,37.47,HOLD
09-13-2017,123.59,42.07,HOLD
09-12-2017,123.15,41.30,HOLD
09-11-2017,124.95,43.49,HOLD
09-08-2017,129.46,49.60,HOLD
09-07-2017,134.34,57.77,HOLD
09-06-2017,135.86,60.65,HOLD
09-05-2017,135.34,60.02,HOLD
09-01-2017,138.03,65.06,HOLD
08-31-2017,137.41,64.42,HOLD
08-30-2017,138.27,65.98,HOLD
08-29-2017,124.97,47.91,HOLD
08-28-2017,123.54,45.00,HOLD
08-25-2017,121.76,41.19,HOLD
08-24-2017,123.82,44.50,HOLD
08-23-2017,123.65,44.15,HOLD
08-22-2017,123.86,44.47,HOLD
08-21-2017,120.89,38.71,HOLD
08-18-2017,121.19,39.09,HOLD
08-17-2017,121.74,39.76,HOLD
08-16-2017,124.34,42.96,HOLD
08-15-2017,126.37,45.63,HOLD
08-14-2017,126.28,45.49,HOLD
08-11-2017,124.10,42.16,HOLD
08-10-2017,122.12,39.01,HOLD
08-09-2017,130.08,48.96,HOLD
08-08-2017,130.70,49.88,HOLD
08-07-2017,132.00,51.77,HOLD
08-04-2017,128.70,47.03,HOLD
08-03-2017,125.98,42.72,HOLD
08-02-2017,125.71,42.29,HOLD
08-01-2017,128.76,45.93,HOLD
07-31-2017,133.29,52.11,HOLD
07-28-2017,135.74,55.89,HOLD
07-27-2017,132.72,51.90,HOLD
07-26-2017,137.19,59.27,HOLD
07-25-2017,133.56,54.38,HOLD
07-24-2017,138.27,63.58,HOLD
07-21-2017,134.22,57.90,HOLD
07-20-2017,133.79,57.24,HOLD
07-19-2017,130.45,51.81,HOLD
07-18-2017,130.85,52.55,HOLD
07-17-2017,130.62,52.18,HOLD
07-14-2017,134.27,58.87,HOLD
07-13-2017,133.42,57.70,HOLD
07-12-2017,133.22,57.43,HOLD
07-11-2017,131.92,55.76,HOLD
07-10-2017,129.56,52.62,HOLD
07-07-2017,130.84,54.57,HOLD
07-06-2017,127.22,49.67,HOLD
07-05-2017,128.34,51.26,HOLD
07-03-2017,125.87,47.84,HOLD
06-30-2017,125.91,47.89,HOLD
06-29-2017,128.78,51.51,HOLD
06-28-2017,134.33,59.61,HOLD
06-27-2017,130.31,54.83,HOLD
06-26-2017,134.67,62.24,HOLD
06-23-2017,136.28,65.26,HOLD
06-22-2017,135.63,64.62,HOLD
06-21-2017,133.99,63.01,HOLD
06-20-2017,124.58,51.20,HOLD
06-19-2017,122.28,47.39,HOLD
06-16-2017,118.05,39.30,HOLD
06-15-2017,120.37,42.64,HOLD
06-14-2017,120.09,42.09,HOLD
06-13-2017,118.52,39.03,HOLD
06-12-2017,116.44,34.80,HOLD
06-09-2017,119.04,37.85,HOLD
06-08-2017,119.75,38.71,HOLD
06-07-2017,119.15,37.60,HOLD
06-06-2017,122.27,41.21,HOLD
06-05-2017,124.03,43.39,HOLD
06-02-2017,131.50,54.84,HOLD
06-01-2017,129.28,51.30,HOLD
05-31-2017,129.33,51.38,HOLD
05-30-2017,130.49,53.27,HOLD
05-26-2017,134.38,60.15,HOLD
05-25-2017,138.41,68.69,HOLD
05-24-2017,138.10,68.37,HOLD
05-23-2017,136.16,66.36,HOLD
05-22-2017,134.43,64.50,HOLD
05-19-2017,131.43,61.03,HOLD
05-18-2017,128.80,57.67,HOLD
05-17-2017,120.49,43.28,HOLD
05-16-2017,117.76,36.72,HOLD
05-15-2017,117.35,35.68,HOLD
05-12-2017,115.19,30.08,HOLD
05-11-2017,116.43,31.54,HOLD
05-10-2017,118.22,33.75,HOLD
05-09-2017,119.73,35.70,HOLD
05-08-2017,117.79,30.93,HOLD
05-05-2017,122.41,37.00,HOLD
05-04-2017,125.00,41.22,HOLD
05-03-2017,123.21,36.58,HOLD
05-02-2017,123.71,37.35,HOLD
05-01-2017,124.00,37.77,HOLD
04-28-2017,124.28,38.16,HOLD
04-27-2017,124.17,37.93,HOLD
04-26-2017,123.08,35.70,HOLD
04-25-2017,124.39,37.19,HOLD
04-24-2017,123.91,36.28,HOLD
04-21-2017,123.01,34.64,HOLD
04-20-2017,123.11,34.73,HOLD
04-19-2017,124.54,36.01,HOLD
04-18-2017,125.90,37.21,HOLD
04-17-2017,126.07,37.36,HOLD
04-13-2017,140.84,54.52,HOLD
04-12-2017,138.27,50.88,HOLD
04-11-2017,136.07,47.53,HOLD
04-10-2017,136.88,48.67,HOLD
04-07-2017,140.11,53.37,HOLD
04-06-2017,135.50,46.51,HOLD
04-05-2017,138.43,50.94,HOLD
04-04-2017,141.55,56.22,HOLD
04-03-2017,138.52,51.70,HOLD
03-31-2017,133.67,42.95,HOLD
03-30-2017,137.77,50.07,HOLD
03-29-2017,139.28,53.09,HOLD
03-28-2017,139.48,53.48,HOLD
03-27-2017,139.89,54.25,HOLD
03-24-2017,139.64,53.88,HOLD
03-23-2017,138.97,52.91,HOLD
03-22-2017,141.28,56.70,HOLD
03-21-2017,140.73,56.01,HOLD
03-20-2017,148.52,71.03,SELL
03-17-2017,147.96,70.50,SELL
03-16-2017,148.44,71.54,SELL
03-15-2017,152.66,81.32,SELL
03-14-2017,150.96,80.31,SELL
03-13-2017,151.03,80.48,SELL
03-10-2017,149.24,79.47,SELL
03-09-2017,138.02,70.68,SELL
03-08-2017,136.00,68.41,HOLD
03-07-2017,133.39,65.19,HOLD
03-06-2017,134.38,67.62,HOLD
03-03-2017,136.91,74.18,SELL
03-02-2017,132.80,69.75,HOLD
03-01-2017,133.22,70.91,SELL
02-28-2017,133.10,70.78,SELL
02-27-2017,134.02,73.07,SELL
02-24-2017,131.21,70.35,SELL
02-23-2017,121.95,57.05,HOLD
02-22-2017,121.36,55.87,HOLD
02-21-2017,122.36,58.38,HOLD
02-17-2017,120.49,54.87,HOLD
02-16-2017,120.18,54.27,HOLD
02-15-2017,120.94,55.95,HOLD
02-14-2017,123.32,61.47,HOLD
02-13-2017,121.15,57.96,HOLD
02-10-2017,121.70,59.23,HOLD
02-09-2017,122.96,62.13,HOLD
02-08-2017,122.73,61.81,HOLD
02-07-2017,118.18,54.88,HOLD
02-06-2017,119.68,58.11,HOLD
02-03-2017,120.34,59.54,HOLD
02-02-2017,120.92,60.76,HOLD
02-01-2017,124.27,68.28,HOLD
01-31-2017,121.21,64.56,HOLD
01-30-2017,118.23,60.36,HOLD
01-27-2017,121.72,69.29,HOLD
01-26-2017,120.64,67.93,HOLD
01-25-2017,120.91,68.64,HOLD
01-24-2017,118.30,65.40,HOLD
01-23-2017,117.42,64.25,HOLD
01-20-2017,117.22,63.99,HOLD
01-19-2017,117.53,64.65,HOLD
01-18-2017,115.09,61.77,HOLD
01-17-2017,113.64,59.97,HOLD
01-13-2017,117.75,68.46,HOLD
01-12-2017,117.55,68.26,HOLD
01-11-2017,115.29,65.96,HOLD
01-10-2017,119.30,74.90,SELL
01-09-2017,118.53,74.28,SELL
01-06-2017,108.31,62.97,HOLD
01-05-2017,104.81,56.95,HOLD
01-04-2017,102.84,52.95,HOLD
01-03-2017,102.32,51.86,HOLD
12-30-2016,100.27,47.37,HOLD
12-29-2016,101.96,51.01,HOLD
12-28-2016,101.10,49.17,HOLD
12-27-2016,102.53,52.20,HOLD
12-23-2016,102.94,53.08,HOLD
12-22-2016,101.47,50.31,HOLD
12-21-2016,99.76,46.93,HOLD
12-20-2016,102.21,51.60,HOLD
12-19-2016,100.79,48.86,HOLD
12-16-2016,103.00,53.21,HOLD
12-15-2016,104.58,56.55,HOLD
12-14-2016,102.42,52.79,HOLD
12-13-2016,101.54,51.19,HOLD
12-12-2016,100.86,49.97,HOLD
12-09-2016,100.63,49.58,HOLD
12-08-2016,102.88,53.40,HOLD
12-07-2016,101.96,52.00,HOLD
12-06-2016,107.21,61.89,HOLD
12-05-2016,104.76,58.47,HOLD
12-02-2016,102.02,54.19,HOLD
12-01-2016,99.93,50.59,HOLD
11-30-2016,102.29,55.14,HOLD
11-29-2016,105.07,61.15,HOLD
11-28-2016,105.17,61.37,HOLD
11-25-2016,107.73,67.21,HOLD
11-23-2016,106.80,66.13,HOLD
11-22-2016,106.80,66.13,HOLD
11-21-2016,108.10,68.88,HOLD
11-18-2016,103.63,64.11,HOLD
11-17-2016,105.55,68.28,HOLD
11-16-2016,100.74,62.62,HOLD
11-15-2016,103.16,68.32,HOLD
11-14-2016,104.89,72.71,SELL
11-11-2016,104.51,72.35,SELL
11-10-2016,104.71,72.82,SELL
11-09-2016,104.13,72.34,SELL
11-08-2016,92.16,57.86,HOLD
11-07-2016,92.15,57.85,HOLD
11-04-2016,87.57,49.05,HOLD
11-03-2016,83.28,37.75,HOLD
11-02-2016,87.19,46.47,HOLD
11-01-2016,90.03,55.05,HOLD
10-31-2016,86.97,44.87,HOLD
10-28-2016,87.13,45.37,HOLD
10-27-2016,87.01,44.94,HOLD
10-26-2016,87.25,45.60,HOLD
10-25-2016,87.20,45.45,HOLD
10-24-2016,88.18,47.94,HOLD
10-21-2016,87.72,46.66,HOLD
10-20-2016,88.49,48.51,HOLD
10-19-2016,87.96,47.17,HOLD
10-18-2016,88.78,49.00,HOLD
10-17-2016,86.70,43.88,HOLD
10-14-2016,87.10,44.68,HOLD
10-13-2016,89.53,49.81,HOLD
10-12-2016,89.97,50.78,HOLD
10-11-2016,92.11,55.73,HOLD
10-10-2016,95.95,66.53,HOLD
10-07-2016,97.83,72.95,SELL
10-06-2016,94.78,68.34,HOLD
10-05-2016,95.69,71.73,SELL
10-04-2016,94.17,69.38,HOLD
10-03-2016,95.54,74.57,SELL
09-30-2016,94.29,72.85,SELL
09-29-2016,92.29,69.81,HOLD
09-28-2016,93.20,73.27,SELL
09-27-2016,89.07,66.21,HOLD
09-26-2016,88.76,65.58,HOLD
09-23-2016,88.98,66.40,HOLD
09-22-2016,89.27,67.43,HOLD
09-21-2016,86.71,62.68,HOLD
09-20-2016,85.06,59.10,HOLD
09-19-2016,83.51,55.37,HOLD
09-16-2016,82.15,51.79,HOLD
09-15-2016,80.36,46.55,HOLD
09-14-2016,80.05,45.59,HOLD
09-13-2016,79.21,43.04,HOLD
09-12-2016,81.16,47.88,HOLD
09-09-2016,79.13,41.53,HOLD
09-08-2016,81.56,48.04,HOLD
09-07-2016,82.45,50.74,HOLD
09-06-2016,83.75,54.94,HOLD
09-02-2016,82.02,49.81,HOLD
09-01-2016,80.81,45.80,HOLD
08-31-2016,81.10,46.63,HOLD
08-30-2016,80.98,46.26,HOLD
08-29-2016,81.33,47.15,HOLD
08-26-2016,81.04,46.35,HOLD
08-25-2016,80.10,43.80,HOLD
08-24-2016,82.44,49.22,HOLD
08-23-2016,81.90,47.83,HOLD
08-22-2016,81.98,48.01,HOLD
08-19-2016,76.11,30.13,HOLD
08-18-2016,76.16,30.21,HOLD
08-17-2016,76.48,30.71,HOLD
08-16-2016,77.86,32.88,HOLD
08-15-2016,80.55,37.70,HOLD
08-12-2016,81.05,38.68,HOLD
08-11-2016,81.21,38.98,HOLD
08-10-2016,83.49,43.45,HOLD
08-09-2016,86.48,50.51,HOLD
08-08-2016,88.04,54.83,HOLD
08-05-2016,90.84,63.93,HOLD
08-04-2016,90.12,62.44,HOLD
08-03-2016,90.81,64.82,HOLD
08-02-2016,88.95,61.11,HOLD
08-01-2016,90.00,64.69,HOLD
07-29-2016,90.21,65.40,HOLD
07-28-2016,88.12,61.48,HOLD
07-27-2016,88.72,63.40,HOLD
07-26-2016,86.96,60.01,HOLD
07-25-2016,86.43,58.95,HOLD
07-22-2016,86.41,58.91,HOLD
07-21-2016,87.79,62.65,HOLD
07-20-2016,86.88,61.14,HOLD
07-19-2016,82.82,53.32,HOLD
07-18-2016,84.13,56.74,HOLD
07-15-2016,83.83,56.14,HOLD
07-14-2016,82.14,52.73,HOLD
07-13-2016,82.56,53.69,HOLD
07-12-2016,84.97,59.50,HOLD
07-11-2016,85.00,59.57,HOLD
07-08-2016,85.70,61.23,HOLD
07-07-2016,83.53,57.85,HOLD
07-06-2016,82.48,56.13,HOLD
07-05-2016,79.71,51.26,HOLD
07-01-2016,81.27,54.42,HOLD
06-30-2016,79.98,52.16,HOLD
06-29-2016,78.74,49.94,HOLD
06-28-2016,76.58,45.87,HOLD
06-27-2016,72.44,36.73,HOLD
06-24-2016,76.98,44.36,HOLD
06-23-2016,81.66,55.36,HOLD
06-22-2016,78.50,47.14,HOLD
06-21-2016,77.60,44.44,HOLD
06-20-2016,78.49,46.63,HOLD
06-17-2016,77.11,42.55,HOLD
06-16-2016,80.00,49.98,HOLD
06-15-2016,79.45,48.39,HOLD
06-14-2016,79.78,49.26,HOLD
06-13-2016,80.01,49.84,HOLD
06-10-2016,80.41,50.81,HOLD
06-09-2016,81.61,53.73,HOLD
06-08-2016,82.90,56.99,HOLD
06-07-2016,82.44,56.11,HOLD
06-06-2016,85.49,64.22,HOLD
06-03-2016,84.96,63.36,HOLD
06-02-2016,87.71,71.61,SELL
06-01-2016,85.18,68.06,HOLD
05-31-2016,84.41,66.89,HOLD
05-27-2016,84.53,67.24,HOLD
05-26-2016,81.78,63.06,HOLD
05-25-2016,83.16,67.05,HOLD
05-24-2016,81.27,64.16,HOLD
05-23-2016,80.68,63.23,HOLD
05-20-2016,77.65,58.01,HOLD
05-19-2016,76.04,54.85,HOLD
05-18-2016,77.53,58.64,HOLD
05-17-2016,75.55,54.78,HOLD
05-16-2016,76.47,57.08,HOLD
05-13-2016,73.21,50.20,HOLD
05-12-2016,70.54,43.29,HOLD
05-11-2016,70.62,43.46,HOLD
05-10-2016,73.49,49.91,HOLD
05-09-2016,72.86,48.34,HOLD
05-06-2016,70.69,42.63,HOLD
05-05-2016,70.41,41.86,HOLD
05-04-2016,68.69,37.03,HOLD
05-03-2016,72.09,43.69,HOLD
05-02-2016,74.36,49.17,HOLD
04-29-2016,72.27,43.06,HOLD
04-28-2016,72.34,43.22,HOLD
04-27-2016,73.19,45.13,HOLD
04-26-2016,74.43,48.00,HOLD
04-25-2016,76.55,53.39,HOLD
04-22-2016,76.77,53.98,HOLD
04-21-2016,77.56,56.02,HOLD
04-20-2016,78.49,58.44,HOLD
04-19-2016,76.77,55.11,HOLD
04-18-2016,77.89,57.92,HOLD
04-15-2016,77.78,57.72,HOLD
04-14-2016,78.54,59.50,HOLD
04-13-2016,79.22,61.07,HOLD
04-12-2016,77.37,58.29,HOLD
04-11-2016,75.81,55.83,HOLD
04-08-2016,77.47,59.29,HOLD
04-07-2016,79.40,63.54,HOLD
04-06-2016,81.87,69.45,HOLD
04-05-2016,73.35,56.48,HOLD
04-04-2016,73.49,56.85,HOLD
04-01-2016,73.30,56.49,HOLD
03-31-2016,72.47,54.98,HOLD
03-30-2016,68.35,46.38,HOLD
03-29-2016,69.25,48.25,HOLD
03-28-2016,68.45,46.47,HOLD
03-24-2016,69.76,49.03,HOLD
03-23-2016,67.43,43.92,HOLD
03-22-2016,69.11,47.08,HOLD
03-21-2016,68.61,46.01,HOLD
03-18-2016,65.07,37.69,HOLD
03-17-2016,63.05,32.16,HOLD
03-16-2016,63.77,33.13,HOLD
03-15-2016,65.64,35.74,HOLD
03-14-2016,68.98,41.12,HOLD
03-11-2016,70.89,44.69,HOLD
03-10-2016,68.65,38.92,HOLD
03-09-2016,68.85,39.25,HOLD
03-08-2016,71.17,43.33,HOLD
03-07-2016,73.29,47.51,HOLD
03-04-2016,71.99,44.46,HOLD
03-03-2016,72.56,45.54,HOLD
03-02-2016,73.60,47.49,HOLD
03-01-2016,75.05,50.28,HOLD
02-29-2016,73.50,47.20,HOLD
02-26-2016,74.34,48.72,HOLD
02-25-2016,74.28,48.61,HOLD
02-24-2016,74.32,48.68,HOLD
02-23-2016,72.01,44.75,HOLD
02-22-2016,73.90,47.51,HOLD
02-19-2016,72.70,45.53,HOLD
02-18-2016,71.02,42.71,HOLD
02-17-2016,74.45,47.35,HOLD
02-16-2016,71.67,42.67,HOLD
02-12-2016,68.36,36.41,HOLD
02-11-2016,65.51,30.34,HOLD
02-10-2016,72.31,38.48,HOLD
02-09-2016,72.26,38.37,HOLD
02-08-2016,70.91,35.40,HOLD
02-05-2016,71.00,35.50,HOLD
02-04-2016,72.03,36.67,HOLD
02-03-2016,69.17,30.80,HOLD
02-02-2016,68.94,30.32,HOLD
02-01-2016,72.58,33.78,HOLD
01-29-2016,70.56,29.64,BUY
01-28-2016,67.81,23.60,BUY
01-27-2016,74.99,29.80,BUY
01-26-2016,76.04,30.90,HOLD
01-25-2016,78.31,33.38,HOLD
01-22-2016,79.40,34.62,HOLD
01-21-2016,73.78,20.50,BUY
01-20-2016,74.25,20.85,BUY
01-19-2016,73.31,18.27,BUY
01-15-2016,76.95,20.70,BUY
01-14-2016,80.98,23.98,BUY
01-13-2016,78.42,16.14,BUY
01-12-2016,88.09,25.30,BUY
01-11-2016,92.19,32.58,HOLD
01-08-2016,94.78,39.20,HOLD
01-07-2016,95.76,42.22,HOLD
01-06-2016,102.26,80.21,SELL
01-05-2016,103.80,100.00,SELL
01-04-2016,103.32,,0
