Date,Stocks_x,%Universe >= 68,Stocks_y,%Universe <= 32
2023-01-10,34.00,15.32,3.00,1.35
2023-01-09,18.00,8.11,2.00,0.90
2023-01-06,26.00,11.71,1.00,0.45
2023-01-05,5.00,2.25,7.00,3.15
2023-01-04,5.00,2.25,2.00,0.90
2023-01-03,,,5.00,2.25
2022-12-30,,,4.00,1.80
2022-12-29,,,4.00,1.80
2022-12-28,,,18.00,8.11
2022-12-27,3.00,1.35,9.00,4.05
2022-12-23,,,7.00,3.15
2022-12-22,,,11.00,4.95
2022-12-21,1.00,0.45,10.00,4.50
2022-12-20,,,12.00,5.41
2022-12-19,,,14.00,6.31
2022-12-16,,,11.00,4.95
2022-12-15,5.00,2.25,8.00,3.60
2022-12-14,14.00,6.31,1.00,0.45
2022-12-13,15.00,6.76,1.00,0.45
2022-12-12,14.00,6.31,1.00,0.45
2022-12-09,4.00,1.80,4.00,1.80
2022-12-08,16.00,7.21,4.00,1.80
2022-12-07,16.00,7.21,3.00,1.35
2022-12-06,11.00,4.95,3.00,1.35
2022-12-05,18.00,8.11,,
2022-12-02,43.00,19.37,1.00,0.45
2022-12-01,40.00,18.02,1.00,0.45
2022-11-30,44.00,19.82,,
2022-11-29,16.00,7.21,,
2022-11-28,14.00,6.31,,
2022-11-25,41.00,18.47,1.00,0.45
2022-11-23,36.00,16.22,1.00,0.45
2022-11-22,33.00,14.86,2.00,0.90
2022-11-21,20.00,9.01,1.00,0.45
2022-11-18,21.00,9.46,,
2022-11-17,12.00,5.41,1.00,0.45
2022-11-16,16.00,7.21,,
2022-11-15,34.00,15.32,1.00,0.45
2022-11-14,22.00,9.91,2.00,0.90
2022-11-11,44.00,19.82,1.00,0.45
2022-11-10,34.00,15.32,1.00,0.45
2022-11-09,11.00,4.95,11.00,4.95
2022-11-08,32.00,14.41,7.00,3.15
2022-11-07,32.00,14.41,4.00,1.80
2022-11-04,24.00,10.81,8.00,3.60
2022-11-03,16.00,7.21,8.00,3.60
2022-11-02,15.00,6.76,4.00,1.80
2022-11-01,37.00,16.67,3.00,1.35
2022-10-31,35.00,15.77,1.00,0.45
2022-10-28,47.00,21.17,1.00,0.45
2022-10-27,22.00,9.91,2.00,0.90
2022-10-26,18.00,8.11,1.00,0.45
2022-10-25,9.00,4.05,,
2022-10-24,5.00,2.25,4.00,1.80
2022-10-21,3.00,1.35,6.00,2.70
2022-10-20,1.00,0.45,7.00,3.15
2022-10-19,,,5.00,2.25
2022-10-18,1.00,0.45,2.00,0.90
2022-10-17,1.00,0.45,4.00,1.80
2022-10-14,,,22.00,9.91
2022-10-13,1.00,0.45,16.00,7.21
2022-10-12,,,41.00,18.47
2022-10-11,,,37.00,16.67
2022-10-10,,,36.00,16.22
2022-10-07,,,37.00,16.67
2022-10-06,,,25.00,11.26
2022-10-05,,,16.00,7.21
2022-10-04,,,7.00,3.15
2022-10-03,,,32.00,14.41
2022-09-30,1.00,0.45,117.00,52.70
2022-09-29,,,85.00,38.29
2022-09-28,,,53.00,23.87
2022-09-27,2.00,0.90,130.00,58.56
2022-09-26,2.00,0.90,138.00,62.16
2022-09-23,1.00,0.45,104.00,46.85
2022-09-22,1.00,0.45,60.00,27.03
2022-09-21,,,52.00,23.42
2022-09-20,,,33.00,14.86
2022-09-19,1.00,0.45,21.00,9.46
2022-09-16,1.00,0.45,28.00,12.61
2022-09-15,1.00,0.45,26.00,11.71
2022-09-14,2.00,0.90,18.00,8.11
2022-09-13,1.00,0.45,13.00,5.86
2022-09-12,4.00,1.80,2.00,0.90
2022-09-09,3.00,1.35,3.00,1.35
2022-09-08,2.00,0.90,16.00,7.21
2022-09-07,3.00,1.35,15.00,6.76
2022-09-06,1.00,0.45,41.00,18.47
2022-09-02,2.00,0.90,28.00,12.61
2022-09-01,2.00,0.90,23.00,10.36
2022-08-31,2.00,0.90,26.00,11.71
2022-08-30,2.00,0.90,19.00,8.56
2022-08-29,7.00,3.15,12.00,5.41
2022-08-26,5.00,2.25,9.00,4.05
2022-08-25,14.00,6.31,2.00,0.90
2022-08-24,11.00,4.95,1.00,0.45
2022-08-23,9.00,4.05,2.00,0.90
2022-08-22,7.00,3.15,1.00,0.45
2022-08-19,27.00,12.16,1.00,0.45
2022-08-18,48.00,21.62,1.00,0.45
2022-08-17,43.00,19.37,1.00,0.45
2022-08-16,79.00,35.59,2.00,0.90
2022-08-15,65.00,29.28,2.00,0.90
2022-08-12,64.00,28.83,2.00,0.90
2022-08-11,39.00,17.57,2.00,0.90
2022-08-10,41.00,18.47,2.00,0.90
2022-08-09,21.00,9.46,2.00,0.90
2022-08-08,23.00,10.36,3.00,1.35
2022-08-05,24.00,10.81,2.00,0.90
2022-08-04,32.00,14.41,6.00,2.70
2022-08-03,24.00,10.81,1.00,0.45
2022-08-02,11.00,4.95,1.00,0.45
2022-08-01,27.00,12.16,1.00,0.45
2022-07-29,31.00,13.96,1.00,0.45
2022-07-28,18.00,8.11,2.00,0.90
2022-07-27,5.00,2.25,2.00,0.90
2022-07-26,3.00,1.35,6.00,2.70
2022-07-25,2.00,0.90,4.00,1.80
2022-07-22,4.00,1.80,4.00,1.80
2022-07-21,6.00,2.70,5.00,2.25
2022-07-20,3.00,1.35,,
2022-07-18,,,2.00,0.90
2022-07-15,1.00,0.45,7.00,3.15
2022-07-14,,,23.00,10.36
2022-07-13,3.00,1.35,8.00,3.60
2022-07-12,2.00,0.90,6.00,2.70
2022-07-11,2.00,0.90,6.00,2.70
2022-07-08,1.00,0.45,6.00,2.70
2022-07-07,2.00,0.90,5.00,2.25
2022-07-06,1.00,0.45,21.00,9.46
2022-07-05,2.00,0.90,17.00,7.66
2022-07-01,1.00,0.45,18.00,8.11
2022-06-30,1.00,0.45,18.00,8.11
2022-06-29,1.00,0.45,11.00,4.95
2022-06-28,,,5.00,2.25
2022-06-27,1.00,0.45,5.00,2.25
2022-06-24,1.00,0.45,10.00,4.50
2022-06-23,1.00,0.45,47.00,21.17
2022-06-22,,,45.00,20.27
2022-06-21,,,47.00,21.17
2022-06-17,,,88.00,39.64
2022-06-16,,,98.00,44.14
2022-06-15,,,43.00,19.37
2022-06-14,,,78.00,35.14
2022-06-13,,,68.00,30.63
2022-06-10,,,15.00,6.76
2022-06-09,2.00,0.90,10.00,4.50
2022-06-08,7.00,3.15,4.00,1.80
2022-06-07,9.00,4.05,2.00,0.90
2022-06-06,2.00,0.90,2.00,0.90
2022-06-03,4.00,1.80,2.00,0.90
2022-06-02,,,2.00,0.90
2022-06-01,3.00,1.35,2.00,0.90
2022-05-31,1.00,0.45,,
2022-05-27,6.00,2.70,,
2022-05-26,1.00,0.45,4.00,1.80
2022-05-25,2.00,0.90,6.00,2.70
2022-05-24,3.00,1.35,15.00,6.76
2022-05-23,1.00,0.45,10.00,4.50
2022-05-20,1.00,0.45,21.00,9.46
2022-05-19,,,23.00,10.36
2022-05-18,,,17.00,7.66
2022-05-17,2.00,0.90,4.00,1.80
2022-05-16,2.00,0.90,13.00,5.86
2022-05-13,1.00,0.45,12.00,5.41
2022-05-12,1.00,0.45,52.00,23.42
2022-05-11,,,56.00,25.23
2022-05-10,,,43.00,19.37
2022-05-09,2.00,0.90,44.00,19.82
2022-05-06,3.00,1.35,19.00,8.56
2022-05-05,2.00,0.90,12.00,5.41
2022-05-04,4.00,1.80,2.00,0.90
2022-05-03,2.00,0.90,18.00,8.11
2022-05-02,,,28.00,12.61
2022-04-29,,,30.00,13.51
2022-04-28,5.00,2.25,12.00,5.41
2022-04-27,1.00,0.45,27.00,12.16
2022-04-26,2.00,0.90,24.00,10.81
2022-04-25,8.00,3.60,12.00,5.41
2022-04-22,8.00,3.60,15.00,6.76
2022-04-21,35.00,15.77,9.00,4.05
2022-04-20,40.00,18.02,1.00,0.45
2022-04-19,29.00,13.06,4.00,1.80
2022-04-18,16.00,7.21,10.00,4.50
2022-04-14,27.00,12.16,11.00,4.95
2022-04-13,24.00,10.81,11.00,4.95
2022-04-12,23.00,10.36,12.00,5.41
2022-04-11,21.00,9.46,8.00,3.60
2022-04-08,33.00,14.86,9.00,4.05
2022-04-07,27.00,12.16,12.00,5.41
2022-04-06,22.00,9.91,8.00,3.60
2022-04-05,14.00,6.31,6.00,2.70
2022-04-04,16.00,7.21,3.00,1.35
2022-04-01,20.00,9.01,3.00,1.35
2022-03-31,15.00,6.76,2.00,0.90
2022-03-30,25.00,11.26,,
2022-03-29,17.00,7.66,,
2022-03-28,17.00,7.66,,
2022-03-25,24.00,10.81,,
2022-03-24,18.00,8.11,,
2022-03-23,14.00,6.31,,
2022-03-22,14.00,6.31,,
2022-03-21,15.00,6.76,,
2022-03-18,12.00,5.41,2.00,0.90
2022-03-17,10.00,4.50,,
2022-03-16,2.00,0.90,1.00,0.45
2022-03-15,2.00,0.90,7.00,3.15
2022-03-14,4.00,1.80,16.00,7.21
2022-03-11,7.00,3.15,15.00,6.76
2022-03-10,7.00,3.15,6.00,2.70
2022-03-09,5.00,2.25,4.00,1.80
2022-03-08,11.00,4.95,35.00,15.77
2022-03-07,18.00,8.11,44.00,19.82
2022-03-04,21.00,9.46,16.00,7.21
2022-03-03,15.00,6.76,5.00,2.25
2022-03-02,13.00,5.86,4.00,1.80
2022-03-01,7.00,3.15,25.00,11.26
2022-02-28,7.00,3.15,8.00,3.60
2022-02-25,6.00,2.70,6.00,2.70
2022-02-24,1.00,0.45,37.00,16.67
2022-02-23,2.00,0.90,57.00,25.68
2022-02-22,1.00,0.45,27.00,12.16
2022-02-18,3.00,1.35,17.00,7.66
2022-02-17,1.00,0.45,14.00,6.31
2022-02-16,11.00,4.95,10.00,4.50
2022-02-15,7.00,3.15,9.00,4.05
2022-02-14,2.00,0.90,18.00,8.11
2022-02-11,6.00,2.70,15.00,6.76
2022-02-10,14.00,6.31,8.00,3.60
2022-02-09,17.00,7.66,3.00,1.35
2022-02-08,13.00,5.86,8.00,3.60
2022-02-07,14.00,6.31,10.00,4.50
2022-02-04,9.00,4.05,11.00,4.95
2022-02-03,8.00,3.60,5.00,2.25
2022-02-02,16.00,7.21,1.00,0.45
2022-02-01,12.00,5.41,,
2022-01-31,7.00,3.15,1.00,0.45
2022-01-28,7.00,3.15,25.00,11.26
2022-01-27,7.00,3.15,61.00,27.48
2022-01-26,4.00,1.80,56.00,25.23
2022-01-25,5.00,2.25,49.00,22.07
2022-01-24,5.00,2.25,37.00,16.67
2022-01-21,3.00,1.35,56.00,25.23
2022-01-20,8.00,3.60,45.00,20.27
2022-01-19,12.00,5.41,28.00,12.61
2022-01-18,29.00,13.06,20.00,9.01
2022-01-14,54.00,24.32,13.00,5.86
2022-01-13,42.00,18.92,11.00,4.95
2022-01-12,40.00,18.02,3.00,1.35
2022-01-11,44.00,19.82,4.00,1.80
2022-01-10,31.00,13.96,9.00,4.05
2022-01-07,41.00,18.47,7.00,3.15
2022-01-06,25.00,11.26,4.00,1.80
2022-01-05,23.00,10.36,2.00,0.90
2022-01-04,30.00,13.51,1.00,0.45
2022-01-03,15.00,6.76,,
2021-12-31,20.00,9.01,,
2021-12-30,22.00,9.91,,
2021-12-29,25.00,11.26,2.00,0.90
2021-12-28,19.00,8.56,2.00,0.90
2021-12-27,17.00,7.66,,
2021-12-23,11.00,4.95,1.00,0.45
2021-12-22,8.00,3.60,4.00,1.80
2021-12-21,5.00,2.25,3.00,1.35
2021-12-20,7.00,3.15,21.00,9.46
2021-12-17,8.00,3.60,6.00,2.70
2021-12-16,23.00,10.36,8.00,3.60
2021-12-15,17.00,7.66,6.00,2.70
2021-12-14,7.00,3.15,7.00,3.15
2021-12-13,13.00,5.86,6.00,2.70
2021-12-10,16.00,7.21,5.00,2.25
2021-12-09,5.00,2.25,4.00,1.80
2021-12-08,5.00,2.25,2.00,0.90
2021-12-07,7.00,3.15,3.00,1.35
2021-12-06,5.00,2.25,10.00,4.50
2021-12-03,3.00,1.35,19.00,8.56
2021-12-02,3.00,1.35,18.00,8.11
2021-12-01,4.00,1.80,71.00,31.98
2021-11-30,3.00,1.35,51.00,22.97
2021-11-29,8.00,3.60,18.00,8.11
2021-11-26,9.00,4.05,17.00,7.66
2021-11-24,16.00,7.21,9.00,4.05
2021-11-23,18.00,8.11,11.00,4.95
2021-11-22,18.00,8.11,12.00,5.41
2021-11-19,27.00,12.16,17.00,7.66
2021-11-18,34.00,15.32,8.00,3.60
2021-11-17,27.00,12.16,6.00,2.70
2021-11-16,37.00,16.67,3.00,1.35
2021-11-15,28.00,12.61,2.00,0.90
2021-11-12,31.00,13.96,3.00,1.35
2021-11-11,27.00,12.16,3.00,1.35
2021-11-10,20.00,9.01,4.00,1.80
2021-11-09,46.00,20.72,4.00,1.80
2021-11-08,46.00,20.72,3.00,1.35
2021-11-05,55.00,24.77,7.00,3.15
2021-11-04,48.00,21.62,8.00,3.60
2021-11-03,51.00,22.97,5.00,2.25
2021-11-02,39.00,17.57,8.00,3.60
2021-11-01,33.00,14.86,7.00,3.15
2021-10-29,35.00,15.77,11.00,4.95
2021-10-28,28.00,12.61,9.00,4.05
2021-10-27,16.00,7.21,12.00,5.41
2021-10-26,28.00,12.61,5.00,2.25
2021-10-25,35.00,15.77,2.00,0.90
2021-10-22,34.00,15.32,2.00,0.90
2021-10-21,29.00,13.06,1.00,0.45
2021-10-20,35.00,15.77,,
2021-10-19,32.00,14.41,1.00,0.45
2021-10-18,27.00,12.16,6.00,2.70
2021-10-15,25.00,11.26,3.00,1.35
2021-10-14,18.00,8.11,4.00,1.80
2021-10-13,15.00,6.76,12.00,5.41
2021-10-12,17.00,7.66,18.00,8.11
2021-10-11,16.00,7.21,18.00,8.11
2021-10-08,14.00,6.31,9.00,4.05
2021-10-07,13.00,5.86,9.00,4.05
2021-10-06,6.00,2.70,24.00,10.81
2021-10-05,10.00,4.50,22.00,9.91
2021-10-04,10.00,4.50,36.00,16.22
2021-10-01,7.00,3.15,24.00,10.81
2021-09-30,2.00,0.90,44.00,19.82
2021-09-29,4.00,1.80,17.00,7.66
2021-09-28,6.00,2.70,29.00,13.06
2021-09-27,10.00,4.50,16.00,7.21
2021-09-24,2.00,0.90,16.00,7.21
2021-09-23,1.00,0.45,12.00,5.41
2021-09-22,,,24.00,10.81
2021-09-21,,,43.00,19.37
2021-09-20,1.00,0.45,36.00,16.22
2021-09-17,2.00,0.90,21.00,9.46
2021-09-16,3.00,1.35,16.00,7.21
2021-09-15,7.00,3.15,11.00,4.95
2021-09-14,3.00,1.35,19.00,8.56
2021-09-13,7.00,3.15,8.00,3.60
2021-09-10,6.00,2.70,16.00,7.21
2021-09-09,3.00,1.35,9.00,4.05
2021-09-08,9.00,4.05,8.00,3.60
2021-09-07,21.00,9.46,8.00,3.60
2021-09-03,27.00,12.16,5.00,2.25
2021-09-02,28.00,12.61,4.00,1.80
2021-09-01,23.00,10.36,4.00,1.80
2021-08-31,18.00,8.11,4.00,1.80
2021-08-30,24.00,10.81,2.00,0.90
2021-08-27,17.00,7.66,2.00,0.90
2021-08-26,10.00,4.50,5.00,2.25
2021-08-25,21.00,9.46,2.00,0.90
2021-08-24,17.00,7.66,3.00,1.35
2021-08-23,16.00,7.21,6.00,2.70
2021-08-20,21.00,9.46,17.00,7.66
2021-08-19,11.00,4.95,20.00,9.01
2021-08-18,10.00,4.50,11.00,4.95
2021-08-17,25.00,11.26,8.00,3.60
2021-08-16,34.00,15.32,5.00,2.25
2021-08-13,31.00,13.96,8.00,3.60
2021-08-12,33.00,14.86,7.00,3.15
2021-08-11,33.00,14.86,8.00,3.60
2021-08-10,26.00,11.71,11.00,4.95
2021-08-09,18.00,8.11,11.00,4.95
2021-08-06,18.00,8.11,12.00,5.41
2021-08-05,19.00,8.56,13.00,5.86
2021-08-04,15.00,6.76,16.00,7.21
2021-08-03,20.00,9.01,10.00,4.50
2021-08-02,14.00,6.31,10.00,4.50
2021-07-30,14.00,6.31,9.00,4.05
2021-07-29,13.00,5.86,7.00,3.15
2021-07-28,10.00,4.50,6.00,2.70
2021-07-27,8.00,3.60,5.00,2.25
2021-07-26,13.00,5.86,3.00,1.35
2021-07-23,18.00,8.11,5.00,2.25
2021-07-22,14.00,6.31,6.00,2.70
2021-07-21,7.00,3.15,1.00,0.45
2021-07-20,6.00,2.70,16.00,7.21
2021-07-19,5.00,2.25,53.00,23.87
2021-07-16,11.00,4.95,32.00,14.41
2021-07-15,7.00,3.15,14.00,6.31
2021-07-14,13.00,5.86,16.00,7.21
2021-07-13,13.00,5.86,13.00,5.86
2021-07-12,22.00,9.91,6.00,2.70
2021-07-09,18.00,8.11,5.00,2.25
2021-07-08,11.00,4.95,19.00,8.56
2021-07-07,27.00,12.16,10.00,4.50
2021-07-06,20.00,9.01,9.00,4.05
2021-07-02,20.00,9.01,6.00,2.70
2021-07-01,17.00,7.66,4.00,1.80
2021-06-30,17.00,7.66,4.00,1.80
2021-06-29,20.00,9.01,9.00,4.05
2021-06-28,17.00,7.66,3.00,1.35
2021-06-25,11.00,4.95,3.00,1.35
2021-06-24,12.00,5.41,8.00,3.60
2021-06-23,6.00,2.70,10.00,4.50
2021-06-22,5.00,2.25,6.00,2.70
2021-06-21,2.00,0.90,7.00,3.15
2021-06-18,3.00,1.35,48.00,21.62
2021-06-17,4.00,1.80,20.00,9.01
2021-06-16,5.00,2.25,7.00,3.15
2021-06-15,8.00,3.60,5.00,2.25
2021-06-14,7.00,3.15,2.00,0.90
2021-06-11,10.00,4.50,2.00,0.90
2021-06-10,12.00,5.41,4.00,1.80
2021-06-09,14.00,6.31,4.00,1.80
2021-06-08,21.00,9.46,4.00,1.80
2021-06-07,19.00,8.56,4.00,1.80
2021-06-04,17.00,7.66,1.00,0.45
2021-06-03,15.00,6.76,2.00,0.90
2021-06-02,19.00,8.56,4.00,1.80
2021-06-01,13.00,5.86,4.00,1.80
2021-05-28,7.00,3.15,3.00,1.35
2021-05-27,8.00,3.60,2.00,0.90
2021-05-26,5.00,2.25,3.00,1.35
2021-05-25,6.00,2.70,2.00,0.90
2021-05-24,15.00,6.76,4.00,1.80
2021-05-21,14.00,6.31,3.00,1.35
2021-05-20,7.00,3.15,3.00,1.35
2021-05-19,5.00,2.25,4.00,1.80
2021-05-18,13.00,5.86,4.00,1.80
2021-05-17,25.00,11.26,4.00,1.80
2021-05-14,19.00,8.56,2.00,0.90
2021-05-13,11.00,4.95,12.00,5.41
2021-05-12,6.00,2.70,17.00,7.66
2021-05-11,20.00,9.01,3.00,1.35
2021-05-10,61.00,27.48,6.00,2.70
2021-05-07,66.00,29.73,1.00,0.45
2021-05-06,45.00,20.27,3.00,1.35
2021-05-05,33.00,14.86,1.00,0.45
2021-05-04,32.00,14.41,1.00,0.45
2021-05-03,24.00,10.81,1.00,0.45
2021-04-30,20.00,9.01,1.00,0.45
2021-04-29,35.00,15.77,1.00,0.45
2021-04-28,29.00,13.06,,
2021-04-27,28.00,12.61,,
2021-04-26,20.00,9.01,,
2021-04-23,34.00,15.32,,
2021-04-22,21.00,9.46,,
2021-04-21,36.00,16.22,,
2021-04-20,31.00,13.96,4.00,1.80
2021-04-19,42.00,18.92,3.00,1.35
2021-04-16,47.00,21.17,2.00,0.90
2021-04-15,37.00,16.67,3.00,1.35
2021-04-14,25.00,11.26,2.00,0.90
2021-04-13,25.00,11.26,4.00,1.80
2021-04-12,28.00,12.61,3.00,1.35
2021-04-09,26.00,11.71,2.00,0.90
2021-04-08,12.00,5.41,1.00,0.45
2021-04-07,16.00,7.21,,
2021-04-06,20.00,9.01,1.00,0.45
2021-04-05,28.00,12.61,2.00,0.90
2021-04-01,9.00,4.05,1.00,0.45
2021-03-31,7.00,3.15,1.00,0.45
2021-03-30,14.00,6.31,,
2021-03-29,30.00,13.51,2.00,0.90
2021-03-26,28.00,12.61,2.00,0.90
2021-03-25,11.00,4.95,,
2021-03-24,6.00,2.70,,
2021-03-23,10.00,4.50,1.00,0.45
2021-03-22,13.00,5.86,,
2021-03-19,15.00,6.76,,
2021-03-18,20.00,9.01,,
2021-03-17,28.00,12.61,,
2021-03-16,24.00,10.81,,
2021-03-15,51.00,22.97,,
2021-03-12,48.00,21.62,,
2021-03-11,36.00,16.22,,
2021-03-10,32.00,14.41,,
2021-03-09,18.00,8.11,,
2021-03-08,36.00,16.22,9.00,4.05
2021-03-05,21.00,9.46,8.00,3.60
2021-03-04,10.00,4.50,18.00,8.11
2021-03-03,23.00,10.36,11.00,4.95
2021-03-02,17.00,7.66,5.00,2.25
2021-03-01,17.00,7.66,7.00,3.15
2021-02-26,13.00,5.86,22.00,9.91
2021-02-25,19.00,8.56,15.00,6.76
2021-02-24,63.00,28.38,3.00,1.35
2021-02-23,38.00,17.12,3.00,1.35
2021-02-22,39.00,17.57,5.00,2.25
2021-02-19,26.00,11.71,1.00,0.45
2021-02-18,14.00,6.31,1.00,0.45
2021-02-17,23.00,10.36,2.00,0.90
2021-02-16,36.00,16.22,5.00,2.25
2021-02-12,31.00,13.96,4.00,1.80
2021-02-11,33.00,14.86,4.00,1.80
2021-02-10,26.00,11.71,3.00,1.35
2021-02-09,31.00,13.96,2.00,0.90
2021-02-08,36.00,16.22,3.00,1.35
2021-02-05,17.00,7.66,4.00,1.80
2021-02-04,9.00,4.05,3.00,1.35
2021-02-03,3.00,1.35,2.00,0.90
2021-02-02,,,3.00,1.35
2021-02-01,5.00,2.25,3.00,1.35
2021-01-29,5.00,2.25,10.00,4.50
2021-01-28,8.00,3.60,5.00,2.25
2021-01-27,20.00,9.01,19.00,8.56
2021-01-26,26.00,11.71,3.00,1.35
2021-01-25,32.00,14.41,3.00,1.35
2021-01-22,25.00,11.26,1.00,0.45
2021-01-21,30.00,13.51,3.00,1.35
2021-01-20,39.00,17.57,2.00,0.90
2021-01-19,32.00,14.41,2.00,0.90
2021-01-15,25.00,11.26,1.00,0.45
2021-01-14,56.00,25.23,2.00,0.90
2021-01-13,47.00,21.17,4.00,1.80
2021-01-12,62.00,27.93,8.00,3.60
2021-01-11,43.00,19.37,6.00,2.70
2021-01-08,56.00,25.23,3.00,1.35
2021-01-07,55.00,24.77,2.00,0.90
2021-01-06,39.00,17.57,1.00,0.45
2021-01-05,16.00,7.21,1.00,0.45
2021-01-04,6.00,2.70,1.00,0.45
2020-12-31,22.00,9.91,2.00,0.90
2020-12-30,22.00,9.91,2.00,0.90
2020-12-29,15.00,6.76,2.00,0.90
2020-12-28,22.00,9.91,2.00,0.90
2020-12-24,20.00,9.01,2.00,0.90
2020-12-23,22.00,9.91,2.00,0.90
2020-12-22,18.00,8.11,2.00,0.90
2020-12-21,18.00,8.11,1.00,0.45
2020-12-18,23.00,10.36,1.00,0.45
2020-12-17,37.00,16.67,1.00,0.45
2020-12-16,28.00,12.61,,
2020-12-15,23.00,10.36,,
2020-12-14,16.00,7.21,4.00,1.80
2020-12-11,31.00,13.96,4.00,1.80
2020-12-10,46.00,20.72,4.00,1.80
2020-12-09,42.00,18.92,4.00,1.80
2020-12-08,60.00,27.03,3.00,1.35
2020-12-07,59.00,26.58,2.00,0.90
2020-12-04,77.00,34.68,3.00,1.35
2020-12-03,57.00,25.68,,
2020-12-02,35.00,15.77,,
2020-12-01,35.00,15.77,,
2020-11-30,23.00,10.36,3.00,1.35
2020-11-27,53.00,23.87,1.00,0.45
2020-11-25,61.00,27.48,1.00,0.45
2020-11-24,84.00,37.84,1.00,0.45
2020-11-23,48.00,21.62,,
2020-11-20,26.00,11.71,,
2020-11-19,40.00,18.02,,
2020-11-18,30.00,13.51,,
2020-11-17,47.00,21.17,,
2020-11-16,67.00,30.18,,
2020-11-13,30.00,13.51,,
2020-11-12,14.00,6.31,,
2020-11-11,36.00,16.22,,
2020-11-10,60.00,27.03,,
2020-11-09,48.00,21.62,2.00,0.90
2020-11-06,11.00,4.95,,
2020-11-05,14.00,6.31,1.00,0.45
2020-11-04,7.00,3.15,1.00,0.45
2020-11-03,7.00,3.15,2.00,0.90
2020-11-02,4.00,1.80,7.00,3.15
2020-10-30,3.00,1.35,24.00,10.81
2020-10-29,5.00,2.25,21.00,9.46
2020-10-28,6.00,2.70,38.00,17.12
2020-10-27,12.00,5.41,9.00,4.05
2020-10-26,8.00,3.60,5.00,2.25
2020-10-23,26.00,11.71,2.00,0.90
2020-10-22,28.00,12.61,3.00,1.35
2020-10-21,16.00,7.21,5.00,2.25
2020-10-20,18.00,8.11,4.00,1.80
2020-10-19,15.00,6.76,5.00,2.25
2020-10-16,20.00,9.01,3.00,1.35
2020-10-15,23.00,10.36,2.00,0.90
2020-10-14,19.00,8.56,3.00,1.35
2020-10-13,23.00,10.36,3.00,1.35
2020-10-12,36.00,16.22,,
2020-10-09,26.00,11.71,,
2020-10-08,23.00,10.36,,
2020-10-07,15.00,6.76,3.00,1.35
2020-10-06,7.00,3.15,5.00,2.25
2020-10-05,9.00,4.05,3.00,1.35
2020-10-02,4.00,1.80,8.00,3.60
2020-10-01,4.00,1.80,10.00,4.50
2020-09-30,2.00,0.90,10.00,4.50
2020-09-29,3.00,1.35,11.00,4.95
2020-09-28,3.00,1.35,4.00,1.80
2020-09-25,1.00,0.45,21.00,9.46
2020-09-24,1.00,0.45,30.00,13.51
2020-09-23,1.00,0.45,31.00,13.96
2020-09-22,2.00,0.90,16.00,7.21
2020-09-21,1.00,0.45,16.00,7.21
2020-09-18,11.00,4.95,9.00,4.05
2020-09-17,16.00,7.21,5.00,2.25
2020-09-16,21.00,9.46,6.00,2.70
2020-09-15,20.00,9.01,12.00,5.41
2020-09-14,15.00,6.76,11.00,4.95
2020-09-11,9.00,4.05,16.00,7.21
2020-09-10,2.00,0.90,17.00,7.66
2020-09-09,4.00,1.80,11.00,4.95
2020-09-08,1.00,0.45,13.00,5.86
2020-09-04,5.00,2.25,2.00,0.90
2020-09-03,6.00,2.70,1.00,0.45
2020-09-02,57.00,25.68,1.00,0.45
2020-09-01,44.00,19.82,5.00,2.25
2020-08-31,30.00,13.51,2.00,0.90
2020-08-28,49.00,22.07,1.00,0.45
2020-08-27,42.00,18.92,2.00,0.90
2020-08-26,43.00,19.37,4.00,1.80
2020-08-25,40.00,18.02,4.00,1.80
2020-08-24,41.00,18.47,3.00,1.35
2020-08-21,31.00,13.96,4.00,1.80
2020-08-20,20.00,9.01,3.00,1.35
2020-08-19,22.00,9.91,5.00,2.25
2020-08-18,26.00,11.71,2.00,0.90
2020-08-17,34.00,15.32,2.00,0.90
2020-08-14,33.00,14.86,2.00,0.90
2020-08-13,28.00,12.61,1.00,0.45
2020-08-12,40.00,18.02,,
2020-08-11,38.00,17.12,1.00,0.45
2020-08-10,53.00,23.87,,
2020-08-07,40.00,18.02,1.00,0.45
2020-08-06,41.00,18.47,3.00,1.35
2020-08-05,36.00,16.22,2.00,0.90
2020-08-04,31.00,13.96,2.00,0.90
2020-08-03,28.00,12.61,2.00,0.90
2020-07-31,22.00,9.91,3.00,1.35
2020-07-30,27.00,12.16,2.00,0.90
2020-07-29,29.00,13.06,2.00,0.90
2020-07-28,15.00,6.76,2.00,0.90
2020-07-27,31.00,13.96,2.00,0.90
2020-07-24,18.00,8.11,2.00,0.90
2020-07-23,24.00,10.81,1.00,0.45
2020-07-22,30.00,13.51,1.00,0.45
2020-07-21,18.00,8.11,1.00,0.45
2020-07-20,27.00,12.16,1.00,0.45
2020-07-17,25.00,11.26,,
2020-07-16,17.00,7.66,,
2020-07-15,16.00,7.21,,
2020-07-14,13.00,5.86,,
2020-07-13,4.00,1.80,,
2020-07-10,23.00,10.36,1.00,0.45
2020-07-09,21.00,9.46,3.00,1.35
2020-07-08,20.00,9.01,1.00,0.45
2020-07-07,11.00,4.95,1.00,0.45
2020-07-06,20.00,9.01,2.00,0.90
2020-07-02,8.00,3.60,,
2020-07-01,7.00,3.15,,
2020-06-30,5.00,2.25,,
2020-06-29,6.00,2.70,,
2020-06-26,2.00,0.90,3.00,1.35
2020-06-25,6.00,2.70,1.00,0.45
2020-06-24,6.00,2.70,1.00,0.45
2020-06-23,15.00,6.76,2.00,0.90
2020-06-22,11.00,4.95,1.00,0.45
2020-06-19,6.00,2.70,,
2020-06-18,6.00,2.70,,
2020-06-17,6.00,2.70,,
2020-06-16,4.00,1.80,,
2020-06-15,2.00,0.90,1.00,0.45
2020-06-12,2.00,0.90,2.00,0.90
2020-06-11,2.00,0.90,2.00,0.90
2020-06-10,27.00,12.16,1.00,0.45
2020-06-09,65.00,29.28,1.00,0.45
2020-06-08,137.00,61.71,1.00,0.45
2020-06-05,110.00,49.55,1.00,0.45
2020-06-04,48.00,21.62,,
2020-06-03,56.00,25.23,1.00,0.45
2020-06-02,31.00,13.96,,
2020-06-01,19.00,8.56,,
2020-05-29,17.00,7.66,,
2020-05-28,10.00,4.50,,
2020-05-27,26.00,11.71,,
2020-05-26,16.00,7.21,,
2020-05-22,11.00,4.95,,
2020-05-21,10.00,4.50,,
2020-05-20,9.00,4.05,,
2020-05-19,8.00,3.60,,
2020-05-18,10.00,4.50,,
2020-05-15,9.00,4.05,,
2020-05-14,7.00,3.15,,
2020-05-13,11.00,4.95,1.00,0.45
2020-05-12,8.00,3.60,,
2020-05-11,13.00,5.86,,
2020-05-08,8.00,3.60,,
2020-05-07,4.00,1.80,,
2020-05-06,4.00,1.80,,
2020-05-05,3.00,1.35,,
2020-05-04,3.00,1.35,,
2020-05-01,1.00,0.45,,
2020-04-30,5.00,2.25,,
2020-04-29,8.00,3.60,,
2020-04-28,4.00,1.80,,
2020-04-27,7.00,3.15,,
2020-04-24,4.00,1.80,1.00,0.45
2020-04-23,3.00,1.35,,
2020-04-22,4.00,1.80,1.00,0.45
2020-04-21,2.00,0.90,1.00,0.45
2020-04-20,4.00,1.80,,
2020-04-17,4.00,1.80,,
2020-04-16,6.00,2.70,1.00,0.45
2020-04-15,3.00,1.35,1.00,0.45
2020-04-14,4.00,1.80,1.00,0.45
2020-04-13,2.00,0.90,1.00,0.45
2020-04-09,1.00,0.45,,
2020-04-08,2.00,0.90,,
2020-04-07,1.00,0.45,2.00,0.90
2020-04-06,1.00,0.45,6.00,2.70
2020-04-03,1.00,0.45,23.00,10.36
2020-04-02,1.00,0.45,19.00,8.56
2020-04-01,1.00,0.45,14.00,6.31
2020-03-31,1.00,0.45,5.00,2.25
2020-03-30,1.00,0.45,7.00,3.15
2020-03-27,1.00,0.45,10.00,4.50
2020-03-26,1.00,0.45,6.00,2.70
2020-03-25,,,9.00,4.05
2020-03-24,,,30.00,13.51
2020-03-23,,,140.00,63.06
2020-03-20,,,126.00,56.76
2020-03-19,,,105.00,47.30
2020-03-18,,,122.00,54.95
2020-03-17,1.00,0.45,96.00,43.24
2020-03-16,1.00,0.45,154.00,69.37
2020-03-13,,,97.00,43.69
2020-03-12,2.00,0.90,189.00,85.14
2020-03-11,1.00,0.45,118.00,53.15
2020-03-10,1.00,0.45,79.00,35.59
2020-03-09,1.00,0.45,152.00,68.47
2020-03-06,1.00,0.45,92.00,41.44
2020-03-05,3.00,1.35,72.00,32.43
2020-03-04,2.00,0.90,41.00,18.47
2020-03-03,1.00,0.45,95.00,42.79
2020-03-02,1.00,0.45,71.00,31.98
2020-02-28,2.00,0.90,180.00,81.08
2020-02-27,3.00,1.35,174.00,78.38
2020-02-26,2.00,0.90,120.00,54.05
2020-02-25,3.00,1.35,95.00,42.79
2020-02-24,8.00,3.60,42.00,18.92
2020-02-21,24.00,10.81,17.00,7.66
2020-02-20,38.00,17.12,16.00,7.21
2020-02-19,38.00,17.12,15.00,6.76
2020-02-18,36.00,16.22,14.00,6.31
2020-02-14,45.00,20.27,11.00,4.95
2020-02-13,38.00,17.12,9.00,4.05
2020-02-12,36.00,16.22,6.00,2.70
2020-02-11,33.00,14.86,12.00,5.41
2020-02-10,31.00,13.96,13.00,5.86
2020-02-07,21.00,9.46,15.00,6.76
2020-02-06,30.00,13.51,12.00,5.41
2020-02-05,26.00,11.71,7.00,3.15
2020-02-04,27.00,12.16,25.00,11.26
2020-02-03,24.00,10.81,46.00,20.72
2020-01-31,20.00,9.01,54.00,24.32
2020-01-30,32.00,14.41,29.00,13.06
2020-01-29,28.00,12.61,31.00,13.96
2020-01-28,26.00,11.71,28.00,12.61
2020-01-27,26.00,11.71,37.00,16.67
2020-01-24,41.00,18.47,17.00,7.66
2020-01-23,66.00,29.73,10.00,4.50
2020-01-22,65.00,29.28,10.00,4.50
2020-01-21,61.00,27.48,6.00,2.70
2020-01-17,76.00,34.23,6.00,2.70
2020-01-16,70.00,31.53,6.00,2.70
2020-01-15,49.00,22.07,6.00,2.70
2020-01-14,39.00,17.57,4.00,1.80
2020-01-13,36.00,16.22,5.00,2.25
2020-01-10,21.00,9.46,6.00,2.70
2020-01-09,34.00,15.32,5.00,2.25
2020-01-08,23.00,10.36,6.00,2.70
2020-01-07,26.00,11.71,4.00,1.80
2020-01-06,22.00,9.91,4.00,1.80
2020-01-03,17.00,7.66,4.00,1.80
2020-01-02,42.00,18.92,2.00,0.90
2019-12-31,30.00,13.51,2.00,0.90
2019-12-30,26.00,11.71,3.00,1.35
2019-12-27,46.00,20.72,5.00,2.25
2019-12-26,55.00,24.77,4.00,1.80
2019-12-24,48.00,21.62,4.00,1.80
2019-12-23,53.00,23.87,3.00,1.35
2019-12-20,57.00,25.68,2.00,0.90
2019-12-19,45.00,20.27,5.00,2.25
2019-12-18,40.00,18.02,6.00,2.70
2019-12-17,40.00,18.02,8.00,3.60
2019-12-16,42.00,18.92,8.00,3.60
2019-12-13,28.00,12.61,8.00,3.60
2019-12-12,29.00,13.06,4.00,1.80
2019-12-11,13.00,5.86,10.00,4.50
2019-12-10,7.00,3.15,8.00,3.60
2019-12-09,12.00,5.41,4.00,1.80
2019-12-06,20.00,9.01,6.00,2.70
2019-12-05,13.00,5.86,12.00,5.41
2019-12-04,10.00,4.50,10.00,4.50
2019-12-03,7.00,3.15,14.00,6.31
2019-12-02,12.00,5.41,7.00,3.15
2019-11-29,34.00,15.32,7.00,3.15
2019-11-27,41.00,18.47,5.00,2.25
2019-11-26,43.00,19.37,4.00,1.80
2019-11-25,41.00,18.47,5.00,2.25
2019-11-22,22.00,9.91,4.00,1.80
2019-11-21,20.00,9.01,6.00,2.70
2019-11-20,26.00,11.71,5.00,2.25
2019-11-19,44.00,19.82,8.00,3.60
2019-11-18,45.00,20.27,4.00,1.80
2019-11-15,47.00,21.17,5.00,2.25
2019-11-14,34.00,15.32,6.00,2.70
2019-11-13,34.00,15.32,7.00,3.15
2019-11-12,42.00,18.92,11.00,4.95
2019-11-11,39.00,17.57,11.00,4.95
2019-11-08,50.00,22.52,11.00,4.95
2019-11-07,43.00,19.37,8.00,3.60
2019-11-06,35.00,15.77,6.00,2.70
2019-11-05,42.00,18.92,11.00,4.95
2019-11-04,45.00,20.27,7.00,3.15
2019-11-01,33.00,14.86,4.00,1.80
2019-10-31,16.00,7.21,6.00,2.70
2019-10-30,26.00,11.71,5.00,2.25
2019-10-29,26.00,11.71,7.00,3.15
2019-10-28,29.00,13.06,6.00,2.70
2019-10-25,28.00,12.61,6.00,2.70
2019-10-24,22.00,9.91,6.00,2.70
2019-10-23,26.00,11.71,6.00,2.70
2019-10-22,27.00,12.16,7.00,3.15
2019-10-21,25.00,11.26,3.00,1.35
2019-10-18,19.00,8.56,3.00,1.35
2019-10-17,12.00,5.41,1.00,0.45
2019-10-16,5.00,2.25,3.00,1.35
2019-10-15,8.00,3.60,,
2019-10-14,6.00,2.70,1.00,0.45
2019-10-11,5.00,2.25,2.00,0.90
2019-10-10,3.00,1.35,7.00,3.15
2019-10-09,3.00,1.35,8.00,3.60
2019-10-08,2.00,0.90,16.00,7.21
2019-10-07,3.00,1.35,7.00,3.15
2019-10-04,3.00,1.35,7.00,3.15
2019-10-03,2.00,0.90,14.00,6.31
2019-10-02,2.00,0.90,19.00,8.56
2019-10-01,6.00,2.70,4.00,1.80
2019-09-30,9.00,4.05,1.00,0.45
2019-09-27,8.00,3.60,2.00,0.90
2019-09-26,13.00,5.86,1.00,0.45
2019-09-25,12.00,5.41,1.00,0.45
2019-09-24,11.00,4.95,1.00,0.45
2019-09-23,11.00,4.95,1.00,0.45
2019-09-20,12.00,5.41,1.00,0.45
2019-09-19,16.00,7.21,2.00,0.90
2019-09-18,18.00,8.11,2.00,0.90
2019-09-17,22.00,9.91,2.00,0.90
2019-09-16,29.00,13.06,2.00,0.90
2019-09-13,41.00,18.47,3.00,1.35
2019-09-12,37.00,16.67,,
2019-09-11,45.00,20.27,1.00,0.45
2019-09-10,28.00,12.61,1.00,0.45
2019-09-09,17.00,7.66,,
2019-09-06,11.00,4.95,,
2019-09-05,8.00,3.60,,
2019-09-04,14.00,6.31,1.00,0.45
2019-09-03,15.00,6.76,6.00,2.70
2019-08-30,6.00,2.70,2.00,0.90
2019-08-29,6.00,2.70,3.00,1.35
2019-08-28,1.00,0.45,12.00,5.41
2019-08-27,2.00,0.90,28.00,12.61
2019-08-26,2.00,0.90,17.00,7.66
2019-08-23,2.00,0.90,28.00,12.61
2019-08-22,6.00,2.70,10.00,4.50
2019-08-21,6.00,2.70,10.00,4.50
2019-08-20,3.00,1.35,15.00,6.76
2019-08-19,7.00,3.15,9.00,4.05
2019-08-16,3.00,1.35,22.00,9.91
2019-08-15,2.00,0.90,57.00,25.68
2019-08-14,,,51.00,22.97
2019-08-13,4.00,1.80,20.00,9.01
2019-08-12,5.00,2.25,43.00,19.37
2019-08-09,7.00,3.15,24.00,10.81
2019-08-08,7.00,3.15,16.00,7.21
2019-08-07,2.00,0.90,35.00,15.77
2019-08-06,,,42.00,18.92
2019-08-05,2.00,0.90,77.00,34.68
2019-08-02,6.00,2.70,25.00,11.26
2019-08-01,6.00,2.70,21.00,9.46
2019-07-31,7.00,3.15,10.00,4.50
2019-07-30,18.00,8.11,8.00,3.60
2019-07-29,20.00,9.01,4.00,1.80
2019-07-26,29.00,13.06,6.00,2.70
2019-07-25,20.00,9.01,4.00,1.80
2019-07-24,33.00,14.86,4.00,1.80
2019-07-23,26.00,11.71,4.00,1.80
2019-07-22,13.00,5.86,8.00,3.60
2019-07-19,10.00,4.50,5.00,2.25
2019-07-18,19.00,8.56,4.00,1.80
2019-07-17,15.00,6.76,5.00,2.25
2019-07-16,32.00,14.41,2.00,0.90
2019-07-15,40.00,18.02,2.00,0.90
2019-07-12,36.00,16.22,2.00,0.90
2019-07-11,29.00,13.06,1.00,0.45
2019-07-10,21.00,9.46,1.00,0.45
2019-07-09,16.00,7.21,,
2019-07-08,16.00,7.21,,
2019-07-05,28.00,12.61,,
2019-07-03,38.00,17.12,3.00,1.35
2019-07-02,25.00,11.26,1.00,0.45
2019-07-01,23.00,10.36,2.00,0.90
2019-06-28,13.00,5.86,2.00,0.90
2019-06-27,7.00,3.15,4.00,1.80
2019-06-26,7.00,3.15,10.00,4.50
2019-06-25,11.00,4.95,6.00,2.70
2019-06-24,29.00,13.06,5.00,2.25
2019-06-21,34.00,15.32,3.00,1.35
2019-06-20,43.00,19.37,2.00,0.90
2019-06-19,26.00,11.71,3.00,1.35
2019-06-18,19.00,8.56,2.00,0.90
2019-06-17,10.00,4.50,3.00,1.35
2019-06-14,16.00,7.21,2.00,0.90
2019-06-13,14.00,6.31,3.00,1.35
2019-06-12,19.00,8.56,8.00,3.60
2019-06-11,14.00,6.31,6.00,2.70
2019-06-10,19.00,8.56,6.00,2.70
2019-06-07,20.00,9.01,9.00,4.05
2019-06-06,16.00,7.21,14.00,6.31
2019-06-05,11.00,4.95,15.00,6.76
2019-06-04,3.00,1.35,8.00,3.60
2019-06-03,2.00,0.90,58.00,26.13
2019-05-31,1.00,0.45,81.00,36.49
2019-05-30,,,54.00,24.32
2019-05-29,,,61.00,27.48
2019-05-28,1.00,0.45,47.00,21.17
2019-05-24,11.00,4.95,38.00,17.12
2019-05-23,13.00,5.86,40.00,18.02
2019-05-22,12.00,5.41,19.00,8.56
2019-05-21,8.00,3.60,15.00,6.76
2019-05-20,7.00,3.15,26.00,11.71
2019-05-17,10.00,4.50,22.00,9.91
2019-05-16,8.00,3.60,14.00,6.31
2019-05-15,5.00,2.25,15.00,6.76
2019-05-14,5.00,2.25,29.00,13.06
2019-05-13,6.00,2.70,46.00,20.72
2019-05-10,10.00,4.50,16.00,7.21
2019-05-09,5.00,2.25,17.00,7.66
2019-05-08,8.00,3.60,17.00,7.66
2019-05-07,8.00,3.60,13.00,5.86
2019-05-06,13.00,5.86,8.00,3.60
2019-05-03,27.00,12.16,5.00,2.25
2019-05-02,10.00,4.50,13.00,5.86
2019-05-01,18.00,8.11,10.00,4.50
2019-04-30,45.00,20.27,9.00,4.05
2019-04-29,42.00,18.92,6.00,2.70
2019-04-26,41.00,18.47,9.00,4.05
2019-04-25,38.00,17.12,13.00,5.86
2019-04-24,46.00,20.72,8.00,3.60
2019-04-23,52.00,23.42,7.00,3.15
2019-04-22,45.00,20.27,22.00,9.91
2019-04-18,59.00,26.58,17.00,7.66
2019-04-17,55.00,24.77,21.00,9.46
2019-04-16,55.00,24.77,9.00,4.05
2019-04-15,48.00,21.62,6.00,2.70
2019-04-12,54.00,24.32,6.00,2.70
2019-04-11,33.00,14.86,6.00,2.70
2019-04-10,33.00,14.86,4.00,1.80
2019-04-09,19.00,8.56,4.00,1.80
2019-04-08,49.00,22.07,2.00,0.90
2019-04-05,47.00,21.17,3.00,1.35
2019-04-04,36.00,16.22,6.00,2.70
2019-04-03,38.00,17.12,5.00,2.25
2019-04-02,33.00,14.86,7.00,3.15
2019-04-01,32.00,14.41,2.00,0.90
2019-03-29,20.00,9.01,5.00,2.25
2019-03-28,19.00,8.56,7.00,3.15
2019-03-27,18.00,8.11,10.00,4.50
2019-03-26,28.00,12.61,11.00,4.95
2019-03-25,18.00,8.11,16.00,7.21
2019-03-22,14.00,6.31,15.00,6.76
2019-03-21,42.00,18.92,3.00,1.35
2019-03-20,27.00,12.16,5.00,2.25
2019-03-19,31.00,13.96,4.00,1.80
2019-03-18,36.00,16.22,3.00,1.35
2019-03-15,32.00,14.41,7.00,3.15
2019-03-14,29.00,13.06,9.00,4.05
2019-03-13,33.00,14.86,8.00,3.60
2019-03-12,23.00,10.36,12.00,5.41
2019-03-11,22.00,9.91,10.00,4.50
2019-03-08,15.00,6.76,18.00,8.11
2019-03-07,12.00,5.41,15.00,6.76
2019-03-06,16.00,7.21,10.00,4.50
2019-03-05,28.00,12.61,9.00,4.05
2019-03-04,33.00,14.86,6.00,2.70
2019-03-01,56.00,25.23,6.00,2.70
2019-02-28,36.00,16.22,6.00,2.70
2019-02-27,53.00,23.87,3.00,1.35
2019-02-26,47.00,21.17,2.00,0.90
2019-02-25,59.00,26.58,3.00,1.35
2019-02-22,74.00,33.33,2.00,0.90
2019-02-21,52.00,23.42,1.00,0.45
2019-02-20,63.00,28.38,2.00,0.90
2019-02-19,62.00,27.93,2.00,0.90
2019-02-15,60.00,27.03,2.00,0.90
2019-02-14,40.00,18.02,2.00,0.90
2019-02-13,48.00,21.62,,
2019-02-12,45.00,20.27,1.00,0.45
2019-02-11,29.00,13.06,1.00,0.45
2019-02-08,23.00,10.36,2.00,0.90
2019-02-07,22.00,9.91,,
2019-02-06,34.00,15.32,,
2019-02-05,42.00,18.92,,
2019-02-04,40.00,18.02,1.00,0.45
2019-02-01,30.00,13.51,1.00,0.45
2019-01-31,30.00,13.51,1.00,0.45
2019-01-30,24.00,10.81,1.00,0.45
2019-01-29,15.00,6.76,2.00,0.90
2019-01-28,15.00,6.76,3.00,1.35
2019-01-25,18.00,8.11,3.00,1.35
2019-01-24,7.00,3.15,3.00,1.35
2019-01-23,6.00,2.70,2.00,0.90
2019-01-22,5.00,2.25,2.00,0.90
2019-01-18,23.00,10.36,1.00,0.45
2019-01-17,8.00,3.60,3.00,1.35
2019-01-16,4.00,1.80,4.00,1.80
2019-01-15,1.00,0.45,3.00,1.35
2019-01-14,1.00,0.45,5.00,2.25
2019-01-11,3.00,1.35,3.00,1.35
2019-01-10,3.00,1.35,1.00,0.45
2019-01-09,3.00,1.35,1.00,0.45
2019-01-08,2.00,0.90,1.00,0.45
2019-01-07,2.00,0.90,1.00,0.45
2019-01-04,2.00,0.90,3.00,1.35
2019-01-03,,,24.00,10.81
2019-01-02,,,19.00,8.56
2018-12-31,,,27.00,12.16
2018-12-28,,,32.00,14.41
2018-12-27,,,34.00,15.32
2018-12-26,,,38.00,17.12
2018-12-24,2.00,0.90,175.00,78.83
2018-12-21,2.00,0.90,137.00,61.71
2018-12-20,1.00,0.45,110.00,49.55
2018-12-19,,,86.00,38.74
2018-12-18,,,69.00,31.08
2018-12-17,,,71.00,31.98
2018-12-14,,,49.00,22.07
2018-12-13,6.00,2.70,38.00,17.12
2018-12-12,1.00,0.45,29.00,13.06
2018-12-11,6.00,2.70,36.00,16.22
2018-12-10,6.00,2.70,31.00,13.96
2018-12-07,5.00,2.25,26.00,11.71
2018-12-06,8.00,3.60,14.00,6.31
2018-12-04,3.00,1.35,6.00,2.70
2018-12-03,13.00,5.86,,
2018-11-30,11.00,4.95,4.00,1.80
2018-11-29,6.00,2.70,2.00,0.90
2018-11-28,7.00,3.15,3.00,1.35
2018-11-27,2.00,0.90,11.00,4.95
2018-11-26,2.00,0.90,11.00,4.95
2018-11-23,1.00,0.45,16.00,7.21
2018-11-21,2.00,0.90,20.00,9.01
2018-11-20,5.00,2.25,24.00,10.81
2018-11-19,11.00,4.95,15.00,6.76
2018-11-16,13.00,5.86,10.00,4.50
2018-11-15,9.00,4.05,8.00,3.60
2018-11-14,6.00,2.70,6.00,2.70
2018-11-13,9.00,4.05,6.00,2.70
2018-11-12,7.00,3.15,7.00,3.15
2018-11-09,10.00,4.50,6.00,2.70
2018-11-08,15.00,6.76,4.00,1.80
2018-11-07,9.00,4.05,3.00,1.35
2018-11-06,9.00,4.05,6.00,2.70
2018-11-05,6.00,2.70,11.00,4.95
2018-11-02,2.00,0.90,16.00,7.21
2018-11-01,3.00,1.35,14.00,6.31
2018-10-31,2.00,0.90,27.00,12.16
2018-10-30,6.00,2.70,38.00,17.12
2018-10-29,,,91.00,40.99
2018-10-26,,,82.00,36.94
2018-10-25,,,65.00,29.28
2018-10-24,8.00,3.60,112.00,50.45
2018-10-23,3.00,1.35,66.00,29.73
2018-10-22,2.00,0.90,59.00,26.58
2018-10-19,1.00,0.45,53.00,23.87
2018-10-18,,,47.00,21.17
2018-10-17,,,27.00,12.16
2018-10-16,,,17.00,7.66
2018-10-15,,,68.00,30.63
2018-10-12,,,77.00,34.68
2018-10-11,2.00,0.90,119.00,53.60
2018-10-10,2.00,0.90,83.00,37.39
2018-10-09,5.00,2.25,34.00,15.32
2018-10-08,7.00,3.15,30.00,13.51
2018-10-05,7.00,3.15,27.00,12.16
2018-10-04,12.00,5.41,19.00,8.56
2018-10-03,21.00,9.46,20.00,9.01
2018-10-02,17.00,7.66,22.00,9.91
2018-10-01,20.00,9.01,18.00,8.11
2018-09-28,16.00,7.21,19.00,8.56
2018-09-27,19.00,8.56,15.00,6.76
2018-09-26,20.00,9.01,16.00,7.21
2018-09-25,21.00,9.46,7.00,3.15
2018-09-24,25.00,11.26,8.00,3.60
2018-09-21,43.00,19.37,5.00,2.25
2018-09-20,37.00,16.67,3.00,1.35
2018-09-19,25.00,11.26,4.00,1.80
2018-09-18,31.00,13.96,6.00,2.70
2018-09-17,23.00,10.36,9.00,4.05
2018-09-14,28.00,12.61,11.00,4.95
2018-09-13,25.00,11.26,8.00,3.60
2018-09-12,21.00,9.46,10.00,4.50
2018-09-11,20.00,9.01,15.00,6.76
2018-09-10,21.00,9.46,10.00,4.50
2018-09-07,18.00,8.11,14.00,6.31
2018-09-06,27.00,12.16,8.00,3.60
2018-09-05,21.00,9.46,5.00,2.25
2018-09-04,26.00,11.71,7.00,3.15
2018-08-31,29.00,13.06,5.00,2.25
2018-08-30,29.00,13.06,4.00,1.80
2018-08-29,42.00,18.92,2.00,0.90
2018-08-28,30.00,13.51,1.00,0.45
2018-08-27,33.00,14.86,1.00,0.45
2018-08-24,24.00,10.81,1.00,0.45
2018-08-23,24.00,10.81,2.00,0.90
2018-08-22,24.00,10.81,1.00,0.45
2018-08-21,38.00,17.12,2.00,0.90
2018-08-20,37.00,16.67,6.00,2.70
2018-08-17,33.00,14.86,9.00,4.05
2018-08-16,26.00,11.71,14.00,6.31
2018-08-15,15.00,6.76,16.00,7.21
2018-08-14,18.00,8.11,10.00,4.50
2018-08-13,9.00,4.05,12.00,5.41
2018-08-10,15.00,6.76,8.00,3.60
2018-08-09,30.00,13.51,6.00,2.70
2018-08-08,30.00,13.51,4.00,1.80
2018-08-07,28.00,12.61,5.00,2.25
2018-08-06,30.00,13.51,6.00,2.70
2018-08-03,28.00,12.61,7.00,3.15
2018-08-02,20.00,9.01,6.00,2.70
2018-08-01,16.00,7.21,4.00,1.80
2018-07-31,21.00,9.46,3.00,1.35
2018-07-30,17.00,7.66,6.00,2.70
2018-07-27,15.00,6.76,6.00,2.70
2018-07-26,30.00,13.51,4.00,1.80
2018-07-25,34.00,15.32,5.00,2.25
2018-07-24,10.00,4.50,4.00,1.80
2018-07-23,13.00,5.86,4.00,1.80
2018-07-20,15.00,6.76,5.00,2.25
2018-07-19,15.00,6.76,3.00,1.35
2018-07-18,15.00,6.76,3.00,1.35
2018-07-17,14.00,6.31,2.00,0.90
2018-07-16,10.00,4.50,3.00,1.35
2018-07-13,16.00,7.21,3.00,1.35
2018-07-12,18.00,8.11,3.00,1.35
2018-07-11,12.00,5.41,3.00,1.35
2018-07-10,17.00,7.66,1.00,0.45
2018-07-09,14.00,6.31,1.00,0.45
2018-07-06,27.00,12.16,10.00,4.50
2018-07-05,22.00,9.91,15.00,6.76
2018-07-03,19.00,8.56,23.00,10.36
2018-07-02,15.00,6.76,20.00,9.01
2018-06-29,13.00,5.86,20.00,9.01
2018-06-28,14.00,6.31,25.00,11.26
2018-06-27,12.00,5.41,30.00,13.51
2018-06-26,9.00,4.05,16.00,7.21
2018-06-25,15.00,6.76,19.00,8.56
2018-06-22,14.00,6.31,8.00,3.60
2018-06-21,13.00,5.86,13.00,5.86
2018-06-20,24.00,10.81,8.00,3.60
2018-06-19,19.00,8.56,5.00,2.25
2018-06-18,27.00,12.16,3.00,1.35
2018-06-15,33.00,14.86,4.00,1.80
2018-06-14,32.00,14.41,2.00,0.90
2018-06-13,28.00,12.61,3.00,1.35
2018-06-12,36.00,16.22,3.00,1.35
2018-06-11,33.00,14.86,7.00,3.15
2018-06-08,35.00,15.77,4.00,1.80
2018-06-07,29.00,13.06,5.00,2.25
2018-06-06,44.00,19.82,12.00,5.41
2018-06-05,36.00,16.22,8.00,3.60
2018-06-04,35.00,15.77,8.00,3.60
2018-06-01,15.00,6.76,7.00,3.15
2018-05-31,10.00,4.50,9.00,4.05
2018-05-30,15.00,6.76,3.00,1.35
2018-05-29,8.00,3.60,9.00,4.05
2018-05-25,11.00,4.95,4.00,1.80
2018-05-24,11.00,4.95,2.00,0.90
2018-05-23,8.00,3.60,2.00,0.90
2018-05-22,11.00,4.95,4.00,1.80
2018-05-21,28.00,12.61,8.00,3.60
2018-05-18,22.00,9.91,6.00,2.70
2018-05-17,24.00,10.81,6.00,2.70
2018-05-16,19.00,8.56,7.00,3.15
2018-05-15,10.00,4.50,8.00,3.60
2018-05-14,15.00,6.76,5.00,2.25
2018-05-11,14.00,6.31,6.00,2.70
2018-05-10,19.00,8.56,8.00,3.60
2018-05-09,13.00,5.86,12.00,5.41
2018-05-08,10.00,4.50,14.00,6.31
2018-05-07,9.00,4.05,11.00,4.95
2018-05-04,9.00,4.05,12.00,5.41
2018-05-03,4.00,1.80,24.00,10.81
2018-05-02,4.00,1.80,19.00,8.56
2018-05-01,5.00,2.25,17.00,7.66
2018-04-30,4.00,1.80,18.00,8.11
2018-04-27,10.00,4.50,11.00,4.95
2018-04-26,8.00,3.60,11.00,4.95
2018-04-25,7.00,3.15,11.00,4.95
2018-04-24,7.00,3.15,12.00,5.41
2018-04-23,9.00,4.05,10.00,4.50
2018-04-20,8.00,3.60,11.00,4.95
2018-04-19,15.00,6.76,3.00,1.35
2018-04-18,14.00,6.31,1.00,0.45
2018-04-17,12.00,5.41,1.00,0.45
2018-04-16,7.00,3.15,2.00,0.90
2018-04-13,7.00,3.15,4.00,1.80
2018-04-12,5.00,2.25,3.00,1.35
2018-04-11,5.00,2.25,4.00,1.80
2018-04-10,4.00,1.80,4.00,1.80
2018-04-09,2.00,0.90,5.00,2.25
2018-04-06,1.00,0.45,6.00,2.70
2018-04-05,3.00,1.35,,
2018-04-04,1.00,0.45,3.00,1.35
2018-04-03,,,6.00,2.70
2018-04-02,,,18.00,8.11
2018-03-29,1.00,0.45,8.00,3.60
2018-03-28,2.00,0.90,18.00,8.11
2018-03-27,,,18.00,8.11
2018-03-26,,,17.00,7.66
2018-03-23,,,59.00,26.58
2018-03-22,1.00,0.45,27.00,12.16
2018-03-21,4.00,1.80,14.00,6.31
2018-03-20,3.00,1.35,15.00,6.76
2018-03-19,3.00,1.35,13.00,5.86
2018-03-16,3.00,1.35,6.00,2.70
2018-03-15,4.00,1.80,9.00,4.05
2018-03-14,5.00,2.25,9.00,4.05
2018-03-13,7.00,3.15,3.00,1.35
2018-03-12,10.00,4.50,3.00,1.35
2018-03-09,13.00,5.86,4.00,1.80
2018-03-08,5.00,2.25,10.00,4.50
2018-03-07,7.00,3.15,9.00,4.05
2018-03-06,8.00,3.60,3.00,1.35
2018-03-05,4.00,1.80,9.00,4.05
2018-03-02,3.00,1.35,20.00,9.01
2018-03-01,2.00,0.90,21.00,9.46
2018-02-28,1.00,0.45,19.00,8.56
2018-02-27,,,7.00,3.15
2018-02-26,5.00,2.25,3.00,1.35
2018-02-23,,,6.00,2.70
2018-02-22,,,13.00,5.86
2018-02-21,1.00,0.45,15.00,6.76
2018-02-20,1.00,0.45,10.00,4.50
2018-02-16,2.00,0.90,8.00,3.60
2018-02-15,3.00,1.35,7.00,3.15
2018-02-14,1.00,0.45,15.00,6.76
2018-02-13,1.00,0.45,20.00,9.01
2018-02-12,,,27.00,12.16
2018-02-09,,,50.00,22.52
2018-02-08,1.00,0.45,103.00,46.40
2018-02-07,1.00,0.45,48.00,21.62
2018-02-06,3.00,1.35,39.00,17.57
2018-02-05,1.00,0.45,78.00,35.14
2018-02-02,3.00,1.35,19.00,8.56
2018-02-01,12.00,5.41,9.00,4.05
2018-01-31,22.00,9.91,8.00,3.60
2018-01-30,22.00,9.91,9.00,4.05
2018-01-29,78.00,35.14,9.00,4.05
2018-01-26,99.00,44.59,5.00,2.25
2018-01-25,79.00,35.59,5.00,2.25
2018-01-24,88.00,39.64,3.00,1.35
2018-01-23,93.00,41.89,4.00,1.80
2018-01-22,99.00,44.59,13.00,5.86
2018-01-19,89.00,40.09,15.00,6.76
2018-01-18,74.00,33.33,15.00,6.76
2018-01-17,84.00,37.84,13.00,5.86
2018-01-16,68.00,30.63,14.00,6.31
2018-01-12,94.00,42.34,14.00,6.31
2018-01-11,84.00,37.84,14.00,6.31
2018-01-10,62.00,27.93,15.00,6.76
2018-01-09,77.00,34.68,13.00,5.86
2018-01-08,75.00,33.78,7.00,3.15
2018-01-05,76.00,34.23,14.00,6.31
2018-01-04,63.00,28.38,14.00,6.31
2018-01-03,57.00,25.68,8.00,3.60
2018-01-02,44.00,19.82,7.00,3.15
2017-12-29,31.00,13.96,6.00,2.70
2017-12-28,46.00,20.72,4.00,1.80
2017-12-27,45.00,20.27,11.00,4.95
2017-12-26,45.00,20.27,13.00,5.86
2017-12-22,44.00,19.82,12.00,5.41
2017-12-21,46.00,20.72,11.00,4.95
2017-12-20,42.00,18.92,9.00,4.05
2017-12-19,35.00,15.77,7.00,3.15
2017-12-18,54.00,24.32,3.00,1.35
2017-12-15,30.00,13.51,3.00,1.35
2017-12-14,17.00,7.66,5.00,2.25
2017-12-13,40.00,18.02,1.00,0.45
2017-12-12,42.00,18.92,3.00,1.35
2017-12-11,43.00,19.37,2.00,0.90
2017-12-08,47.00,21.17,3.00,1.35
2017-12-07,38.00,17.12,6.00,2.70
2017-12-06,31.00,13.96,8.00,3.60
2017-12-05,39.00,17.57,7.00,3.15
2017-12-04,64.00,28.83,8.00,3.60
2017-12-01,51.00,22.97,4.00,1.80
2017-11-30,63.00,28.38,3.00,1.35
2017-11-29,56.00,25.23,5.00,2.25
2017-11-28,49.00,22.07,5.00,2.25
2017-11-27,34.00,15.32,9.00,4.05
2017-11-24,35.00,15.77,9.00,4.05
2017-11-22,35.00,15.77,9.00,4.05
2017-11-21,43.00,19.37,13.00,5.86
2017-11-20,27.00,12.16,12.00,5.41
2017-11-17,25.00,11.26,13.00,5.86
2017-11-16,22.00,9.91,18.00,8.11
2017-11-15,15.00,6.76,23.00,10.36
2017-11-14,29.00,13.06,20.00,9.01
2017-11-13,29.00,13.06,19.00,8.56
2017-11-10,25.00,11.26,19.00,8.56
2017-11-09,32.00,14.41,18.00,8.11
2017-11-08,45.00,20.27,15.00,6.76
2017-11-07,41.00,18.47,18.00,8.11
2017-11-06,44.00,19.82,19.00,8.56
2017-11-03,42.00,18.92,19.00,8.56
2017-11-02,38.00,17.12,19.00,8.56
2017-11-01,37.00,16.67,13.00,5.86
2017-10-31,39.00,17.57,17.00,7.66
2017-10-30,38.00,17.12,26.00,11.71
2017-10-27,49.00,22.07,19.00,8.56
2017-10-26,38.00,17.12,18.00,8.11
2017-10-25,35.00,15.77,19.00,8.56
2017-10-24,53.00,23.87,14.00,6.31
2017-10-23,46.00,20.72,15.00,6.76
2017-10-20,56.00,25.23,10.00,4.50
2017-10-19,43.00,19.37,7.00,3.15
2017-10-18,47.00,21.17,7.00,3.15
2017-10-17,45.00,20.27,7.00,3.15
2017-10-16,55.00,24.77,9.00,4.05
2017-10-13,52.00,23.42,11.00,4.95
2017-10-12,53.00,23.87,13.00,5.86
2017-10-11,58.00,26.13,8.00,3.60
2017-10-10,60.00,27.03,8.00,3.60
2017-10-09,52.00,23.42,9.00,4.05
2017-10-06,68.00,30.63,5.00,2.25
2017-10-05,70.00,31.53,2.00,0.90
2017-10-04,60.00,27.03,7.00,3.15
2017-10-03,60.00,27.03,10.00,4.50
2017-10-02,62.00,27.93,8.00,3.60
2017-09-29,60.00,27.03,8.00,3.60
2017-09-28,48.00,21.62,10.00,4.50
2017-09-27,48.00,21.62,12.00,5.41
2017-09-26,37.00,16.67,6.00,2.70
2017-09-25,37.00,16.67,8.00,3.60
2017-09-22,41.00,18.47,12.00,5.41
2017-09-21,39.00,17.57,9.00,4.05
2017-09-20,48.00,21.62,5.00,2.25
2017-09-19,47.00,21.17,3.00,1.35
2017-09-18,50.00,22.52,3.00,1.35
2017-09-15,35.00,15.77,2.00,0.90
2017-09-14,34.00,15.32,2.00,0.90
2017-09-13,34.00,15.32,3.00,1.35
2017-09-12,46.00,20.72,5.00,2.25
2017-09-11,39.00,17.57,6.00,2.70
2017-09-08,24.00,10.81,11.00,4.95
2017-09-07,25.00,11.26,17.00,7.66
2017-09-06,14.00,6.31,13.00,5.86
2017-09-05,13.00,5.86,12.00,5.41
2017-09-01,16.00,7.21,7.00,3.15
2017-08-31,15.00,6.76,12.00,5.41
2017-08-30,15.00,6.76,19.00,8.56
2017-08-29,13.00,5.86,14.00,6.31
2017-08-28,11.00,4.95,15.00,6.76
2017-08-25,8.00,3.60,14.00,6.31
2017-08-24,9.00,4.05,22.00,9.91
2017-08-23,9.00,4.05,19.00,8.56
2017-08-22,11.00,4.95,23.00,10.36
2017-08-21,6.00,2.70,32.00,14.41
2017-08-18,3.00,1.35,31.00,13.96
2017-08-17,3.00,1.35,27.00,12.16
2017-08-16,13.00,5.86,18.00,8.11
2017-08-15,12.00,5.41,22.00,9.91
2017-08-14,11.00,4.95,17.00,7.66
2017-08-11,4.00,1.80,23.00,10.36
2017-08-10,7.00,3.15,25.00,11.26
2017-08-09,18.00,8.11,15.00,6.76
2017-08-08,23.00,10.36,13.00,5.86
2017-08-07,29.00,13.06,11.00,4.95
2017-08-04,21.00,9.46,11.00,4.95
2017-08-03,21.00,9.46,11.00,4.95
2017-08-02,26.00,11.71,12.00,5.41
2017-08-01,24.00,10.81,12.00,5.41
2017-07-31,16.00,7.21,10.00,4.50
2017-07-28,19.00,8.56,9.00,4.05
2017-07-27,16.00,7.21,10.00,4.50
2017-07-26,25.00,11.26,11.00,4.95
2017-07-25,30.00,13.51,8.00,3.60
2017-07-24,24.00,10.81,9.00,4.05
2017-07-21,22.00,9.91,5.00,2.25
2017-07-20,26.00,11.71,9.00,4.05
2017-07-19,22.00,9.91,11.00,4.95
2017-07-18,14.00,6.31,10.00,4.50
2017-07-17,21.00,9.46,6.00,2.70
2017-07-14,25.00,11.26,9.00,4.05
2017-07-13,20.00,9.01,14.00,6.31
2017-07-12,13.00,5.86,15.00,6.76
2017-07-11,6.00,2.70,21.00,9.46
2017-07-10,12.00,5.41,21.00,9.46
2017-07-07,8.00,3.60,14.00,6.31
2017-07-06,5.00,2.25,22.00,9.91
2017-07-05,14.00,6.31,16.00,7.21
2017-07-03,17.00,7.66,10.00,4.50
2017-06-30,11.00,4.95,11.00,4.95
2017-06-29,12.00,5.41,13.00,5.86
2017-06-28,21.00,9.46,5.00,2.25
2017-06-27,11.00,4.95,9.00,4.05
2017-06-26,20.00,9.01,8.00,3.60
2017-06-23,23.00,10.36,9.00,4.05
2017-06-22,26.00,11.71,12.00,5.41
2017-06-21,25.00,11.26,11.00,4.95
2017-06-20,30.00,13.51,9.00,4.05
2017-06-19,39.00,17.57,6.00,2.70
2017-06-16,33.00,14.86,8.00,3.60
2017-06-15,24.00,10.81,5.00,2.25
2017-06-14,29.00,13.06,3.00,1.35
2017-06-13,21.00,9.46,1.00,0.45
2017-06-12,18.00,8.11,1.00,0.45
2017-06-09,20.00,9.01,3.00,1.35
2017-06-08,39.00,17.57,8.00,3.60
2017-06-07,47.00,21.17,6.00,2.70
2017-06-06,41.00,18.47,6.00,2.70
2017-06-05,58.00,26.13,2.00,0.90
2017-06-02,70.00,31.53,3.00,1.35
2017-06-01,60.00,27.03,2.00,0.90
2017-05-31,41.00,18.47,8.00,3.60
2017-05-30,41.00,18.47,8.00,3.60
2017-05-26,42.00,18.92,7.00,3.15
2017-05-25,46.00,20.72,11.00,4.95
2017-05-24,29.00,13.06,10.00,4.50
2017-05-23,20.00,9.01,9.00,4.05
2017-05-22,18.00,8.11,13.00,5.86
2017-05-19,10.00,4.50,16.00,7.21
2017-05-18,7.00,3.15,25.00,11.26
2017-05-17,8.00,3.60,28.00,12.61
2017-05-16,36.00,16.22,19.00,8.56
2017-05-15,34.00,15.32,12.00,5.41
2017-05-12,29.00,13.06,18.00,8.11
2017-05-11,28.00,12.61,16.00,7.21
2017-05-10,38.00,17.12,13.00,5.86
2017-05-09,38.00,17.12,15.00,6.76
2017-05-08,38.00,17.12,14.00,6.31
2017-05-05,41.00,18.47,13.00,5.86
2017-05-04,36.00,16.22,20.00,9.01
2017-05-03,32.00,14.41,24.00,10.81
2017-05-02,41.00,18.47,20.00,9.01
2017-05-01,39.00,17.57,16.00,7.21
2017-04-28,38.00,17.12,13.00,5.86
2017-04-27,52.00,23.42,9.00,4.05
2017-04-26,47.00,21.17,6.00,2.70
2017-04-25,34.00,15.32,7.00,3.15
2017-04-24,22.00,9.91,9.00,4.05
2017-04-21,9.00,4.05,10.00,4.50
2017-04-20,10.00,4.50,6.00,2.70
2017-04-19,7.00,3.15,11.00,4.95
2017-04-18,10.00,4.50,8.00,3.60
2017-04-17,6.00,2.70,3.00,1.35
2017-04-13,5.00,2.25,19.00,8.56
2017-04-12,8.00,3.60,9.00,4.05
2017-04-11,11.00,4.95,6.00,2.70
2017-04-10,10.00,4.50,9.00,4.05
2017-04-07,7.00,3.15,9.00,4.05
2017-04-06,6.00,2.70,8.00,3.60
2017-04-05,5.00,2.25,11.00,4.95
2017-04-04,6.00,2.70,7.00,3.15
2017-04-03,8.00,3.60,6.00,2.70
2017-03-31,12.00,5.41,4.00,1.80
2017-03-30,14.00,6.31,3.00,1.35
2017-03-29,16.00,7.21,4.00,1.80
2017-03-28,13.00,5.86,3.00,1.35
2017-03-27,7.00,3.15,13.00,5.86
2017-03-24,12.00,5.41,11.00,4.95
2017-03-23,10.00,4.50,12.00,5.41
2017-03-22,9.00,4.05,14.00,6.31
2017-03-21,11.00,4.95,16.00,7.21
2017-03-20,27.00,12.16,2.00,0.90
2017-03-17,34.00,15.32,1.00,0.45
2017-03-16,35.00,15.77,1.00,0.45
2017-03-15,43.00,19.37,3.00,1.35
2017-03-14,26.00,11.71,13.00,5.86
2017-03-13,32.00,14.41,9.00,4.05
2017-03-10,33.00,14.86,10.00,4.50
2017-03-09,26.00,11.71,10.00,4.50
2017-03-08,26.00,11.71,10.00,4.50
2017-03-07,27.00,12.16,9.00,4.05
2017-03-06,35.00,15.77,5.00,2.25
2017-03-03,53.00,23.87,5.00,2.25
2017-03-02,48.00,21.62,3.00,1.35
2017-03-01,64.00,28.83,2.00,0.90
2017-02-28,53.00,23.87,6.00,2.70
2017-02-27,67.00,30.18,3.00,1.35
2017-02-24,66.00,29.73,4.00,1.80
2017-02-23,60.00,27.03,4.00,1.80
2017-02-22,64.00,28.83,6.00,2.70
2017-02-21,69.00,31.08,2.00,0.90
2017-02-17,62.00,27.93,4.00,1.80
2017-02-16,57.00,25.68,4.00,1.80
2017-02-15,61.00,27.48,5.00,2.25
2017-02-14,55.00,24.77,5.00,2.25
2017-02-13,46.00,20.72,5.00,2.25
2017-02-10,38.00,17.12,4.00,1.80
2017-02-09,33.00,14.86,8.00,3.60
2017-02-08,24.00,10.81,9.00,4.05
2017-02-07,27.00,12.16,12.00,5.41
2017-02-06,21.00,9.46,9.00,4.05
2017-02-03,25.00,11.26,7.00,3.15
2017-02-02,19.00,8.56,11.00,4.95
2017-02-01,20.00,9.01,15.00,6.76
2017-01-31,18.00,8.11,9.00,4.05
2017-01-30,16.00,7.21,9.00,4.05
2017-01-27,36.00,16.22,9.00,4.05
2017-01-26,36.00,16.22,6.00,2.70
2017-01-25,47.00,21.17,6.00,2.70
2017-01-24,28.00,12.61,7.00,3.15
2017-01-23,12.00,5.41,5.00,2.25
2017-01-20,12.00,5.41,5.00,2.25
2017-01-19,9.00,4.05,4.00,1.80
2017-01-18,11.00,4.95,2.00,0.90
2017-01-17,8.00,3.60,3.00,1.35
2017-01-13,13.00,5.86,4.00,1.80
2017-01-12,9.00,4.05,3.00,1.35
2017-01-11,13.00,5.86,3.00,1.35
2017-01-10,10.00,4.50,3.00,1.35
2017-01-09,7.00,3.15,3.00,1.35
2017-01-06,9.00,4.05,4.00,1.80
2017-01-05,12.00,5.41,3.00,1.35
2017-01-04,16.00,7.21,,
2017-01-03,11.00,4.95,3.00,1.35
2016-12-30,6.00,2.70,7.00,3.15
2016-12-29,11.00,4.95,5.00,2.25
2016-12-28,14.00,6.31,4.00,1.80
2016-12-27,26.00,11.71,3.00,1.35
2016-12-23,24.00,10.81,2.00,0.90
2016-12-22,27.00,12.16,3.00,1.35
2016-12-21,34.00,15.32,2.00,0.90
2016-12-20,42.00,18.92,,
2016-12-19,32.00,14.41,1.00,0.45
2016-12-16,28.00,12.61,1.00,0.45
2016-12-15,41.00,18.47,,
2016-12-14,30.00,13.51,,
2016-12-13,58.00,26.13,,
2016-12-12,48.00,21.62,,
2016-12-09,69.00,31.08,,
2016-12-08,69.00,31.08,1.00,0.45
2016-12-07,71.00,31.98,2.00,0.90
2016-12-06,48.00,21.62,2.00,0.90
2016-12-05,37.00,16.67,4.00,1.80
2016-12-02,36.00,16.22,8.00,3.60
2016-12-01,43.00,19.37,15.00,6.76
2016-11-30,40.00,18.02,7.00,3.15
2016-11-29,44.00,19.82,2.00,0.90
2016-11-28,47.00,21.17,2.00,0.90
2016-11-25,68.00,30.63,3.00,1.35
2016-11-23,62.00,27.93,10.00,4.50
2016-11-22,63.00,28.38,10.00,4.50
2016-11-21,59.00,26.58,8.00,3.60
2016-11-18,52.00,23.42,12.00,5.41
2016-11-17,59.00,26.58,9.00,4.05
2016-11-16,50.00,22.52,9.00,4.05
2016-11-15,58.00,26.13,7.00,3.15
2016-11-14,60.00,27.03,20.00,9.01
2016-11-11,53.00,23.87,21.00,9.46
2016-11-10,52.00,23.42,19.00,8.56
2016-11-09,40.00,18.02,12.00,5.41
2016-11-08,17.00,7.66,14.00,6.31
2016-11-07,15.00,6.76,15.00,6.76
2016-11-04,7.00,3.15,52.00,23.42
2016-11-03,5.00,2.25,54.00,24.32
2016-11-02,4.00,1.80,40.00,18.02
2016-11-01,4.00,1.80,37.00,16.67
2016-10-31,5.00,2.25,21.00,9.46
2016-10-28,9.00,4.05,28.00,12.61
2016-10-27,8.00,3.60,28.00,12.61
2016-10-26,11.00,4.95,21.00,9.46
2016-10-25,8.00,3.60,16.00,7.21
2016-10-24,7.00,3.15,14.00,6.31
2016-10-21,7.00,3.15,10.00,4.50
2016-10-20,4.00,1.80,7.00,3.15
2016-10-19,3.00,1.35,6.00,2.70
2016-10-18,1.00,0.45,10.00,4.50
2016-10-17,1.00,0.45,21.00,9.46
2016-10-14,1.00,0.45,15.00,6.76
2016-10-13,,,15.00,6.76
2016-10-12,2.00,0.90,12.00,5.41
2016-10-11,,,17.00,7.66
2016-10-10,4.00,1.80,9.00,4.05
2016-10-07,5.00,2.25,17.00,7.66
2016-10-06,10.00,4.50,11.00,4.95
2016-10-05,11.00,4.95,18.00,8.11
2016-10-04,7.00,3.15,16.00,7.21
2016-10-03,11.00,4.95,7.00,3.15
2016-09-30,10.00,4.50,5.00,2.25
2016-09-29,7.00,3.15,10.00,4.50
2016-09-28,9.00,4.05,4.00,1.80
2016-09-27,5.00,2.25,9.00,4.05
2016-09-26,2.00,0.90,9.00,4.05
2016-09-23,5.00,2.25,3.00,1.35
2016-09-22,8.00,3.60,3.00,1.35
2016-09-21,5.00,2.25,4.00,1.80
2016-09-20,2.00,0.90,15.00,6.76
2016-09-19,4.00,1.80,20.00,9.01
2016-09-16,7.00,3.15,22.00,9.91
2016-09-15,6.00,2.70,17.00,7.66
2016-09-14,3.00,1.35,30.00,13.51
2016-09-13,3.00,1.35,28.00,12.61
2016-09-12,8.00,3.60,9.00,4.05
2016-09-09,4.00,1.80,46.00,20.72
2016-09-08,20.00,9.01,8.00,3.60
2016-09-07,22.00,9.91,7.00,3.15
2016-09-06,23.00,10.36,8.00,3.60
2016-09-02,22.00,9.91,5.00,2.25
2016-09-01,11.00,4.95,7.00,3.15
2016-08-31,12.00,5.41,6.00,2.70
2016-08-30,19.00,8.56,6.00,2.70
2016-08-29,18.00,8.11,4.00,1.80
2016-08-26,15.00,6.76,6.00,2.70
2016-08-25,11.00,4.95,6.00,2.70
2016-08-24,12.00,5.41,5.00,2.25
2016-08-23,24.00,10.81,4.00,1.80
2016-08-22,20.00,9.01,6.00,2.70
2016-08-19,20.00,9.01,8.00,3.60
2016-08-18,22.00,9.91,6.00,2.70
2016-08-17,15.00,6.76,6.00,2.70
2016-08-16,20.00,9.01,14.00,6.31
2016-08-15,37.00,16.67,6.00,2.70
2016-08-12,30.00,13.51,5.00,2.25
2016-08-11,32.00,14.41,6.00,2.70
2016-08-10,20.00,9.01,5.00,2.25
2016-08-09,28.00,12.61,5.00,2.25
2016-08-08,25.00,11.26,4.00,1.80
2016-08-05,33.00,14.86,5.00,2.25
2016-08-04,22.00,9.91,6.00,2.70
2016-08-03,18.00,8.11,5.00,2.25
2016-08-02,16.00,7.21,6.00,2.70
2016-08-01,37.00,16.67,6.00,2.70
2016-07-29,37.00,16.67,3.00,1.35
2016-07-28,33.00,14.86,1.00,0.45
2016-07-27,31.00,13.96,3.00,1.35
2016-07-26,24.00,10.81,,
2016-07-25,19.00,8.56,,
2016-07-22,19.00,8.56,,
2016-07-21,18.00,8.11,,
2016-07-20,29.00,13.06,,
2016-07-19,26.00,11.71,,
2016-07-18,24.00,10.81,,
2016-07-15,25.00,11.26,,
2016-07-14,29.00,13.06,,
2016-07-13,27.00,12.16,1.00,0.45
2016-07-12,26.00,11.71,1.00,0.45
2016-07-11,29.00,13.06,1.00,0.45
2016-07-08,29.00,13.06,2.00,0.90
2016-07-07,11.00,4.95,4.00,1.80
2016-07-06,30.00,13.51,3.00,1.35
2016-07-05,28.00,12.61,3.00,1.35
2016-07-01,27.00,12.16,1.00,0.45
2016-06-30,28.00,12.61,1.00,0.45
2016-06-29,20.00,9.01,2.00,0.90
2016-06-28,18.00,8.11,18.00,8.11
2016-06-27,18.00,8.11,54.00,24.32
2016-06-24,8.00,3.60,17.00,7.66
2016-06-23,22.00,9.91,2.00,0.90
2016-06-22,7.00,3.15,5.00,2.25
2016-06-21,9.00,4.05,4.00,1.80
2016-06-20,9.00,4.05,5.00,2.25
2016-06-17,8.00,3.60,7.00,3.15
2016-06-16,9.00,4.05,10.00,4.50
2016-06-15,4.00,1.80,8.00,3.60
2016-06-14,13.00,5.86,14.00,6.31
2016-06-13,9.00,4.05,6.00,2.70
2016-06-10,16.00,7.21,1.00,0.45
2016-06-09,32.00,14.41,1.00,0.45
2016-06-08,35.00,15.77,2.00,0.90
2016-06-07,29.00,13.06,2.00,0.90
2016-06-06,28.00,12.61,3.00,1.35
2016-06-03,18.00,8.11,4.00,1.80
2016-06-02,22.00,9.91,3.00,1.35
2016-06-01,16.00,7.21,4.00,1.80
2016-05-31,18.00,8.11,3.00,1.35
2016-05-27,12.00,5.41,3.00,1.35
2016-05-26,7.00,3.15,5.00,2.25
2016-05-25,7.00,3.15,4.00,1.80
2016-05-24,7.00,3.15,8.00,3.60
2016-05-23,3.00,1.35,13.00,5.86
2016-05-20,1.00,0.45,11.00,4.95
2016-05-19,1.00,0.45,18.00,8.11
2016-05-18,1.00,0.45,15.00,6.76
2016-05-17,2.00,0.90,11.00,4.95
2016-05-16,9.00,4.05,11.00,4.95
2016-05-13,6.00,2.70,15.00,6.76
2016-05-12,19.00,8.56,14.00,6.31
2016-05-11,14.00,6.31,12.00,5.41
2016-05-10,24.00,10.81,8.00,3.60
2016-05-09,18.00,8.11,15.00,6.76
2016-05-06,12.00,5.41,13.00,5.86
2016-05-05,9.00,4.05,15.00,6.76
2016-05-04,8.00,3.60,11.00,4.95
2016-05-03,10.00,4.50,10.00,4.50
2016-05-02,20.00,9.01,11.00,4.95
2016-04-29,14.00,6.31,16.00,7.21
2016-04-28,14.00,6.31,9.00,4.05
2016-04-27,38.00,17.12,5.00,2.25
2016-04-26,34.00,15.32,6.00,2.70
2016-04-25,23.00,10.36,5.00,2.25
2016-04-22,44.00,19.82,2.00,0.90
2016-04-21,32.00,14.41,9.00,4.05
2016-04-20,55.00,24.77,1.00,0.45
2016-04-19,47.00,21.17,1.00,0.45
2016-04-18,39.00,17.57,1.00,0.45
2016-04-15,21.00,9.46,1.00,0.45
2016-04-14,28.00,12.61,1.00,0.45
2016-04-13,30.00,13.51,1.00,0.45
2016-04-12,12.00,5.41,3.00,1.35
2016-04-11,6.00,2.70,4.00,1.80
2016-04-08,8.00,3.60,4.00,1.80
2016-04-07,8.00,3.60,2.00,0.90
2016-04-06,27.00,12.16,3.00,1.35
2016-04-05,11.00,4.95,2.00,0.90
2016-04-04,50.00,22.52,3.00,1.35
2016-04-01,71.00,31.98,3.00,1.35
2016-03-31,50.00,22.52,1.00,0.45
2016-03-30,51.00,22.97,2.00,0.90
2016-03-29,48.00,21.62,1.00,0.45
2016-03-28,28.00,12.61,1.00,0.45
2016-03-24,23.00,10.36,1.00,0.45
2016-03-23,22.00,9.91,,
2016-03-22,47.00,21.17,1.00,0.45
2016-03-21,58.00,26.13,1.00,0.45
2016-03-18,72.00,32.43,1.00,0.45
2016-03-17,71.00,31.98,1.00,0.45
2016-03-16,41.00,18.47,,
2016-03-15,23.00,10.36,,
2016-03-14,28.00,12.61,,
2016-03-11,38.00,17.12,1.00,0.45
2016-03-10,24.00,10.81,1.00,0.45
2016-03-09,24.00,10.81,,
2016-03-08,19.00,8.56,,
2016-03-07,45.00,20.27,,
2016-03-04,40.00,18.02,,
2016-03-03,41.00,18.47,,
2016-03-02,30.00,13.51,,
2016-03-01,29.00,13.06,,
2016-02-29,15.00,6.76,1.00,0.45
2016-02-26,21.00,9.46,,
2016-02-25,36.00,16.22,,
2016-02-24,22.00,9.91,,
2016-02-23,18.00,8.11,,
2016-02-22,21.00,9.46,,
2016-02-19,17.00,7.66,1.00,0.45
2016-02-18,20.00,9.01,1.00,0.45
2016-02-17,20.00,9.01,2.00,0.90
2016-02-16,14.00,6.31,1.00,0.45
2016-02-12,6.00,2.70,13.00,5.86
2016-02-11,7.00,3.15,46.00,20.72
2016-02-10,17.00,7.66,31.00,13.96
2016-02-09,22.00,9.91,46.00,20.72
2016-02-08,24.00,10.81,49.00,22.07
2016-02-05,23.00,10.36,31.00,13.96
2016-02-04,29.00,13.06,17.00,7.66
2016-02-03,35.00,15.77,25.00,11.26
2016-02-02,35.00,15.77,27.00,12.16
2016-02-01,49.00,22.07,17.00,7.66
2016-01-29,50.00,22.52,18.00,8.11
2016-01-28,32.00,14.41,42.00,18.92
2016-01-27,26.00,11.71,51.00,22.97
2016-01-26,33.00,14.86,41.00,18.47
2016-01-25,23.00,10.36,68.00,30.63
2016-01-22,35.00,15.77,52.00,23.42
2016-01-21,25.00,11.26,85.00,38.29
2016-01-20,27.00,12.16,97.00,43.69
2016-01-19,35.00,15.77,94.00,42.34
2016-01-15,36.00,16.22,97.00,43.69
2016-01-14,47.00,21.17,82.00,36.94
2016-01-13,42.00,18.92,100.00,45.05
2016-01-12,66.00,29.73,89.00,40.09
2016-01-11,62.00,27.93,96.00,43.24
2016-01-08,63.00,28.38,95.00,42.79
2016-01-07,77.00,34.68,93.00,41.89
2016-01-06,113.00,50.90,86.00,38.74
2016-01-05,136.00,61.26,77.00,34.68
