Date,Price,RSI,STATUS,D%Change,YTD%Change,Y%Change
01-12-2024,114.16,42.51,HOLD,-5.15,-20.57,-26.01
01-11-2024,120.36,54.49,HOLD,-0.23,-16.26,-21.92
01-10-2024,120.64,55.14,HOLD,-0.20,-16.06,-21.79
01-09-2024,120.88,55.67,HOLD,-0.87,-15.90,-21.86
01-08-2024,121.94,57.95,HOLD,0.82,-15.16,-19.96
01-05-2024,120.95,56.40,HOLD,2.36,-15.85,-20.17
01-04-2024,118.16,51.74,HOLD,0.25,-17.79,-21.10
01-03-2024,117.87,51.24,HOLD,-4.09,-17.99,-20.48
01-02-2024,122.90,61.57,HOLD,0.93,-14.49,-14.49
12-29-2023,121.77,59.88,HOLD,-1.03,-15.28,0.00
12-28-2023,123.04,62.76,HOLD,0.44,-14.40,0.00
12-27-2023,122.50,62.04,HOLD,0.59,-14.77,0.00
12-26-2023,121.78,61.11,HOLD,2.22,-15.27,0.00
12-22-2023,119.13,57.55,HOLD,0.67,-17.12,0.00
12-21-2023,118.34,56.45,HOLD,1.44,-17.67,0.00
12-20-2023,116.66,54.10,HOLD,-2.65,-18.83,0.00
12-19-2023,119.84,59.78,HOLD,1.66,-16.62,0.00
12-18-2023,117.88,57.21,HOLD,-0.98,-17.99,0.00
12-15-2023,119.05,59.31,HOLD,-2.91,-17.17,0.00
12-14-2023,122.62,66.19,HOLD,6.86,-14.69,0.00
12-13-2023,114.75,55.65,HOLD,4.46,-20.16,0.00
12-12-2023,109.85,45.90,HOLD,0.04,-23.57,0.00
12-11-2023,109.81,45.81,HOLD,-1.42,-23.60,0.00
12-08-2023,111.39,48.80,HOLD,0.41,-22.50,0.00
12-07-2023,110.93,47.88,HOLD,1.57,-22.82,0.00
12-06-2023,109.22,44.43,HOLD,1.05,-24.01,0.00
12-05-2023,108.09,42.08,HOLD,-3.43,-24.80,0.00
12-04-2023,111.93,48.56,HOLD,-1.54,-22.12,0.00
12-01-2023,113.68,51.94,HOLD,4.39,-20.91,0.00
11-30-2023,108.90,41.63,HOLD,-0.67,-24.23,0.00
11-29-2023,109.63,42.94,HOLD,1.20,-23.73,0.00
11-28-2023,108.33,39.81,HOLD,-0.06,-24.63,0.00
11-27-2023,108.39,39.91,HOLD,-0.72,-24.59,0.00
11-24-2023,109.18,41.09,HOLD,0.25,-24.04,0.00
11-22-2023,108.91,40.53,HOLD,0.27,-24.23,0.00
11-21-2023,108.62,39.96,HOLD,-2.48,-24.43,0.00
11-20-2023,111.38,43.64,HOLD,-0.99,-22.51,0.00
11-17-2023,112.49,45.20,HOLD,0.19,-21.74,0.00
11-16-2023,112.28,44.86,HOLD,-2.33,-21.88,0.00
11-15-2023,114.96,48.47,HOLD,1.71,-20.02,0.00
11-14-2023,113.03,45.54,HOLD,5.39,-21.36,0.00
11-13-2023,107.25,35.27,HOLD,-2.31,-25.38,0.00
11-10-2023,109.79,38.21,HOLD,1.72,-23.61,0.00
11-09-2023,107.93,34.50,HOLD,-3.77,-24.91,0.00
11-08-2023,112.16,39.51,HOLD,1.07,-21.96,0.00
11-07-2023,110.97,37.12,HOLD,-0.30,-22.79,0.00
11-06-2023,111.30,37.50,HOLD,-0.14,-22.56,0.00
11-03-2023,111.46,37.68,HOLD,3.60,-22.45,0.00
11-02-2023,107.59,30.42,HOLD,2.92,-25.14,0.00
11-01-2023,104.54,23.95,BUY,-0.02,-27.27,0.00
10-31-2023,104.56,23.96,BUY,1.98,-27.25,0.00
10-30-2023,102.53,19.67,BUY,0.42,-28.66,0.00
10-27-2023,102.10,18.76,BUY,-3.43,-28.96,0.00
10-26-2023,105.73,20.58,BUY,-15.83,-26.44,0.00
10-25-2023,125.61,40.42,HOLD,-1.13,-12.61,0.00
10-24-2023,127.05,43.23,HOLD,-0.43,-11.61,0.00
10-23-2023,127.60,44.32,HOLD,-1.09,-11.22,0.00
10-20-2023,129.00,47.13,HOLD,-0.12,-10.25,0.00
10-19-2023,129.15,47.43,HOLD,-0.88,-10.14,0.00
10-18-2023,130.30,49.67,HOLD,-0.47,-9.34,0.00
10-17-2023,130.91,50.86,HOLD,3.43,-8.92,0.00
10-16-2023,126.57,41.66,HOLD,2.66,-11.94,0.00
10-13-2023,123.29,32.83,HOLD,-0.19,-14.22,0.00
10-12-2023,123.53,33.17,HOLD,-3.61,-14.05,0.00
10-11-2023,128.16,40.76,HOLD,0.21,-10.83,0.00
10-10-2023,127.89,40.01,HOLD,1.64,-11.02,0.00
10-09-2023,125.83,34.17,HOLD,1.26,-12.45,0.00
10-06-2023,124.26,29.29,HOLD,-1.20,-13.55,0.00
10-05-2023,125.77,31.37,HOLD,-2.31,-12.50,0.00
10-04-2023,128.75,36.05,HOLD,0.52,-10.42,0.00
10-03-2023,128.09,34.02,HOLD,-3.01,-10.88,0.00
10-02-2023,132.07,41.35,HOLD,-1.22,-8.11,0.00
09-29-2023,133.70,45.04,HOLD,0.41,-6.98,0.00
09-28-2023,133.15,43.46,HOLD,1.93,-7.36,0.00
09-27-2023,130.63,35.58,HOLD,0.37,-9.11,0.00
09-26-2023,130.15,33.95,HOLD,-1.24,-9.45,0.00
09-25-2023,131.79,36.91,HOLD,0.66,-8.31,0.00
09-22-2023,130.92,34.08,HOLD,-1.30,-8.91,0.00
09-21-2023,132.65,37.16,HOLD,-2.71,-7.71,0.00
09-20-2023,136.35,45.29,HOLD,-0.64,-5.13,0.00
09-19-2023,137.23,47.58,HOLD,0.15,-4.52,0.00
09-18-2023,137.02,46.99,HOLD,-0.70,-4.67,0.00
09-15-2023,137.98,49.37,HOLD,1.04,-4.00,0.00
09-14-2023,136.56,45.58,HOLD,1.09,-4.99,0.00
09-13-2023,135.09,41.36,HOLD,-0.93,-6.01,0.00
09-12-2023,136.36,44.10,HOLD,-0.44,-5.13,0.00
09-11-2023,136.96,45.43,HOLD,0.34,-4.71,0.00
09-08-2023,136.50,44.23,HOLD,0.28,-5.03,0.00
09-07-2023,136.12,43.29,HOLD,-1.49,-5.29,0.00
09-06-2023,138.18,47.34,HOLD,0.38,-3.86,0.00
09-05-2023,137.66,46.16,HOLD,-3.02,-4.22,0.00
09-01-2023,141.95,55.75,HOLD,1.42,-1.24,0.00
08-31-2023,139.96,51.40,HOLD,0.96,-2.62,0.00
08-30-2023,138.63,48.24,HOLD,0.47,-3.55,0.00
08-29-2023,137.98,46.67,HOLD,1.08,-4.00,0.00
08-28-2023,136.50,43.01,HOLD,1.87,-5.03,0.00
08-25-2023,134.00,36.13,HOLD,0.34,-6.77,0.00
08-24-2023,133.55,34.82,HOLD,-1.62,-7.08,0.00
08-23-2023,135.75,38.41,HOLD,-0.18,-5.55,0.00
08-22-2023,136.00,38.83,HOLD,2.08,-5.38,0.00
08-21-2023,133.23,31.03,HOLD,-1.42,-7.31,0.00
08-18-2023,135.15,33.80,HOLD,0.62,-5.97,0.00
08-17-2023,134.32,31.34,HOLD,-1.21,-6.55,0.00
08-16-2023,135.97,33.65,HOLD,-1.78,-5.40,0.00
08-15-2023,138.44,37.50,HOLD,-0.53,-3.68,0.00
08-14-2023,139.18,38.73,HOLD,-0.98,-3.17,0.00
08-11-2023,140.56,41.07,HOLD,0.43,-2.21,0.00
08-10-2023,139.96,39.60,HOLD,0.12,-2.62,0.00
08-09-2023,139.79,39.20,HOLD,-1.39,-2.74,0.00
08-08-2023,141.76,42.20,HOLD,-0.78,-1.37,0.00
08-07-2023,142.87,43.96,HOLD,0.97,-0.60,0.00
08-04-2023,141.50,41.14,HOLD,-0.04,-1.55,0.00
08-03-2023,141.56,41.23,HOLD,-2.73,-1.51,0.00
08-02-2023,145.54,47.18,HOLD,1.58,1.26,0.00
08-01-2023,143.28,42.83,HOLD,-0.68,-0.31,0.00
07-31-2023,144.26,44.30,HOLD,1.17,0.37,0.00
07-28-2023,142.59,41.10,HOLD,0.57,-0.79,0.00
07-27-2023,141.78,39.54,HOLD,-1.25,-1.36,0.00
07-26-2023,143.57,41.81,HOLD,-1.87,-0.11,0.00
07-25-2023,146.31,45.54,HOLD,-2.95,1.80,0.00
07-24-2023,150.76,52.61,HOLD,0.69,4.89,0.00
07-21-2023,149.73,50.98,HOLD,-1.15,4.17,0.00
07-20-2023,151.47,53.90,HOLD,-2.97,5.39,0.00
07-19-2023,156.10,62.78,HOLD,0.64,8.61,0.00
07-18-2023,155.11,61.52,HOLD,2.25,7.92,0.00
07-17-2023,151.70,56.85,HOLD,-1.36,5.55,0.00
07-14-2023,153.79,61.07,HOLD,-2.06,7.00,0.00
07-13-2023,157.02,68.35,HOLD,-0.61,9.25,0.00
07-12-2023,157.99,70.69,HOLD,0.01,9.92,0.00
07-11-2023,157.98,70.68,HOLD,2.99,9.91,0.00
07-10-2023,153.39,65.90,HOLD,3.45,6.72,0.00
07-07-2023,148.28,58.98,HOLD,1.17,3.17,0.00
07-06-2023,146.56,56.21,HOLD,-0.52,1.97,0.00
07-05-2023,147.32,57.81,HOLD,-1.23,2.50,0.00
07-03-2023,149.16,61.78,HOLD,0.25,3.78,0.00
06-30-2023,148.79,61.29,HOLD,-0.45,3.52,0.00
06-29-2023,149.46,62.65,HOLD,1.90,3.99,0.00
06-28-2023,146.67,59.13,HOLD,-0.89,2.05,0.00
06-27-2023,147.99,61.69,HOLD,3.65,2.96,0.00
06-26-2023,142.78,54.46,HOLD,1.56,-0.66,0.00
06-23-2023,140.59,50.84,HOLD,-1.40,-2.18,0.00
06-22-2023,142.59,54.52,HOLD,-1.43,-0.79,0.00
06-21-2023,144.66,58.58,HOLD,-1.22,0.65,0.00
06-20-2023,146.45,62.32,HOLD,-0.04,1.89,0.00
06-16-2023,146.51,62.44,HOLD,-1.19,1.93,0.00
06-15-2023,148.27,66.01,HOLD,1.58,3.16,0.00
06-14-2023,145.96,63.47,HOLD,-0.50,1.55,0.00
06-13-2023,146.69,64.89,HOLD,1.61,2.06,0.00
06-12-2023,144.36,62.39,HOLD,1.62,0.44,0.00
06-09-2023,142.06,59.75,HOLD,-1.29,-1.16,0.00
06-08-2023,143.92,63.07,HOLD,-1.41,0.13,0.00
06-07-2023,145.98,66.89,HOLD,6.37,1.57,0.00
06-06-2023,137.24,56.51,HOLD,2.82,-4.52,0.00
06-05-2023,133.47,50.26,HOLD,-1.64,-7.14,0.00
06-02-2023,135.69,54.55,HOLD,3.26,-5.59,0.00
06-01-2023,131.40,46.34,HOLD,1.63,-8.58,0.00
05-31-2023,129.29,41.52,HOLD,-2.61,-10.05,0.00
05-30-2023,132.76,48.12,HOLD,-1.09,-7.63,0.00
05-26-2023,134.22,51.31,HOLD,1.46,-6.62,0.00
05-25-2023,132.29,47.00,HOLD,-0.32,-7.96,0.00
05-24-2023,132.71,47.85,HOLD,-0.03,-7.67,0.00
05-23-2023,132.75,47.93,HOLD,0.99,-7.64,0.00
05-22-2023,131.45,45.27,HOLD,0.02,-8.54,0.00
05-19-2023,131.43,45.23,HOLD,-1.66,-8.56,0.00
05-18-2023,133.65,48.92,HOLD,1.76,-7.01,0.00
05-17-2023,131.34,44.54,HOLD,2.52,-8.62,0.00
05-16-2023,128.11,37.61,HOLD,-2.44,-10.87,0.00
05-15-2023,131.31,42.50,HOLD,0.55,-8.64,0.00
05-12-2023,130.59,40.90,HOLD,-1.38,-9.14,0.00
05-11-2023,132.42,43.78,HOLD,-0.82,-7.87,0.00
05-10-2023,133.52,45.57,HOLD,-1.78,-7.10,0.00
05-09-2023,135.94,49.73,HOLD,-0.68,-5.42,0.00
05-08-2023,136.87,51.41,HOLD,-0.11,-4.77,0.00
05-05-2023,137.02,51.67,HOLD,0.94,-4.67,0.00
05-04-2023,135.75,49.66,HOLD,-3.83,-5.55,0.00
05-03-2023,141.15,59.40,HOLD,1.55,-1.80,0.00
05-02-2023,139.00,56.22,HOLD,-0.57,-3.29,0.00
05-01-2023,139.79,57.76,HOLD,0.14,-2.74,0.00
04-28-2023,139.59,57.49,HOLD,3.10,-2.88,0.00
04-27-2023,135.39,51.34,HOLD,4.94,-5.80,0.00
04-26-2023,129.02,38.89,HOLD,-2.66,-10.23,0.00
04-25-2023,132.55,44.79,HOLD,-5.79,-7.78,0.00
04-24-2023,140.70,66.35,HOLD,-0.20,-2.11,0.00
04-21-2023,140.98,67.39,HOLD,0.22,-1.91,0.00
04-20-2023,140.67,66.86,HOLD,0.81,-2.13,0.00
04-19-2023,139.54,64.92,HOLD,-0.04,-2.92,0.00
04-18-2023,139.59,65.08,HOLD,1.91,-2.88,0.00
04-17-2023,136.98,60.47,HOLD,1.50,-4.70,0.00
04-14-2023,134.95,56.31,HOLD,0.41,-6.11,0.00
04-13-2023,134.40,55.12,HOLD,0.34,-6.49,0.00
04-12-2023,133.95,54.17,HOLD,-0.05,-6.80,0.00
04-11-2023,134.02,54.33,HOLD,3.83,-6.76,0.00
04-10-2023,129.08,42.88,HOLD,1.28,-10.19,0.00
04-06-2023,127.45,38.12,HOLD,-1.54,-11.33,0.00
04-05-2023,129.45,42.12,HOLD,-0.77,-9.94,0.00
04-04-2023,130.45,44.27,HOLD,-0.96,-9.24,0.00
04-03-2023,131.71,47.09,HOLD,-0.23,-8.36,0.00
03-31-2023,132.02,47.79,HOLD,2.58,-8.15,0.00
03-30-2023,128.70,38.81,HOLD,-0.04,-10.46,0.00
03-29-2023,128.75,38.90,HOLD,1.35,-10.42,0.00
03-28-2023,127.03,33.80,HOLD,-0.63,-11.62,0.00
03-27-2023,127.83,35.07,HOLD,0.52,-11.06,0.00
03-24-2023,127.17,33.15,HOLD,0.86,-11.52,0.00
03-23-2023,126.09,30.02,HOLD,-0.84,-12.27,0.00
03-22-2023,127.16,31.37,HOLD,-2.92,-11.53,0.00
03-21-2023,130.99,36.90,HOLD,-0.02,-8.86,0.00
03-20-2023,131.01,36.93,HOLD,1.99,-8.85,0.00
03-17-2023,128.45,29.80,HOLD,-0.78,-10.63,0.00
03-16-2023,129.46,31.09,HOLD,0.53,-9.93,0.00
03-15-2023,128.78,29.17,HOLD,-2.42,-10.40,0.00
03-14-2023,131.97,33.19,HOLD,0.13,-8.18,0.00
03-13-2023,131.80,32.73,HOLD,0.31,-8.30,0.00
03-10-2023,131.39,31.68,HOLD,-2.13,-8.59,0.00
03-09-2023,134.25,35.24,HOLD,-1.79,-6.60,0.00
03-08-2023,136.69,38.69,HOLD,1.48,-4.90,0.00
03-07-2023,134.70,33.78,HOLD,-1.85,-6.28,0.00
03-06-2023,137.24,37.32,HOLD,-1.08,-4.52,0.00
03-03-2023,138.74,39.60,HOLD,0.92,-3.47,0.00
03-02-2023,137.47,36.56,HOLD,0.66,-4.36,0.00
03-01-2023,136.57,34.39,HOLD,-1.02,-4.98,0.00
02-28-2023,137.98,36.19,HOLD,-0.69,-4.00,0.00
02-27-2023,138.94,37.43,HOLD,-0.11,-3.33,0.00
02-24-2023,139.09,37.62,HOLD,-1.45,-3.23,0.00
02-23-2023,141.13,40.15,HOLD,0.52,-1.81,0.00
02-22-2023,140.40,38.78,HOLD,-0.35,-2.32,0.00
02-21-2023,140.89,39.34,HOLD,-2.83,-1.98,0.00
02-17-2023,145.00,44.35,HOLD,-0.08,0.88,0.00
02-16-2023,145.12,44.50,HOLD,-1.84,0.97,0.00
02-15-2023,147.84,48.00,HOLD,-1.81,2.86,0.00
02-14-2023,150.57,51.79,HOLD,2.01,4.76,0.00
02-13-2023,147.60,47.61,HOLD,4.30,2.69,0.00
02-10-2023,141.52,37.27,HOLD,0.28,-1.54,0.00
02-09-2023,141.12,36.50,HOLD,-1.97,-1.82,0.00
02-08-2023,143.96,39.70,HOLD,-3.78,0.16,0.00
02-07-2023,149.62,47.37,HOLD,-0.24,4.10,0.00
02-06-2023,149.98,47.92,HOLD,-3.22,4.35,0.00
02-03-2023,154.97,56.28,HOLD,-2.50,7.82,0.00
02-02-2023,158.95,64.64,HOLD,1.57,10.59,0.00
02-01-2023,156.50,61.36,HOLD,0.58,8.88,0.00
01-31-2023,155.59,60.09,HOLD,1.34,8.25,0.00
01-30-2023,153.54,57.12,HOLD,-0.36,6.83,0.00
01-27-2023,154.10,58.22,HOLD,2.69,7.21,0.00
01-26-2023,150.07,52.07,HOLD,-1.29,4.41,0.00
01-25-2023,152.03,55.78,HOLD,-0.46,5.77,0.00
01-24-2023,152.73,57.12,HOLD,0.40,6.26,0.00
01-23-2023,152.12,56.27,HOLD,0.86,5.84,0.00
01-20-2023,150.82,54.47,HOLD,3.66,4.93,0.00
01-19-2023,145.49,46.02,HOLD,-3.24,1.22,0.00
01-18-2023,150.36,54.62,HOLD,-2.93,4.61,0.00
01-17-2023,154.90,65.17,HOLD,0.40,7.77,0.00
01-13-2023,154.29,64.31,HOLD,0.10,7.35,0.00
01-12-2023,154.14,64.11,HOLD,-0.08,7.24,0.00
01-11-2023,154.26,64.38,HOLD,-0.28,7.33,0.00
01-10-2023,154.70,65.32,HOLD,1.55,7.63,0.00
01-09-2023,152.34,62.60,HOLD,0.55,5.99,0.00
01-06-2023,151.50,61.60,HOLD,1.16,5.41,0.00
01-05-2023,149.76,59.53,HOLD,1.03,4.20,0.00
01-04-2023,148.23,57.66,HOLD,3.13,3.13,0.00
01-03-2023,143.73,51.56,HOLD,1.60,0.00,0.00
12-30-2022,141.46,48.06,HOLD,-1.15,,0.00
12-29-2022,143.10,50.51,HOLD,3.43,,0.00
12-28-2022,138.35,42.63,HOLD,-2.36,,0.00
12-27-2022,141.69,47.58,HOLD,0.05,,0.00
12-23-2022,141.62,47.46,HOLD,1.45,,0.00
12-22-2022,139.59,44.05,HOLD,-1.15,,0.00
12-21-2022,141.21,46.27,HOLD,3.04,,0.00
12-20-2022,137.04,38.91,HOLD,-1.81,,0.00
12-19-2022,139.57,42.16,HOLD,-1.36,,0.00
12-16-2022,141.49,44.81,HOLD,-1.78,,0.00
12-15-2022,144.06,48.60,HOLD,-1.33,,0.00
12-14-2022,146.00,51.66,HOLD,-1.00,,0.00
12-13-2022,147.47,54.05,HOLD,0.01,,0.00
12-12-2022,147.45,54.03,HOLD,2.53,,0.00
12-09-2022,143.81,48.97,HOLD,-1.07,,0.00
12-08-2022,145.36,51.20,HOLD,1.82,,0.00
12-07-2022,142.76,47.48,HOLD,0.63,,0.00
12-06-2022,141.86,46.16,HOLD,0.28,,0.00
12-05-2022,141.46,45.60,HOLD,-3.19,,0.00
12-02-2022,146.12,51.42,HOLD,-1.95,,0.00
12-01-2022,149.02,55.52,HOLD,1.70,,0.00
11-30-2022,146.53,52.50,HOLD,0.38,,0.00
11-29-2022,145.98,51.83,HOLD,1.50,,0.00
11-28-2022,143.82,49.22,HOLD,-3.33,,0.00
11-25-2022,148.77,55.64,HOLD,0.28,,0.00
11-23-2022,148.35,55.18,HOLD,0.88,,0.00
11-22-2022,147.05,53.80,HOLD,1.25,,0.00
11-21-2022,145.24,51.88,HOLD,-1.48,,0.00
11-18-2022,147.42,54.41,HOLD,-0.27,,0.00
11-17-2022,147.82,54.86,HOLD,-1.00,,0.00
11-16-2022,149.32,56.50,HOLD,-3.36,,0.00
11-15-2022,154.51,62.52,HOLD,1.03,,0.00
11-14-2022,152.94,61.37,HOLD,-2.32,,0.00
11-11-2022,156.58,65.73,HOLD,4.63,,0.00
11-10-2022,149.65,60.80,HOLD,8.40,,0.00
11-09-2022,138.05,49.52,HOLD,-2.45,,0.00
11-08-2022,141.51,53.81,HOLD,3.46,,0.00
11-07-2022,136.78,48.10,HOLD,2.59,,0.00
11-04-2022,133.33,43.36,HOLD,3.19,,0.00
11-03-2022,129.21,36.98,HOLD,-1.83,,0.00
11-02-2022,131.62,39.39,HOLD,-4.19,,0.00
11-01-2022,137.37,46.04,HOLD,-0.63,,0.00
10-31-2022,138.24,47.16,HOLD,-1.19,,0.00
10-28-2022,139.91,49.30,HOLD,3.61,,0.00
10-27-2022,135.03,42.20,HOLD,0.22,,0.00
10-26-2022,134.74,41.75,HOLD,-1.65,,0.00
10-25-2022,137.00,44.24,HOLD,3.09,,0.00
10-24-2022,132.90,38.00,HOLD,1.28,,0.00
10-21-2022,131.22,35.24,HOLD,-0.08,,0.00
10-20-2022,131.33,35.34,HOLD,-4.68,,0.00
10-19-2022,137.78,41.46,HOLD,-4.39,,0.00
10-18-2022,144.10,49.21,HOLD,2.26,,0.00
10-17-2022,140.91,44.33,HOLD,1.22,,0.00
10-14-2022,139.21,41.55,HOLD,-2.87,,0.00
10-13-2022,143.33,46.81,HOLD,0.27,,0.00
10-12-2022,142.95,46.23,HOLD,0.01,,0.00
10-11-2022,142.94,46.21,HOLD,1.28,,0.00
10-10-2022,141.14,43.69,HOLD,1.74,,0.00
10-07-2022,138.73,40.21,HOLD,-2.92,,0.00
10-06-2022,142.91,44.66,HOLD,-1.06,,0.00
10-05-2022,144.44,46.40,HOLD,-1.22,,0.00
10-04-2022,146.23,48.46,HOLD,4.12,,0.00
10-03-2022,140.44,40.55,HOLD,4.18,,0.00
09-30-2022,134.81,30.98,HOLD,-2.04,,0.00
09-29-2022,137.62,33.47,HOLD,-3.09,,0.00
09-28-2022,142.01,37.91,HOLD,3.48,,0.00
09-27-2022,137.24,28.33,HOLD,-0.14,,0.00
09-26-2022,137.43,28.49,HOLD,-2.39,,0.00
09-23-2022,140.79,31.46,HOLD,0.44,,0.00
09-22-2022,140.17,30.21,HOLD,-1.64,,0.00
09-21-2022,142.50,32.26,HOLD,-0.27,,0.00
09-20-2022,142.89,32.60,HOLD,-2.97,,0.00
09-19-2022,147.26,36.64,HOLD,1.52,,0.00
09-16-2022,145.06,32.74,HOLD,-0.57,,0.00
09-15-2022,145.89,33.46,HOLD,0.16,,0.00
09-14-2022,145.66,33.08,HOLD,-0.65,,0.00
09-13-2022,146.62,33.83,HOLD,-8.35,,0.00
09-12-2022,159.97,47.80,HOLD,-0.15,,0.00
09-09-2022,160.21,48.13,HOLD,2.84,,0.00
09-08-2022,155.78,41.13,HOLD,0.87,,0.00
09-07-2022,154.43,38.79,HOLD,2.27,,0.00
09-06-2022,151.00,32.46,HOLD,-1.75,,0.00
09-02-2022,153.69,35.11,HOLD,-0.95,,0.00
09-01-2022,155.17,36.63,HOLD,-0.91,,0.00
08-31-2022,156.60,38.11,HOLD,-0.76,,0.00
08-30-2022,157.80,39.36,HOLD,0.11,,0.00
08-29-2022,157.63,39.09,HOLD,-1.07,,0.00
08-26-2022,159.33,40.72,HOLD,-5.30,,0.00
08-25-2022,168.25,51.09,HOLD,1.83,,0.00
08-24-2022,165.22,46.82,HOLD,0.09,,0.00
08-23-2022,165.07,46.61,HOLD,0.18,,0.00
08-22-2022,164.77,46.20,HOLD,-2.06,,0.00
08-19-2022,168.24,50.28,HOLD,-2.59,,0.00
08-18-2022,172.71,56.20,HOLD,-0.13,,0.00
08-17-2022,172.94,56.52,HOLD,-1.49,,0.00
08-16-2022,175.56,60.12,HOLD,3.05,,0.00
08-15-2022,170.37,54.83,HOLD,1.84,,0.00
08-12-2022,167.30,51.27,HOLD,0.32,,0.00
08-11-2022,166.76,50.64,HOLD,0.07,,0.00
08-10-2022,166.64,50.51,HOLD,5.00,,0.00
08-09-2022,158.70,40.69,HOLD,-3.72,,0.00
08-08-2022,164.83,47.44,HOLD,-2.15,,0.00
08-05-2022,168.46,52.19,HOLD,0.26,,0.00
08-04-2022,168.02,51.65,HOLD,1.13,,0.00
08-03-2022,166.14,49.35,HOLD,-0.92,,0.00
08-02-2022,167.69,51.21,HOLD,-4.49,,0.00
08-01-2022,175.57,62.29,HOLD,1.56,,0.00
07-29-2022,172.87,59.50,HOLD,-1.62,,0.00
07-28-2022,175.71,64.13,HOLD,3.92,,0.00
07-27-2022,169.09,56.87,HOLD,0.43,,0.00
07-26-2022,168.36,55.95,HOLD,2.25,,0.00
07-25-2022,164.65,51.06,HOLD,-1.86,,0.00
07-22-2022,167.77,55.91,HOLD,-0.46,,0.00
07-21-2022,168.54,57.15,HOLD,0.74,,0.00
07-20-2022,167.31,55.69,HOLD,1.26,,0.00
07-19-2022,165.22,53.17,HOLD,2.42,,0.00
07-18-2022,161.32,48.05,HOLD,1.22,,0.00
07-15-2022,159.38,45.29,HOLD,0.08,,0.00
07-14-2022,159.26,45.12,HOLD,-2.55,,0.00
07-13-2022,163.42,50.06,HOLD,-0.54,,0.00
07-12-2022,164.31,51.17,HOLD,2.59,,0.00
07-11-2022,160.16,45.98,HOLD,-0.40,,0.00
07-08-2022,160.81,46.70,HOLD,-0.89,,0.00
07-07-2022,162.25,48.26,HOLD,1.86,,0.00
07-06-2022,159.29,44.73,HOLD,-0.91,,0.00
07-05-2022,160.75,46.18,HOLD,2.01,,0.00
07-01-2022,157.59,42.45,HOLD,1.76,,0.00
06-30-2022,154.87,39.07,HOLD,-1.82,,0.00
06-29-2022,157.74,41.45,HOLD,-2.04,,0.00
06-28-2022,161.03,44.33,HOLD,-1.74,,0.00
06-27-2022,163.88,46.95,HOLD,-1.48,,0.00
06-24-2022,166.35,49.29,HOLD,1.69,,0.00
06-23-2022,163.58,46.51,HOLD,7.05,,0.00
06-22-2022,152.80,33.30,HOLD,-0.14,,0.00
06-21-2022,153.02,33.45,HOLD,1.17,,0.00
06-17-2022,151.25,31.03,HOLD,2.58,,0.00
06-16-2022,147.45,25.63,BUY,-5.19,,0.00
06-15-2022,155.52,30.31,HOLD,0.10,,0.00
06-14-2022,155.36,30.08,HOLD,-1.66,,0.00
06-13-2022,157.98,31.70,HOLD,-3.88,,0.00
06-10-2022,164.35,36.11,HOLD,-3.67,,0.00
06-09-2022,170.61,41.35,HOLD,0.17,,0.00
06-08-2022,170.32,40.98,HOLD,-1.63,,0.00
06-07-2022,173.15,43.46,HOLD,-1.50,,0.00
06-06-2022,175.78,45.85,HOLD,-0.15,,0.00
06-03-2022,176.04,46.08,HOLD,-2.49,,0.00
06-02-2022,180.53,50.16,HOLD,0.00,,0.00
06-01-2022,180.53,50.16,HOLD,-2.01,,0.00
05-31-2022,184.24,53.54,HOLD,0.78,,0.00
05-27-2022,182.81,52.39,HOLD,2.15,,0.00
05-26-2022,178.96,49.26,HOLD,2.93,,0.00
05-25-2022,173.87,44.80,HOLD,3.55,,0.00
05-24-2022,167.91,38.96,HOLD,-3.43,,0.00
05-23-2022,173.88,43.21,HOLD,0.04,,0.00
05-20-2022,173.81,43.14,HOLD,1.16,,0.00
05-19-2022,171.82,41.30,HOLD,-1.45,,0.00
05-18-2022,174.34,42.94,HOLD,-6.59,,0.00
05-17-2022,186.63,52.32,HOLD,3.15,,0.00
05-16-2022,180.93,47.37,HOLD,-1.11,,0.00
05-13-2022,182.96,49.05,HOLD,0.27,,0.00
05-12-2022,182.46,48.63,HOLD,3.36,,0.00
05-11-2022,176.53,43.53,HOLD,-6.39,,0.00
05-10-2022,188.59,53.58,HOLD,-2.46,,0.00
05-09-2022,193.34,58.52,HOLD,1.18,,0.00
05-06-2022,191.09,56.77,HOLD,0.56,,0.00
05-05-2022,190.03,55.95,HOLD,-4.12,,0.00
05-04-2022,198.19,64.66,HOLD,4.07,,0.00
05-03-2022,190.43,59.03,HOLD,2.79,,0.00
05-02-2022,185.27,54.56,HOLD,2.07,,0.00
04-29-2022,181.52,50.95,HOLD,-2.03,,0.00
04-28-2022,185.28,55.02,HOLD,1.23,,0.00
04-27-2022,183.02,52.92,HOLD,-2.21,,0.00
04-26-2022,187.16,57.49,HOLD,4.63,,0.00
04-25-2022,178.87,49.37,HOLD,2.91,,0.00
04-22-2022,173.82,43.23,HOLD,-2.40,,0.00
04-21-2022,178.10,47.79,HOLD,0.01,,0.00
04-20-2022,178.09,47.78,HOLD,0.87,,0.00
04-19-2022,176.55,46.01,HOLD,3.38,,0.00
04-18-2022,170.78,38.81,HOLD,0.13,,0.00
04-14-2022,170.55,38.51,HOLD,-3.73,,0.00
04-13-2022,177.16,44.38,HOLD,1.47,,0.00
04-12-2022,174.60,41.16,HOLD,-1.04,,0.00
04-11-2022,176.43,42.80,HOLD,2.53,,0.00
04-08-2022,172.08,37.26,HOLD,2.04,,0.00
04-07-2022,168.64,32.44,HOLD,0.42,,0.00
04-06-2022,167.93,31.44,HOLD,-2.81,,0.00
04-05-2022,172.78,34.72,HOLD,-1.32,,0.00
04-04-2022,175.09,36.41,HOLD,1.54,,0.00
04-01-2022,172.44,32.94,HOLD,-0.20,,0.00
03-31-2022,172.78,33.16,HOLD,-4.18,,0.00
03-30-2022,180.32,38.31,HOLD,-3.63,,0.00
03-29-2022,187.11,44.02,HOLD,2.53,,0.00
03-28-2022,182.50,38.21,HOLD,0.62,,0.00
03-25-2022,181.38,36.73,HOLD,-0.77,,0.00
03-24-2022,182.79,37.79,HOLD,-0.01,,0.00
03-23-2022,182.81,37.80,HOLD,-3.19,,0.00
03-22-2022,188.84,42.31,HOLD,1.09,,0.00
03-21-2022,186.80,40.06,HOLD,-4.07,,0.00
03-18-2022,194.72,46.59,HOLD,-0.38,,0.00
03-17-2022,195.46,47.26,HOLD,0.97,,0.00
03-16-2022,193.58,45.42,HOLD,1.84,,0.00
03-15-2022,190.09,41.91,HOLD,2.10,,0.00
03-14-2022,186.18,37.75,HOLD,0.42,,0.00
03-11-2022,185.40,36.91,HOLD,-1.44,,0.00
03-10-2022,188.11,38.58,HOLD,-4.22,,0.00
03-09-2022,196.40,44.29,HOLD,2.03,,0.00
03-08-2022,192.49,40.43,HOLD,1.40,,0.00
03-07-2022,189.84,37.72,HOLD,-6.89,,0.00
03-04-2022,203.89,48.62,HOLD,-2.65,,0.00
03-03-2022,209.43,54.38,HOLD,1.40,,0.00
03-02-2022,206.54,51.61,HOLD,2.64,,0.00
03-01-2022,201.23,46.00,HOLD,-0.02,,0.00
02-28-2022,201.27,46.04,HOLD,-1.56,,0.00
02-25-2022,204.45,48.97,HOLD,3.16,,0.00
02-24-2022,198.18,42.23,HOLD,2.07,,0.00
02-23-2022,194.17,37.32,HOLD,-1.84,,0.00
02-22-2022,197.81,40.20,HOLD,-3.29,,0.00
02-18-2022,204.54,46.35,HOLD,-0.19,,0.00
02-17-2022,204.93,46.73,HOLD,-0.70,,0.00
02-16-2022,206.37,48.10,HOLD,0.97,,0.00
02-15-2022,204.38,46.07,HOLD,3.95,,0.00
02-14-2022,196.62,37.20,HOLD,0.49,,0.00
02-11-2022,195.67,36.00,HOLD,-1.96,,0.00
02-10-2022,199.58,38.83,HOLD,-3.22,,0.00
02-09-2022,206.21,44.32,HOLD,2.83,,0.00
02-08-2022,200.53,37.27,HOLD,0.18,,0.00
02-07-2022,200.16,36.78,HOLD,-0.91,,0.00
02-04-2022,202.00,38.14,HOLD,-1.76,,0.00
02-03-2022,205.62,40.90,HOLD,-2.68,,0.00
02-02-2022,211.28,45.71,HOLD,1.34,,0.00
02-01-2022,208.48,42.61,HOLD,-0.81,,0.00
01-31-2022,210.19,44.03,HOLD,2.44,,0.00
01-28-2022,205.19,38.45,HOLD,2.68,,0.00
01-27-2022,199.83,31.66,HOLD,-3.77,,0.00
01-26-2022,207.65,37.22,HOLD,-0.22,,0.00
01-25-2022,208.11,37.58,HOLD,0.44,,0.00
01-24-2022,207.20,36.45,HOLD,2.82,,0.00
01-21-2022,201.52,28.99,HOLD,0.06,,0.00
01-20-2022,201.40,28.83,HOLD,-2.64,,0.00
01-19-2022,206.87,31.95,HOLD,-1.37,,0.00
01-18-2022,209.75,33.73,HOLD,-3.35,,0.00
01-14-2022,217.02,38.82,HOLD,-4.30,,0.00
01-13-2022,226.77,47.79,HOLD,0.67,,0.00
01-12-2022,225.26,45.99,HOLD,-0.90,,0.00
01-11-2022,227.30,48.07,HOLD,2.18,,0.00
01-10-2022,222.45,42.33,HOLD,-2.02,,0.00
01-07-2022,227.04,46.88,HOLD,-2.87,,0.00
01-06-2022,233.75,54.89,HOLD,-0.80,,0.00
01-05-2022,235.64,57.46,HOLD,-1.60,,0.00
01-04-2022,239.47,63.00,HOLD,2.91,,0.00
01-03-2022,232.70,56.04,HOLD,-0.84,,0.00
12-31-2021,234.66,59.03,HOLD,0.89,,0.00
12-30-2021,232.58,56.75,HOLD,-0.21,,0.00
12-29-2021,233.08,57.46,HOLD,1.02,,0.00
12-28-2021,230.73,55.00,HOLD,0.05,,0.00
12-27-2021,230.62,54.89,HOLD,1.47,,0.00
12-23-2021,227.27,51.43,HOLD,1.31,,0.00
12-22-2021,224.33,48.19,HOLD,1.33,,0.00
12-21-2021,221.38,44.75,HOLD,0.55,,0.00
12-20-2021,220.17,43.32,HOLD,-4.42,,0.00
12-17-2021,230.36,54.33,HOLD,-3.32,,0.00
12-16-2021,238.28,66.52,HOLD,0.18,,0.00
12-15-2021,237.86,66.15,HOLD,2.52,,0.00
12-14-2021,232.02,60.44,HOLD,1.67,,0.00
12-13-2021,228.20,55.92,HOLD,-0.80,,0.00
12-10-2021,230.03,58.91,HOLD,1.77,,0.00
12-09-2021,226.04,53.92,HOLD,-0.84,,0.00
12-08-2021,227.95,57.00,HOLD,-0.72,,0.00
12-07-2021,229.61,59.75,HOLD,0.66,,0.00
12-06-2021,228.11,58.05,HOLD,2.27,,0.00
12-03-2021,223.04,51.65,HOLD,0.47,,0.00
12-02-2021,222.00,50.20,HOLD,2.60,,0.00
12-01-2021,216.38,41.38,HOLD,-0.62,,0.00
11-30-2021,217.74,43.10,HOLD,-2.26,,0.00
11-29-2021,222.78,50.26,HOLD,-1.42,,0.00
11-26-2021,226.00,55.75,HOLD,-2.27,,0.00
11-24-2021,231.26,66.84,HOLD,-0.00,,0.00
11-23-2021,231.27,66.87,HOLD,0.28,,0.00
11-22-2021,230.62,66.15,HOLD,0.58,,0.00
11-19-2021,229.29,64.70,HOLD,-0.14,,0.00
11-18-2021,229.61,65.32,HOLD,-1.42,,0.00
11-17-2021,232.92,72.02,HOLD,-0.98,,0.00
11-16-2021,235.22,77.12,SELL,0.32,,0.00
11-15-2021,234.48,76.62,SELL,0.99,,0.00
11-12-2021,232.17,75.06,SELL,3.19,,0.00
11-11-2021,225.00,69.11,HOLD,1.76,,0.00
11-10-2021,221.11,64.89,HOLD,0.02,,0.00
11-09-2021,221.06,64.83,HOLD,1.13,,0.00
11-08-2021,218.60,61.99,HOLD,0.21,,0.00
11-05-2021,218.14,61.45,HOLD,-0.02,,0.00
11-04-2021,218.18,61.52,HOLD,0.05,,0.00
11-03-2021,218.07,61.41,HOLD,1.22,,0.00
11-02-2021,215.45,58.73,HOLD,0.46,,0.00
11-01-2021,214.46,57.70,HOLD,1.72,,0.00
10-29-2021,210.83,53.76,HOLD,0.31,,0.00
10-28-2021,210.18,53.03,HOLD,4.00,,0.00
10-27-2021,202.10,42.61,HOLD,-1.89,,0.00
10-26-2021,206.00,47.32,HOLD,-1.14,,0.00
10-25-2021,208.37,50.46,HOLD,-2.38,,0.00
10-22-2021,213.44,58.13,HOLD,2.66,,0.00
10-21-2021,207.90,50.49,HOLD,-0.64,,0.00
10-20-2021,209.24,52.65,HOLD,1.75,,0.00
10-19-2021,205.64,47.00,HOLD,-0.48,,0.00
10-18-2021,206.63,48.48,HOLD,-0.04,,0.00
10-15-2021,206.72,48.61,HOLD,0.99,,0.00
10-14-2021,204.69,45.58,HOLD,3.25,,0.00
10-13-2021,198.25,34.15,HOLD,-0.72,,0.00
10-12-2021,199.68,35.70,HOLD,0.62,,0.00
10-11-2021,198.44,33.26,HOLD,-0.17,,0.00
10-08-2021,198.77,33.58,HOLD,-3.01,,0.00
10-07-2021,204.94,40.16,HOLD,1.94,,0.00
10-06-2021,201.03,32.36,HOLD,-1.43,,0.00
10-05-2021,203.95,35.57,HOLD,-0.67,,0.00
10-04-2021,205.33,37.19,HOLD,0.06,,0.00
10-01-2021,205.21,36.96,HOLD,0.66,,0.00
09-30-2021,203.86,34.43,HOLD,-3.67,,0.00
09-29-2021,211.63,43.84,HOLD,0.53,,0.00
09-28-2021,210.51,41.70,HOLD,-0.76,,0.00
09-27-2021,212.13,43.94,HOLD,0.94,,0.00
09-24-2021,210.16,40.32,HOLD,0.55,,0.00
09-23-2021,209.02,38.18,HOLD,0.80,,0.00
09-22-2021,207.37,35.04,HOLD,0.84,,0.00
09-21-2021,205.65,31.68,HOLD,-1.63,,0.00
09-20-2021,209.05,35.00,HOLD,-0.75,,0.00
09-17-2021,210.63,36.66,HOLD,-0.97,,0.00
09-16-2021,212.69,38.89,HOLD,-2.11,,0.00
09-15-2021,217.27,44.48,HOLD,0.48,,0.00
09-14-2021,216.24,42.76,HOLD,-1.11,,0.00
09-13-2021,218.67,45.87,HOLD,1.36,,0.00
09-10-2021,215.74,41.07,HOLD,-0.69,,0.00
09-09-2021,217.24,42.88,HOLD,0.51,,0.00
09-08-2021,216.13,41.10,HOLD,-0.61,,0.00
09-07-2021,217.45,42.56,HOLD,-3.73,,0.00
09-03-2021,225.87,53.94,HOLD,-0.25,,0.00
09-02-2021,226.43,54.85,HOLD,1.21,,0.00
09-01-2021,223.72,51.16,HOLD,0.99,,0.00
08-31-2021,221.53,47.98,HOLD,-1.07,,0.00
08-30-2021,223.92,51.37,HOLD,-0.89,,0.00
08-27-2021,225.94,54.39,HOLD,2.19,,0.00
08-26-2021,221.10,47.53,HOLD,-1.24,,0.00
08-25-2021,223.87,51.66,HOLD,1.24,,0.00
08-24-2021,221.12,47.45,HOLD,0.40,,0.00
08-23-2021,220.23,46.04,HOLD,-0.44,,0.00
08-20-2021,221.20,47.33,HOLD,0.84,,0.00
08-19-2021,219.35,44.58,HOLD,-0.42,,0.00
08-18-2021,220.28,45.69,HOLD,-1.60,,0.00
08-17-2021,223.87,50.18,HOLD,-3.86,,0.00
08-16-2021,232.86,65.01,HOLD,0.15,,0.00
08-13-2021,232.50,64.62,HOLD,0.74,,0.00
08-12-2021,230.79,62.80,HOLD,0.54,,0.00
08-11-2021,229.54,61.45,HOLD,2.91,,0.00
08-10-2021,223.06,53.29,HOLD,1.07,,0.00
08-09-2021,220.70,49.70,HOLD,0.07,,0.00
08-06-2021,220.55,49.47,HOLD,-0.57,,0.00
08-05-2021,221.82,51.31,HOLD,0.50,,0.00
08-04-2021,220.72,49.81,HOLD,-1.88,,0.00
08-03-2021,224.95,55.98,HOLD,1.53,,0.00
08-02-2021,221.56,51.51,HOLD,0.01,,0.00
07-30-2021,221.54,51.48,HOLD,-1.31,,0.00
07-29-2021,224.49,55.73,HOLD,2.09,,0.00
07-28-2021,219.89,49.72,HOLD,0.21,,0.00
07-27-2021,219.43,49.08,HOLD,-0.34,,0.00
07-26-2021,220.17,50.03,HOLD,0.30,,0.00
07-23-2021,219.52,49.23,HOLD,2.25,,0.00
07-22-2021,214.68,42.86,HOLD,-1.18,,0.00
07-21-2021,217.25,45.69,HOLD,1.91,,0.00
07-20-2021,213.18,39.86,HOLD,0.37,,0.00
07-19-2021,212.39,38.67,HOLD,-3.40,,0.00
07-16-2021,219.86,46.77,HOLD,-1.39,,0.00
07-15-2021,222.95,50.86,HOLD,0.73,,0.00
07-14-2021,221.33,48.67,HOLD,1.18,,0.00
07-13-2021,218.74,45.05,HOLD,-2.78,,0.00
07-12-2021,224.99,53.52,HOLD,-0.01,,0.00
07-09-2021,225.02,53.57,HOLD,2.36,,0.00
07-08-2021,219.84,46.35,HOLD,-1.10,,0.00
07-07-2021,222.28,49.73,HOLD,2.32,,0.00
07-06-2021,217.25,41.57,HOLD,-2.36,,0.00
07-02-2021,222.49,49.31,HOLD,1.34,,0.00
07-01-2021,219.54,43.84,HOLD,0.70,,0.00
06-30-2021,218.02,40.78,HOLD,0.12,,0.00
06-29-2021,217.75,40.24,HOLD,0.98,,0.00
06-28-2021,215.64,36.04,HOLD,-0.20,,0.00
06-25-2021,216.07,36.52,HOLD,0.61,,0.00
06-24-2021,214.75,33.98,HOLD,0.12,,0.00
06-23-2021,214.50,33.51,HOLD,-0.51,,0.00
06-22-2021,215.60,34.51,HOLD,0.50,,0.00
06-21-2021,214.52,32.68,HOLD,1.87,,0.00
06-18-2021,210.58,25.64,BUY,-0.32,,0.00
06-17-2021,211.26,26.07,BUY,-1.73,,0.00
06-16-2021,214.98,28.55,HOLD,-2.77,,0.00
06-15-2021,221.11,33.40,HOLD,0.00,,0.00
06-14-2021,221.10,33.38,HOLD,-2.14,,0.00
06-11-2021,225.93,37.73,HOLD,1.47,,0.00
06-10-2021,222.65,32.15,HOLD,-3.15,,0.00
06-09-2021,229.90,39.40,HOLD,-1.33,,0.00
06-08-2021,232.99,43.26,HOLD,-1.19,,0.00
06-07-2021,235.79,47.15,HOLD,0.96,,0.00
06-04-2021,233.54,43.35,HOLD,-0.18,,0.00
06-03-2021,233.96,43.90,HOLD,-1.19,,0.00
06-02-2021,236.78,47.64,HOLD,-0.44,,0.00
06-01-2021,237.83,49.09,HOLD,0.31,,0.00
05-28-2021,237.09,48.06,HOLD,-1.77,,0.00
05-27-2021,241.36,53.92,HOLD,1.65,,0.00
05-26-2021,237.45,48.59,HOLD,0.40,,0.00
05-25-2021,236.50,47.21,HOLD,0.64,,0.00
05-24-2021,235.00,45.05,HOLD,-0.79,,0.00
05-21-2021,236.86,47.28,HOLD,-0.06,,0.00
05-20-2021,237.00,47.44,HOLD,-0.81,,0.00
05-19-2021,238.93,49.64,HOLD,-0.66,,0.00
05-18-2021,240.51,51.46,HOLD,-2.04,,0.00
05-17-2021,245.52,57.68,HOLD,-0.49,,0.00
05-14-2021,246.72,59.28,HOLD,0.21,,0.00
05-13-2021,246.20,58.82,HOLD,2.58,,0.00
05-12-2021,240.00,52.97,HOLD,-2.52,,0.00
05-11-2021,246.21,61.04,HOLD,-2.22,,0.00
05-10-2021,251.80,69.94,HOLD,-0.45,,0.00
05-07-2021,252.95,71.95,HOLD,1.09,,0.00
05-06-2021,250.22,70.06,HOLD,1.37,,0.00
05-05-2021,246.85,67.55,HOLD,1.32,,0.00
05-04-2021,243.64,64.95,HOLD,1.12,,0.00
05-03-2021,240.95,62.62,HOLD,1.90,,0.00
04-30-2021,236.45,58.31,HOLD,-0.78,,0.00
04-29-2021,238.32,61.02,HOLD,1.22,,0.00
04-28-2021,235.45,58.26,HOLD,-1.63,,0.00
04-27-2021,239.36,64.00,HOLD,1.37,,0.00
04-26-2021,236.12,61.05,HOLD,-1.18,,0.00
04-23-2021,238.94,65.39,HOLD,2.47,,0.00
04-22-2021,233.19,60.01,HOLD,-0.64,,0.00
04-21-2021,234.70,62.37,HOLD,-0.74,,0.00
04-20-2021,236.45,65.13,HOLD,0.50,,0.00
04-19-2021,235.27,64.14,HOLD,0.20,,0.00
04-16-2021,234.81,63.77,HOLD,1.70,,0.00
04-15-2021,230.89,60.50,HOLD,-0.47,,0.00
04-14-2021,231.97,61.93,HOLD,-0.74,,0.00
04-13-2021,233.70,64.18,HOLD,-1.61,,0.00
04-12-2021,237.52,69.35,HOLD,0.22,,0.00
04-09-2021,236.99,69.03,HOLD,1.30,,0.00
04-08-2021,233.95,67.19,HOLD,1.55,,0.00
04-07-2021,230.37,64.93,HOLD,-1.71,,0.00
04-06-2021,234.37,69.94,HOLD,0.37,,0.00
04-05-2021,233.51,69.47,HOLD,3.64,,0.00
04-01-2021,225.30,64.55,HOLD,2.25,,0.00
03-31-2021,220.35,61.03,HOLD,0.05,,0.00
03-30-2021,220.24,60.95,HOLD,1.56,,0.00
03-29-2021,216.85,58.52,HOLD,-2.80,,0.00
03-26-2021,223.09,65.50,HOLD,3.23,,0.00
03-25-2021,216.12,60.63,HOLD,2.40,,0.00
03-24-2021,211.06,56.48,HOLD,-1.28,,0.00
03-23-2021,213.79,59.63,HOLD,-3.50,,0.00
03-22-2021,221.55,69.89,HOLD,1.41,,0.00
03-19-2021,218.46,67.85,HOLD,1.50,,0.00
03-18-2021,215.23,65.57,HOLD,-0.49,,0.00
03-17-2021,216.28,67.00,HOLD,1.94,,0.00
03-16-2021,212.17,64.16,HOLD,-0.35,,0.00
03-15-2021,212.92,65.11,HOLD,2.44,,0.00
03-12-2021,207.84,61.53,HOLD,1.09,,0.00
03-11-2021,205.60,59.85,HOLD,0.44,,0.00
03-10-2021,204.69,59.17,HOLD,2.94,,0.00
03-09-2021,198.84,54.62,HOLD,-1.56,,0.00
03-08-2021,201.99,57.84,HOLD,3.45,,0.00
03-05-2021,195.25,52.24,HOLD,4.57,,0.00
03-04-2021,186.72,43.38,HOLD,-2.23,,0.00
03-03-2021,190.98,47.46,HOLD,-1.57,,0.00
03-02-2021,194.02,50.62,HOLD,-1.86,,0.00
03-01-2021,197.70,54.70,HOLD,4.01,,0.00
02-26-2021,190.08,46.38,HOLD,1.04,,0.00
02-25-2021,188.12,43.92,HOLD,-2.79,,0.00
02-24-2021,193.52,49.76,HOLD,0.37,,0.00
02-23-2021,192.81,48.93,HOLD,0.06,,0.00
02-22-2021,192.69,48.80,HOLD,-1.36,,0.00
02-19-2021,195.34,51.55,HOLD,2.32,,0.00
02-18-2021,190.92,46.92,HOLD,-1.57,,0.00
02-17-2021,193.97,49.98,HOLD,-1.14,,0.00
02-16-2021,196.21,52.30,HOLD,-1.86,,0.00
02-12-2021,199.93,56.34,HOLD,1.69,,0.00
02-11-2021,196.60,53.35,HOLD,-0.52,,0.00
02-10-2021,197.63,54.42,HOLD,-0.84,,0.00
02-09-2021,199.30,56.12,HOLD,-0.56,,0.00
02-08-2021,200.43,57.24,HOLD,3.54,,0.00
02-05-2021,193.57,51.81,HOLD,3.02,,0.00
02-04-2021,187.90,46.60,HOLD,-1.67,,0.00
02-03-2021,191.10,49.40,HOLD,0.52,,0.00
02-02-2021,190.11,48.51,HOLD,1.90,,0.00
02-01-2021,186.56,45.31,HOLD,0.79,,0.00
01-29-2021,185.09,43.98,HOLD,-4.89,,0.00
01-28-2021,194.60,51.54,HOLD,-8.38,,0.00
01-27-2021,212.40,73.53,HOLD,2.90,,0.00
01-26-2021,206.42,69.47,HOLD,1.67,,0.00
01-25-2021,203.02,66.78,HOLD,2.43,,0.00
01-22-2021,198.21,62.42,HOLD,1.62,,0.00
01-21-2021,195.05,59.16,HOLD,-0.34,,0.00
01-20-2021,195.71,60.17,HOLD,-1.51,,0.00
01-19-2021,198.71,64.87,HOLD,2.14,,0.00
01-15-2021,194.54,60.93,HOLD,0.87,,0.00
01-14-2021,192.87,59.24,HOLD,0.47,,0.00
01-13-2021,191.97,58.33,HOLD,4.17,,0.00
01-12-2021,184.28,49.41,HOLD,2.28,,0.00
01-11-2021,180.18,43.42,HOLD,0.36,,0.00
01-08-2021,179.54,42.43,HOLD,-1.61,,0.00
01-07-2021,182.47,45.83,HOLD,2.16,,0.00
01-06-2021,178.62,39.95,HOLD,-0.06,,0.00
01-05-2021,178.73,40.07,HOLD,1.03,,0.00
01-04-2021,176.90,37.27,HOLD,-1.99,,0.00
12-31-2020,180.49,40.74,HOLD,-2.12,,0.00
12-30-2020,184.39,44.95,HOLD,0.65,,0.00
12-29-2020,183.20,43.29,HOLD,-1.07,,0.00
12-28-2020,185.19,45.42,HOLD,-4.15,,0.00
12-24-2020,193.20,55.66,HOLD,1.93,,0.00
12-23-2020,189.55,50.99,HOLD,0.94,,0.00
12-22-2020,187.79,48.56,HOLD,0.63,,0.00
12-21-2020,186.62,46.93,HOLD,-0.93,,0.00
12-18-2020,188.37,49.09,HOLD,-1.25,,0.00
12-17-2020,190.75,52.10,HOLD,1.96,,0.00
12-16-2020,187.09,47.50,HOLD,-0.82,,0.00
12-15-2020,188.63,49.35,HOLD,2.50,,0.00
12-14-2020,184.03,43.20,HOLD,0.05,,0.00
12-11-2020,183.93,43.06,HOLD,0.83,,0.00
12-10-2020,182.41,41.01,HOLD,-1.42,,0.00
12-09-2020,185.04,43.52,HOLD,-0.06,,0.00
12-08-2020,185.15,43.63,HOLD,-1.96,,0.00
12-07-2020,188.85,47.14,HOLD,2.60,,0.00
12-04-2020,184.07,41.49,HOLD,-1.51,,0.00
12-03-2020,186.89,44.07,HOLD,1.69,,0.00
12-02-2020,183.78,40.26,HOLD,-5.17,,0.00
12-01-2020,193.80,50.56,HOLD,-0.42,,0.00
11-30-2020,194.61,51.55,HOLD,-3.16,,0.00
11-27-2020,200.96,60.11,HOLD,0.42,,0.00
11-25-2020,200.12,59.28,HOLD,-0.05,,0.00
11-24-2020,200.22,59.42,HOLD,0.78,,0.00
11-23-2020,198.68,58.03,HOLD,2.99,,0.00
11-20-2020,192.91,52.38,HOLD,0.18,,0.00
11-19-2020,192.56,52.01,HOLD,-0.83,,0.00
11-18-2020,194.17,53.77,HOLD,1.62,,0.00
11-17-2020,191.07,50.80,HOLD,1.31,,0.00
11-16-2020,188.60,48.34,HOLD,-0.07,,0.00
11-13-2020,188.73,48.46,HOLD,2.60,,0.00
11-12-2020,183.94,43.75,HOLD,-0.64,,0.00
11-11-2020,185.13,44.70,HOLD,1.14,,0.00
11-10-2020,183.05,42.69,HOLD,1.31,,0.00
11-09-2020,180.69,40.42,HOLD,-10.39,,0.00
11-06-2020,201.64,60.04,HOLD,1.45,,0.00
11-05-2020,198.76,57.40,HOLD,2.24,,0.00
11-04-2020,194.40,53.04,HOLD,-1.70,,0.00
11-03-2020,197.77,57.25,HOLD,2.62,,0.00
11-02-2020,192.73,51.96,HOLD,4.20,,0.00
10-30-2020,184.96,41.62,HOLD,-0.76,,0.00
10-29-2020,186.38,43.20,HOLD,-1.09,,0.00
10-28-2020,188.44,45.52,HOLD,-3.77,,0.00
10-27-2020,195.82,55.45,HOLD,0.91,,0.00
10-26-2020,194.06,53.19,HOLD,-2.04,,0.00
10-23-2020,198.11,59.66,HOLD,2.22,,0.00
10-22-2020,193.80,54.15,HOLD,-1.54,,0.00
10-21-2020,196.83,59.45,HOLD,-1.55,,0.00
10-20-2020,199.93,65.54,HOLD,0.53,,0.00
10-19-2020,198.88,64.40,HOLD,-1.33,,0.00
10-16-2020,201.57,69.94,HOLD,-0.21,,0.00
10-15-2020,202.00,70.85,HOLD,-0.70,,0.00
10-14-2020,203.43,73.80,HOLD,1.02,,0.00
10-13-2020,201.37,72.25,HOLD,0.23,,0.00
10-12-2020,200.91,71.91,HOLD,-0.24,,0.00
10-09-2020,201.40,72.80,HOLD,0.60,,0.00
10-08-2020,200.19,72.00,HOLD,2.06,,0.00
10-07-2020,196.15,69.21,HOLD,2.90,,0.00
10-06-2020,190.62,64.74,HOLD,-1.23,,0.00
10-05-2020,192.99,68.71,HOLD,4.77,,0.00
10-02-2020,184.21,60.33,HOLD,0.56,,0.00
10-01-2020,183.19,59.16,HOLD,-0.38,,0.00
09-30-2020,183.89,60.30,HOLD,1.74,,0.00
09-29-2020,180.75,56.83,HOLD,-2.30,,0.00
09-28-2020,185.00,63.84,HOLD,3.87,,0.00
09-25-2020,178.11,55.59,HOLD,1.51,,0.00
09-24-2020,175.46,51.64,HOLD,-0.16,,0.00
09-23-2020,175.74,52.10,HOLD,-2.20,,0.00
09-22-2020,179.69,58.87,HOLD,1.09,,0.00
09-21-2020,177.75,56.28,HOLD,2.00,,0.00
09-18-2020,174.27,51.15,HOLD,-1.40,,0.00
09-17-2020,176.74,55.44,HOLD,-1.58,,0.00
09-16-2020,179.57,60.87,HOLD,0.67,,0.00
09-15-2020,178.37,59.30,HOLD,0.32,,0.00
09-14-2020,177.80,58.56,HOLD,2.89,,0.00
09-11-2020,172.80,51.44,HOLD,1.97,,0.00
09-10-2020,169.46,45.64,HOLD,-1.37,,0.00
09-09-2020,171.82,49.52,HOLD,2.08,,0.00
09-08-2020,168.32,42.83,HOLD,0.19,,0.00
09-04-2020,168.00,42.18,HOLD,-2.08,,0.00
09-03-2020,171.56,47.80,HOLD,-4.40,,0.00
09-02-2020,179.46,65.89,HOLD,0.67,,0.00
09-01-2020,178.27,63.99,HOLD,0.31,,0.00
08-31-2020,177.72,63.10,HOLD,-0.65,,0.00
08-28-2020,178.88,66.29,HOLD,0.59,,0.00
08-27-2020,177.83,64.80,HOLD,-1.17,,0.00
08-26-2020,179.94,70.65,HOLD,-0.33,,0.00
08-25-2020,180.53,72.35,HOLD,-0.47,,0.00
08-24-2020,181.38,74.75,SELL,0.33,,0.00
08-21-2020,180.78,74.19,SELL,-1.17,,0.00
08-20-2020,182.92,80.09,SELL,-0.79,,0.00
08-19-2020,184.37,84.31,SELL,1.30,,0.00
08-18-2020,182.00,82.95,SELL,0.03,,0.00
08-17-2020,181.94,82.92,SELL,0.56,,0.00
08-14-2020,180.93,82.35,SELL,1.38,,0.00
08-13-2020,178.46,80.92,SELL,-0.07,,0.00
08-12-2020,178.58,81.22,SELL,1.28,,0.00
08-11-2020,176.33,79.93,SELL,-0.36,,0.00
08-10-2020,176.97,81.40,SELL,2.18,,0.00
08-07-2020,173.20,79.32,SELL,0.77,,0.00
08-06-2020,171.88,78.54,SELL,-1.08,,0.00
08-05-2020,173.75,82.64,SELL,3.74,,0.00
08-04-2020,167.49,79.28,SELL,1.75,,0.00
08-03-2020,164.61,77.41,SELL,0.91,,0.00
07-31-2020,163.12,76.38,SELL,0.07,,0.00
07-30-2020,163.01,76.31,SELL,0.27,,0.00
07-29-2020,162.57,76.03,SELL,-0.04,,0.00
07-28-2020,162.64,76.16,SELL,-1.86,,0.00
07-27-2020,165.72,81.97,SELL,4.92,,0.00
07-24-2020,157.95,78.05,SELL,-0.43,,0.00
07-23-2020,158.63,79.45,SELL,7.99,,0.00
07-22-2020,146.89,71.13,HOLD,2.18,,0.00
07-21-2020,143.76,67.90,HOLD,0.49,,0.00
07-20-2020,143.06,67.14,HOLD,0.35,,0.00
07-17-2020,142.56,66.62,HOLD,-1.21,,0.00
07-16-2020,144.31,70.27,HOLD,0.82,,0.00
07-15-2020,143.14,69.22,HOLD,2.99,,0.00
07-14-2020,138.98,65.17,HOLD,1.85,,0.00
07-13-2020,136.46,62.39,HOLD,0.60,,0.00
07-10-2020,135.64,61.46,HOLD,1.85,,0.00
07-09-2020,133.17,58.60,HOLD,-2.08,,0.00
07-08-2020,136.00,63.63,HOLD,1.75,,0.00
07-07-2020,133.66,61.06,HOLD,0.14,,0.00
07-06-2020,133.47,60.85,HOLD,3.32,,0.00
07-02-2020,129.18,55.91,HOLD,1.68,,0.00
07-01-2020,127.04,53.16,HOLD,-1.92,,0.00
06-30-2020,129.53,56.99,HOLD,1.87,,0.00
06-29-2020,127.15,54.06,HOLD,3.54,,0.00
06-26-2020,122.80,48.04,HOLD,-1.21,,0.00
06-25-2020,124.30,50.14,HOLD,0.66,,0.00
06-24-2020,123.49,49.02,HOLD,-3.17,,0.00
06-23-2020,127.53,54.71,HOLD,1.39,,0.00
06-22-2020,125.78,52.49,HOLD,-1.03,,0.00
06-19-2020,127.09,54.34,HOLD,0.36,,0.00
06-18-2020,126.63,53.81,HOLD,0.31,,0.00
06-17-2020,126.24,53.38,HOLD,-0.06,,0.00
06-16-2020,126.32,53.48,HOLD,0.57,,0.00
06-15-2020,125.60,52.78,HOLD,2.87,,0.00
06-12-2020,122.10,49.37,HOLD,-0.31,,0.00
06-11-2020,122.48,49.73,HOLD,-9.02,,0.00
06-10-2020,134.63,63.60,HOLD,-1.74,,0.00
06-09-2020,137.01,67.01,HOLD,-2.75,,0.00
06-08-2020,140.89,72.91,HOLD,2.95,,0.00
06-05-2020,136.85,70.38,HOLD,1.45,,0.00
06-04-2020,134.89,69.09,HOLD,3.63,,0.00
06-03-2020,130.17,65.73,HOLD,1.59,,0.00
06-02-2020,128.13,64.18,HOLD,3.52,,0.00
06-01-2020,123.77,60.62,HOLD,1.60,,0.00
05-29-2020,121.82,58.92,HOLD,0.12,,0.00
05-28-2020,121.67,58.80,HOLD,-5.82,,0.00
05-27-2020,129.19,68.65,HOLD,2.90,,0.00
05-26-2020,125.55,66.09,HOLD,4.89,,0.00
05-22-2020,119.70,61.40,HOLD,0.59,,0.00
05-21-2020,119.00,60.80,HOLD,0.12,,0.00
05-20-2020,118.86,60.69,HOLD,0.32,,0.00
05-19-2020,118.48,60.40,HOLD,-0.09,,0.00
05-18-2020,118.59,60.52,HOLD,9.00,,0.00
05-15-2020,108.80,52.76,HOLD,0.78,,0.00
05-14-2020,107.96,52.01,HOLD,4.06,,0.00
05-13-2020,103.75,48.17,HOLD,-1.89,,0.00
05-12-2020,105.75,49.93,HOLD,-2.69,,0.00
05-11-2020,108.67,52.53,HOLD,-3.49,,0.00
05-08-2020,112.60,56.20,HOLD,5.33,,0.00
05-07-2020,106.90,51.66,HOLD,-0.21,,0.00
05-06-2020,107.13,51.86,HOLD,-1.95,,0.00
05-05-2020,109.26,53.66,HOLD,3.06,,0.00
05-04-2020,106.02,51.27,HOLD,-5.50,,0.00
05-01-2020,112.19,56.41,HOLD,0.40,,0.00
04-30-2020,111.74,56.11,HOLD,-8.78,,0.00
04-29-2020,122.50,66.15,HOLD,7.60,,0.00
04-28-2020,113.85,60.93,HOLD,4.28,,0.00
04-27-2020,109.18,57.66,HOLD,4.40,,0.00
04-24-2020,104.58,54.15,HOLD,2.28,,0.00
04-23-2020,102.25,52.29,HOLD,2.92,,0.00
04-22-2020,99.35,49.94,HOLD,1.19,,0.00
04-21-2020,98.18,49.00,HOLD,-1.82,,0.00
04-20-2020,100.00,50.37,HOLD,-5.06,,0.00
04-17-2020,105.33,54.50,HOLD,8.99,,0.00
04-16-2020,96.64,48.05,HOLD,-3.25,,0.00
04-15-2020,99.89,50.54,HOLD,-3.50,,0.00
04-14-2020,103.51,53.40,HOLD,2.84,,0.00
04-13-2020,100.65,51.38,HOLD,-3.91,,0.00
04-09-2020,104.75,54.52,HOLD,5.09,,0.00
04-08-2020,99.68,51.08,HOLD,5.03,,0.00
04-07-2020,94.91,47.62,HOLD,2.62,,0.00
04-06-2020,92.49,45.82,HOLD,11.92,,0.00
04-03-2020,82.64,37.70,HOLD,1.24,,0.00
04-02-2020,81.63,36.80,HOLD,1.28,,0.00
04-01-2020,80.60,35.93,HOLD,-6.06,,0.00
03-31-2020,85.80,38.43,HOLD,-2.18,,0.00
03-30-2020,87.71,39.36,HOLD,4.09,,0.00
03-27-2020,84.26,36.78,HOLD,1.27,,0.00
03-26-2020,83.20,36.01,HOLD,0.98,,0.00
03-25-2020,82.39,35.44,HOLD,-0.99,,0.00
03-24-2020,83.21,35.74,HOLD,29.57,,0.00
03-23-2020,64.22,21.70,BUY,-13.74,,0.00
03-20-2020,74.45,24.36,BUY,-9.83,,0.00
03-19-2020,82.57,26.78,BUY,-7.20,,0.00
03-18-2020,88.98,28.89,HOLD,-8.62,,0.00
03-17-2020,97.37,31.94,HOLD,4.94,,0.00
03-16-2020,92.79,28.09,HOLD,-19.61,,0.00
03-13-2020,115.43,37.94,HOLD,12.30,,0.00
03-12-2020,102.79,24.15,BUY,-6.97,,0.00
03-11-2020,110.49,27.62,HOLD,-5.86,,0.00
03-10-2020,117.37,31.36,HOLD,4.44,,0.00
03-09-2020,112.38,24.47,BUY,-7.22,,0.00
03-06-2020,121.12,29.25,HOLD,-3.00,,0.00
03-05-2020,124.86,31.71,HOLD,-5.37,,0.00
03-04-2020,131.94,37.21,HOLD,3.18,,0.00
03-03-2020,127.87,30.80,HOLD,-4.48,,0.00
03-02-2020,133.87,35.80,HOLD,4.70,,0.00
02-28-2020,127.86,24.39,BUY,-2.73,,0.00
02-27-2020,131.45,27.06,HOLD,-4.27,,0.00
02-26-2020,137.31,32.43,HOLD,0.12,,0.00
02-25-2020,137.15,32.09,HOLD,-2.57,,0.00
02-24-2020,140.77,35.91,HOLD,-4.36,,0.00
02-21-2020,147.19,44.67,HOLD,-1.27,,0.00
02-20-2020,149.08,47.86,HOLD,1.26,,0.00
02-19-2020,147.22,44.22,HOLD,-0.58,,0.00
02-18-2020,148.08,45.59,HOLD,-2.68,,0.00
02-14-2020,152.16,52.77,HOLD,0.09,,0.00
02-13-2020,152.03,52.55,HOLD,-0.31,,0.00
02-12-2020,152.50,53.39,HOLD,0.34,,0.00
02-11-2020,151.98,52.61,HOLD,1.72,,0.00
02-10-2020,149.41,48.68,HOLD,0.13,,0.00
02-07-2020,149.21,48.37,HOLD,-2.52,,0.00
02-06-2020,153.06,54.21,HOLD,-0.90,,0.00
02-05-2020,154.45,56.50,HOLD,2.86,,0.00
02-04-2020,150.16,50.52,HOLD,2.05,,0.00
02-03-2020,147.15,45.64,HOLD,0.67,,0.00
01-31-2020,146.17,43.97,HOLD,-4.33,,0.00
01-30-2020,152.79,54.46,HOLD,-0.85,,0.00
01-29-2020,154.10,56.96,HOLD,-1.64,,0.00
01-28-2020,156.67,62.14,HOLD,5.69,,0.00
01-27-2020,148.23,47.58,HOLD,-0.80,,0.00
01-24-2020,149.42,50.11,HOLD,-0.86,,0.00
01-23-2020,150.72,52.95,HOLD,2.75,,0.00
01-22-2020,146.69,43.75,HOLD,-3.11,,0.00
01-21-2020,151.40,55.54,HOLD,-0.81,,0.00
01-17-2020,152.63,59.43,HOLD,-0.99,,0.00
01-16-2020,154.16,64.65,HOLD,0.15,,0.00
01-15-2020,153.93,64.22,HOLD,0.46,,0.00
01-14-2020,153.23,62.91,HOLD,0.29,,0.00
01-13-2020,152.78,62.09,HOLD,2.07,,0.00
01-10-2020,149.68,55.81,HOLD,-0.45,,0.00
01-09-2020,150.36,57.76,HOLD,0.64,,0.00
01-08-2020,149.40,55.74,HOLD,1.40,,0.00
01-07-2020,147.34,51.06,HOLD,0.03,,0.00
01-06-2020,147.29,50.94,HOLD,0.94,,0.00
01-03-2020,145.92,47.77,HOLD,-1.70,,0.00
01-02-2020,148.45,53.73,HOLD,0.62,,0.00
12-31-2019,147.53,51.70,HOLD,0.90,,0.00
12-30-2019,146.22,48.72,HOLD,0.21,,0.00
12-27-2019,145.92,48.03,HOLD,0.50,,0.00
12-26-2019,145.19,46.43,HOLD,0.01,,0.00
12-24-2019,145.18,46.40,HOLD,-0.21,,0.00
12-23-2019,145.48,46.92,HOLD,-1.31,,0.00
12-20-2019,147.41,50.25,HOLD,2.44,,0.00
12-19-2019,143.90,43.47,HOLD,-1.84,,0.00
12-18-2019,146.59,48.14,HOLD,-0.04,,0.00
12-17-2019,146.65,48.25,HOLD,-1.64,,0.00
12-16-2019,149.10,52.70,HOLD,0.46,,0.00
12-13-2019,148.42,51.55,HOLD,-2.06,,0.00
12-12-2019,151.54,57.52,HOLD,3.65,,0.00
12-11-2019,146.20,47.93,HOLD,1.20,,0.00
12-10-2019,144.47,44.14,HOLD,-1.20,,0.00
12-09-2019,146.22,47.38,HOLD,-0.91,,0.00
12-06-2019,147.57,50.01,HOLD,1.84,,0.00
12-05-2019,144.91,44.36,HOLD,2.02,,0.00
12-04-2019,142.04,37.26,HOLD,0.79,,0.00
12-03-2019,140.93,34.24,HOLD,-1.40,,0.00
12-02-2019,142.93,37.24,HOLD,-0.12,,0.00
11-29-2019,143.10,37.50,HOLD,-1.75,,0.00
11-27-2019,145.65,41.52,HOLD,-1.39,,0.00
11-26-2019,147.70,45.13,HOLD,1.16,,0.00
11-25-2019,146.01,41.21,HOLD,1.35,,0.00
11-22-2019,144.07,36.37,HOLD,1.17,,0.00
11-21-2019,142.41,31.92,HOLD,-0.18,,0.00
11-20-2019,142.66,32.24,HOLD,1.19,,0.00
11-19-2019,140.98,27.79,HOLD,-1.52,,0.00
11-18-2019,143.16,30.18,HOLD,-0.83,,0.00
11-15-2019,144.36,31.56,HOLD,-3.74,,0.00
11-14-2019,149.97,39.43,HOLD,-0.21,,0.00
11-13-2019,150.28,39.94,HOLD,-3.24,,0.00
11-12-2019,155.31,49.63,HOLD,-0.40,,0.00
11-11-2019,155.94,51.07,HOLD,0.76,,0.00
11-08-2019,154.77,48.49,HOLD,-0.99,,0.00
11-07-2019,156.31,51.83,HOLD,-0.10,,0.00
11-06-2019,156.46,52.16,HOLD,-0.83,,0.00
11-05-2019,157.77,54.95,HOLD,2.16,,0.00
11-04-2019,154.44,48.43,HOLD,2.91,,0.00
11-01-2019,150.07,37.40,HOLD,-1.35,,0.00
10-31-2019,152.12,41.24,HOLD,-1.70,,0.00
10-30-2019,154.75,47.00,HOLD,-0.47,,0.00
10-29-2019,155.48,48.75,HOLD,0.61,,0.00
10-28-2019,154.54,46.36,HOLD,-3.02,,0.00
10-25-2019,159.36,59.61,HOLD,-0.73,,0.00
10-24-2019,160.53,63.71,HOLD,-1.01,,0.00
10-23-2019,162.16,69.95,HOLD,0.96,,0.00
10-22-2019,160.62,67.12,HOLD,-0.02,,0.00
10-21-2019,160.66,67.28,HOLD,-0.25,,0.00
10-18-2019,161.06,68.72,HOLD,0.56,,0.00
10-17-2019,160.17,67.27,HOLD,0.39,,0.00
10-16-2019,159.54,66.24,HOLD,0.58,,0.00
10-15-2019,158.62,64.73,HOLD,0.09,,0.00
10-14-2019,158.47,64.49,HOLD,0.16,,0.00
10-11-2019,158.22,64.11,HOLD,0.57,,0.00
10-10-2019,157.32,62.78,HOLD,0.79,,0.00
10-09-2019,156.08,60.94,HOLD,0.66,,0.00
10-08-2019,155.05,59.38,HOLD,-1.21,,0.00
10-07-2019,156.95,63.73,HOLD,1.04,,0.00
10-04-2019,155.33,61.50,HOLD,1.44,,0.00
10-03-2019,153.13,58.26,HOLD,0.13,,0.00
10-02-2019,152.93,57.96,HOLD,-1.20,,0.00
10-01-2019,154.79,61.77,HOLD,-2.25,,0.00
09-30-2019,158.36,69.97,HOLD,1.84,,0.00
09-27-2019,155.50,66.68,HOLD,0.43,,0.00
09-26-2019,154.84,65.88,HOLD,2.98,,0.00
09-25-2019,150.36,59.79,HOLD,0.79,,0.00
09-24-2019,149.18,57.95,HOLD,-0.17,,0.00
09-23-2019,149.44,58.50,HOLD,0.57,,0.00
09-20-2019,148.59,57.28,HOLD,0.01,,0.00
09-19-2019,148.57,57.25,HOLD,-0.31,,0.00
09-18-2019,149.03,58.05,HOLD,-2.08,,0.00
09-17-2019,152.20,63.74,HOLD,2.31,,0.00
09-16-2019,148.77,59.78,HOLD,-0.73,,0.00
09-13-2019,149.86,61.77,HOLD,-0.64,,0.00
09-12-2019,150.83,63.52,HOLD,-1.28,,0.00
09-11-2019,152.78,67.06,HOLD,1.43,,0.00
09-10-2019,150.62,65.06,HOLD,1.86,,0.00
09-09-2019,147.87,62.34,HOLD,2.77,,0.00
09-06-2019,143.88,57.95,HOLD,0.64,,0.00
09-05-2019,142.96,56.87,HOLD,3.83,,0.00
09-04-2019,137.68,50.05,HOLD,2.39,,0.00
09-03-2019,134.47,45.16,HOLD,-3.32,,0.00
08-30-2019,139.09,51.96,HOLD,1.14,,0.00
08-29-2019,137.52,49.56,HOLD,0.15,,0.00
08-28-2019,137.32,49.27,HOLD,2.40,,0.00
08-27-2019,134.10,44.32,HOLD,-1.30,,0.00
08-26-2019,135.86,46.62,HOLD,0.97,,0.00
08-23-2019,134.55,44.63,HOLD,-3.40,,0.00
08-22-2019,139.29,51.03,HOLD,-0.62,,0.00
08-21-2019,140.16,52.31,HOLD,2.18,,0.00
08-20-2019,137.17,48.17,HOLD,1.37,,0.00
08-19-2019,135.32,45.44,HOLD,2.69,,0.00
08-16-2019,131.77,39.80,HOLD,2.01,,0.00
08-15-2019,129.17,35.25,HOLD,-0.50,,0.00
08-14-2019,129.82,35.88,HOLD,-4.33,,0.00
08-13-2019,135.70,42.22,HOLD,0.51,,0.00
08-12-2019,135.01,41.08,HOLD,-1.16,,0.00
08-09-2019,136.60,42.88,HOLD,-3.80,,0.00
08-08-2019,141.99,49.75,HOLD,2.50,,0.00
08-07-2019,138.53,44.45,HOLD,1.63,,0.00
08-06-2019,136.31,40.73,HOLD,2.37,,0.00
08-05-2019,133.16,34.99,HOLD,-1.78,,0.00
08-02-2019,135.58,37.58,HOLD,-3.10,,0.00
08-01-2019,139.92,42.88,HOLD,-3.82,,0.00
07-31-2019,145.48,51.52,HOLD,-3.50,,0.00
07-30-2019,150.75,62.64,HOLD,1.17,,0.00
07-29-2019,149.01,59.99,HOLD,0.05,,0.00
07-26-2019,148.94,59.88,HOLD,1.33,,0.00
07-25-2019,146.99,56.93,HOLD,0.29,,0.00
07-24-2019,146.57,56.29,HOLD,2.88,,0.00
07-23-2019,142.47,49.43,HOLD,-3.96,,0.00
07-22-2019,148.35,62.47,HOLD,0.11,,0.00
07-19-2019,148.19,62.22,HOLD,-1.46,,0.00
07-18-2019,150.38,68.02,HOLD,0.79,,0.00
07-17-2019,149.20,66.46,HOLD,0.42,,0.00
07-16-2019,148.57,65.63,HOLD,3.25,,0.00
07-15-2019,143.90,58.53,HOLD,-1.72,,0.00
07-12-2019,146.42,65.28,HOLD,2.66,,0.00
07-11-2019,142.63,58.61,HOLD,0.39,,0.00
07-10-2019,142.08,57.51,HOLD,-0.50,,0.00
07-09-2019,142.80,59.43,HOLD,-1.20,,0.00
07-08-2019,144.53,64.22,HOLD,-0.09,,0.00
07-05-2019,144.66,64.58,HOLD,-1.07,,0.00
07-03-2019,146.23,68.94,HOLD,0.96,,0.00
07-02-2019,144.84,67.12,HOLD,-0.51,,0.00
07-01-2019,145.58,69.13,HOLD,2.26,,0.00
06-28-2019,142.36,64.88,HOLD,0.04,,0.00
06-27-2019,142.31,64.81,HOLD,1.84,,0.00
06-26-2019,139.74,61.11,HOLD,1.56,,0.00
06-25-2019,137.60,57.68,HOLD,-1.78,,0.00
06-24-2019,140.10,63.79,HOLD,-1.11,,0.00
06-21-2019,141.67,67.99,HOLD,0.30,,0.00
06-20-2019,141.24,67.44,HOLD,-0.52,,0.00
06-19-2019,141.98,69.33,HOLD,0.13,,0.00
06-18-2019,141.79,69.13,HOLD,2.70,,0.00
06-17-2019,138.06,64.82,HOLD,1.75,,0.00
06-14-2019,135.68,61.65,HOLD,0.44,,0.00
06-13-2019,135.08,60.82,HOLD,3.77,,0.00
06-12-2019,130.17,53.15,HOLD,-0.11,,0.00
06-11-2019,130.31,53.42,HOLD,0.05,,0.00
06-10-2019,130.24,53.31,HOLD,1.17,,0.00
06-07-2019,128.74,50.94,HOLD,0.44,,0.00
06-06-2019,128.17,50.05,HOLD,2.05,,0.00
06-05-2019,125.59,45.90,HOLD,-0.17,,0.00
06-04-2019,125.81,46.21,HOLD,7.25,,0.00
06-03-2019,117.31,29.48,HOLD,2.12,,0.00
05-31-2019,114.88,23.14,BUY,-4.10,,0.00
05-30-2019,119.79,27.84,HOLD,-0.42,,0.00
05-29-2019,120.30,28.39,HOLD,-1.80,,0.00
05-28-2019,122.50,30.86,HOLD,-1.91,,0.00
05-24-2019,124.89,33.83,HOLD,-0.92,,0.00
05-23-2019,126.05,35.37,HOLD,-3.78,,0.00
05-22-2019,131.00,43.11,HOLD,-1.13,,0.00
05-21-2019,132.50,45.93,HOLD,2.30,,0.00
05-20-2019,129.52,38.49,HOLD,0.69,,0.00
05-17-2019,128.63,36.04,HOLD,-0.99,,0.00
05-16-2019,129.92,38.08,HOLD,-0.58,,0.00
05-15-2019,130.68,39.29,HOLD,1.24,,0.00
05-14-2019,129.08,35.26,HOLD,0.78,,0.00
05-13-2019,128.08,32.66,HOLD,-4.65,,0.00
05-10-2019,134.32,42.55,HOLD,0.37,,0.00
05-09-2019,133.83,41.26,HOLD,-2.30,,0.00
05-08-2019,136.98,47.68,HOLD,-0.56,,0.00
05-07-2019,137.75,49.43,HOLD,-1.59,,0.00
05-06-2019,139.98,54.84,HOLD,-1.74,,0.00
05-03-2019,142.46,61.82,HOLD,0.11,,0.00
05-02-2019,142.31,61.55,HOLD,1.82,,0.00
05-01-2019,139.76,56.61,HOLD,0.68,,0.00
04-30-2019,138.82,54.62,HOLD,0.19,,0.00
04-29-2019,138.56,54.08,HOLD,1.09,,0.00
04-26-2019,137.06,50.94,HOLD,1.50,,0.00
04-25-2019,135.04,46.36,HOLD,-3.00,,0.00
04-24-2019,139.21,56.47,HOLD,-0.51,,0.00
04-23-2019,139.93,58.52,HOLD,0.41,,0.00
04-22-2019,139.36,57.38,HOLD,0.22,,0.00
04-18-2019,139.06,56.80,HOLD,1.59,,0.00
04-17-2019,136.88,52.46,HOLD,-0.34,,0.00
04-16-2019,137.35,53.53,HOLD,0.72,,0.00
04-15-2019,136.37,51.61,HOLD,-2.51,,0.00
04-12-2019,139.88,59.87,HOLD,0.11,,0.00
04-11-2019,139.72,59.59,HOLD,1.96,,0.00
04-10-2019,137.03,54.78,HOLD,1.67,,0.00
04-09-2019,134.78,50.17,HOLD,-2.24,,0.00
04-08-2019,137.87,57.66,HOLD,1.29,,0.00
04-05-2019,136.11,54.03,HOLD,1.22,,0.00
04-04-2019,134.47,50.34,HOLD,1.28,,0.00
04-03-2019,132.77,46.19,HOLD,-1.35,,0.00
04-02-2019,134.59,50.38,HOLD,0.09,,0.00
04-01-2019,134.47,50.10,HOLD,1.19,,0.00
03-29-2019,132.89,46.44,HOLD,0.64,,0.00
03-28-2019,132.05,44.43,HOLD,0.20,,0.00
03-27-2019,131.78,43.80,HOLD,0.63,,0.00
03-26-2019,130.95,41.92,HOLD,1.46,,0.00
03-25-2019,129.07,37.53,HOLD,0.02,,0.00
03-22-2019,129.04,37.46,HOLD,-3.71,,0.00
03-21-2019,134.01,45.27,HOLD,2.69,,0.00
03-20-2019,130.50,36.59,HOLD,-1.29,,0.00
03-19-2019,132.21,39.42,HOLD,-0.83,,0.00
03-18-2019,133.31,41.33,HOLD,0.10,,0.00
03-15-2019,133.18,41.02,HOLD,-4.92,,0.00
03-14-2019,140.07,55.64,HOLD,-0.73,,0.00
03-13-2019,141.10,58.53,HOLD,0.06,,0.00
03-12-2019,141.01,58.35,HOLD,3.23,,0.00
03-11-2019,136.60,48.40,HOLD,-0.69,,0.00
03-08-2019,137.55,50.83,HOLD,0.07,,0.00
03-07-2019,137.46,50.61,HOLD,-1.04,,0.00
03-06-2019,138.91,54.21,HOLD,-2.11,,0.00
03-05-2019,141.91,62.79,HOLD,-0.73,,0.00
03-04-2019,142.95,66.16,HOLD,1.16,,0.00
03-01-2019,141.31,63.27,HOLD,-0.14,,0.00
02-28-2019,141.51,63.89,HOLD,-1.00,,0.00
02-27-2019,142.94,68.32,HOLD,-0.24,,0.00
02-26-2019,143.28,69.38,HOLD,-0.96,,0.00
02-25-2019,144.67,73.72,HOLD,-0.63,,0.00
02-22-2019,145.58,76.64,SELL,1.95,,0.00
02-21-2019,142.80,73.68,HOLD,0.07,,0.00
02-20-2019,142.70,73.57,HOLD,0.81,,0.00
02-19-2019,141.55,72.32,HOLD,1.57,,0.00
02-15-2019,139.36,69.78,HOLD,1.30,,0.00
02-14-2019,137.57,67.52,HOLD,-0.28,,0.00
02-13-2019,137.95,68.53,HOLD,1.11,,0.00
02-12-2019,136.44,66.70,HOLD,2.66,,0.00
02-11-2019,132.91,61.86,HOLD,-0.29,,0.00
02-08-2019,133.29,62.77,HOLD,-0.60,,0.00
02-07-2019,134.09,64.63,HOLD,-0.16,,0.00
02-06-2019,134.31,65.13,HOLD,-0.86,,0.00
02-05-2019,135.47,67.65,HOLD,-0.02,,0.00
02-04-2019,135.50,67.72,HOLD,1.89,,0.00
02-01-2019,132.99,65.20,HOLD,-0.02,,0.00
01-31-2019,133.01,65.23,HOLD,0.65,,0.00
01-30-2019,132.15,64.41,HOLD,-3.18,,0.00
01-29-2019,136.49,72.43,HOLD,9.67,,0.00
01-28-2019,124.46,59.43,HOLD,-0.49,,0.00
01-25-2019,125.07,60.78,HOLD,1.77,,0.00
01-24-2019,122.90,57.60,HOLD,2.56,,0.00
01-23-2019,119.83,52.55,HOLD,-5.06,,0.00
01-22-2019,126.22,68.28,HOLD,-0.66,,0.00
01-18-2019,127.06,70.87,HOLD,1.23,,0.00
01-17-2019,125.52,68.86,HOLD,1.90,,0.00
01-16-2019,123.18,65.49,HOLD,-0.54,,0.00
01-15-2019,123.85,67.43,HOLD,-0.06,,0.00
01-14-2019,123.93,67.65,HOLD,0.68,,0.00
01-11-2019,123.09,66.58,HOLD,0.47,,0.00
01-10-2019,122.51,65.86,HOLD,0.84,,0.00
01-09-2019,121.49,64.60,HOLD,2.33,,0.00
01-08-2019,118.72,60.99,HOLD,2.25,,0.00
01-07-2019,116.11,57.17,HOLD,2.92,,0.00
01-04-2019,112.82,51.62,HOLD,4.89,,0.00
01-03-2019,107.56,40.10,HOLD,-0.33,,0.00
01-02-2019,107.92,40.72,HOLD,0.98,,0.00
12-31-2018,106.87,38.14,HOLD,-0.37,,0.00
12-28-2018,107.27,38.74,HOLD,0.53,,0.00
12-27-2018,106.70,37.45,HOLD,0.65,,0.00
12-26-2018,106.01,35.93,HOLD,4.22,,0.00
12-24-2018,101.72,25.49,BUY,-3.06,,0.00
12-21-2018,104.93,28.75,HOLD,-3.88,,0.00
12-20-2018,109.16,34.07,HOLD,-0.87,,0.00
12-19-2018,110.12,35.45,HOLD,-2.33,,0.00
12-18-2018,112.75,39.53,HOLD,1.15,,0.00
12-17-2018,111.47,36.21,HOLD,-1.53,,0.00
12-14-2018,113.20,38.89,HOLD,-3.40,,0.00
12-13-2018,117.19,46.22,HOLD,-0.15,,0.00
12-12-2018,117.37,46.58,HOLD,1.68,,0.00
12-11-2018,115.43,41.96,HOLD,-1.04,,0.00
12-10-2018,116.64,44.18,HOLD,-3.10,,0.00
12-07-2018,120.37,52.03,HOLD,-0.97,,0.00
12-06-2018,121.55,54.89,HOLD,0.45,,0.00
12-04-2018,121.01,53.81,HOLD,-4.36,,0.00
12-03-2018,126.53,69.66,HOLD,0.32,,0.00
11-30-2018,126.13,69.05,HOLD,-0.21,,0.00
11-29-2018,126.40,69.93,HOLD,0.14,,0.00
11-28-2018,126.22,69.69,HOLD,0.77,,0.00
11-27-2018,125.26,68.44,HOLD,0.30,,0.00
11-26-2018,124.88,67.95,HOLD,3.17,,0.00
11-23-2018,121.04,62.53,HOLD,0.64,,0.00
11-21-2018,120.27,61.32,HOLD,1.26,,0.00
11-20-2018,118.77,58.90,HOLD,0.14,,0.00
11-19-2018,118.60,58.63,HOLD,1.28,,0.00
11-16-2018,117.10,56.26,HOLD,3.38,,0.00
11-15-2018,113.27,49.37,HOLD,-0.59,,0.00
11-14-2018,113.94,50.67,HOLD,-2.57,,0.00
11-13-2018,116.95,56.89,HOLD,1.37,,0.00
11-12-2018,115.37,54.15,HOLD,-0.85,,0.00
11-09-2018,116.36,56.23,HOLD,-0.78,,0.00
11-08-2018,117.28,58.16,HOLD,0.15,,0.00
11-07-2018,117.11,57.91,HOLD,1.03,,0.00
11-06-2018,115.92,56.23,HOLD,-0.21,,0.00
11-05-2018,116.16,56.65,HOLD,0.55,,0.00
11-02-2018,115.53,55.84,HOLD,1.24,,0.00
11-01-2018,114.11,54.03,HOLD,3.96,,0.00
10-31-2018,109.76,47.98,HOLD,-1.36,,0.00
10-30-2018,111.27,50.10,HOLD,6.73,,0.00
10-29-2018,104.25,38.29,HOLD,-0.27,,0.00
10-26-2018,104.53,38.63,HOLD,-6.12,,0.00
10-25-2018,111.34,48.27,HOLD,6.78,,0.00
10-24-2018,104.27,31.88,HOLD,-4.97,,0.00
10-23-2018,109.72,41.24,HOLD,3.19,,0.00
10-22-2018,106.33,29.25,HOLD,-0.52,,0.00
10-19-2018,106.89,30.20,HOLD,-0.10,,0.00
10-18-2018,107.00,30.37,HOLD,-1.24,,0.00
10-17-2018,108.34,32.56,HOLD,-0.03,,0.00
10-16-2018,108.37,32.61,HOLD,2.85,,0.00
10-15-2018,105.37,21.73,BUY,1.46,,0.00
10-12-2018,103.85,15.30,BUY,-0.48,,0.00
10-11-2018,104.35,15.70,BUY,-0.59,,0.00
10-10-2018,104.97,16.18,BUY,-1.25,,0.00
10-09-2018,106.30,17.22,BUY,-5.56,,0.00
10-08-2018,112.56,24.03,BUY,0.93,,0.00
10-05-2018,111.52,19.10,BUY,-2.34,,0.00
10-04-2018,114.19,22.59,BUY,-0.16,,0.00
10-03-2018,114.37,22.85,BUY,-0.94,,0.00
10-02-2018,115.45,24.43,BUY,-2.65,,0.00
10-01-2018,118.59,30.02,HOLD,-0.13,,0.00
09-28-2018,118.75,30.35,HOLD,-0.16,,0.00
09-27-2018,118.94,30.72,HOLD,-0.35,,0.00
09-26-2018,119.36,31.51,HOLD,-1.62,,0.00
09-25-2018,121.32,35.46,HOLD,-0.16,,0.00
09-24-2018,121.52,35.89,HOLD,-1.80,,0.00
09-21-2018,123.75,41.00,HOLD,0.62,,0.00
09-20-2018,122.99,38.22,HOLD,0.02,,0.00
09-19-2018,122.97,38.14,HOLD,0.71,,0.00
09-18-2018,122.10,35.12,HOLD,-0.79,,0.00
09-17-2018,123.07,36.99,HOLD,-0.11,,0.00
09-14-2018,123.21,37.26,HOLD,-1.68,,0.00
09-13-2018,125.32,41.43,HOLD,0.65,,0.00
09-12-2018,124.51,39.00,HOLD,-1.06,,0.00
09-11-2018,125.85,41.66,HOLD,-0.47,,0.00
09-10-2018,126.45,42.87,HOLD,0.62,,0.00
09-07-2018,125.67,40.79,HOLD,-0.63,,0.00
09-06-2018,126.47,42.26,HOLD,-0.26,,0.00
09-05-2018,126.80,42.85,HOLD,2.26,,0.00
09-04-2018,124.00,35.76,HOLD,-0.78,,0.00
08-31-2018,124.98,37.26,HOLD,-1.16,,0.00
08-30-2018,126.45,39.58,HOLD,-2.62,,0.00
08-29-2018,129.85,45.67,HOLD,-0.05,,0.00
08-28-2018,129.91,45.78,HOLD,-0.68,,0.00
08-27-2018,130.80,47.44,HOLD,2.89,,0.00
08-24-2018,127.12,38.98,HOLD,0.41,,0.00
08-23-2018,126.60,37.67,HOLD,-1.72,,0.00
08-22-2018,128.82,41.19,HOLD,-1.19,,0.00
08-21-2018,130.37,43.84,HOLD,1.80,,0.00
08-20-2018,128.07,38.37,HOLD,0.65,,0.00
08-17-2018,127.24,36.29,HOLD,-0.33,,0.00
08-16-2018,127.66,36.87,HOLD,2.51,,0.00
08-15-2018,124.54,28.97,HOLD,0.15,,0.00
08-14-2018,124.35,28.46,HOLD,-0.19,,0.00
08-13-2018,124.59,28.70,HOLD,-2.14,,0.00
08-10-2018,127.32,31.51,HOLD,-2.66,,0.00
08-09-2018,130.80,35.63,HOLD,-0.70,,0.00
08-08-2018,131.72,36.82,HOLD,-0.32,,0.00
08-07-2018,132.14,37.34,HOLD,-0.37,,0.00
08-06-2018,132.63,37.93,HOLD,-1.60,,0.00
08-03-2018,134.78,40.52,HOLD,1.94,,0.00
08-02-2018,132.21,35.64,HOLD,0.96,,0.00
08-01-2018,130.95,33.14,HOLD,-0.11,,0.00
07-31-2018,131.10,33.28,HOLD,2.50,,0.00
07-30-2018,127.90,27.05,HOLD,0.01,,0.00
07-27-2018,127.89,27.03,HOLD,0.20,,0.00
07-26-2018,127.64,26.57,BUY,2.76,,0.00
07-25-2018,124.21,20.12,BUY,-3.58,,0.00
07-24-2018,128.82,22.60,BUY,-14.52,,0.00
07-23-2018,150.71,49.37,HOLD,-0.72,,0.00
07-20-2018,151.80,52.23,HOLD,-0.36,,0.00
07-19-2018,152.35,53.69,HOLD,1.27,,0.00
07-18-2018,150.44,49.11,HOLD,-0.21,,0.00
07-17-2018,150.76,49.87,HOLD,-1.75,,0.00
07-16-2018,153.44,56.77,HOLD,-1.50,,0.00
07-13-2018,155.77,63.91,HOLD,0.31,,0.00
07-12-2018,155.29,63.02,HOLD,0.73,,0.00
07-11-2018,154.17,60.93,HOLD,0.08,,0.00
07-10-2018,154.05,60.71,HOLD,-0.55,,0.00
07-09-2018,154.90,63.05,HOLD,2.67,,0.00
07-06-2018,150.87,55.50,HOLD,1.38,,0.00
07-05-2018,148.81,50.72,HOLD,1.82,,0.00
07-03-2018,146.15,43.44,HOLD,-0.54,,0.00
07-02-2018,146.94,45.28,HOLD,0.49,,0.00
06-29-2018,146.23,43.27,HOLD,0.46,,0.00
06-28-2018,145.56,41.38,HOLD,0.63,,0.00
06-27-2018,144.65,38.81,HOLD,0.19,,0.00
06-26-2018,144.38,38.07,HOLD,0.34,,0.00
06-25-2018,143.89,36.76,HOLD,-0.53,,0.00
06-22-2018,144.65,37.91,HOLD,0.47,,0.00
06-21-2018,143.98,36.28,HOLD,-1.32,,0.00
06-20-2018,145.90,39.01,HOLD,-0.75,,0.00
06-19-2018,147.00,40.63,HOLD,-2.41,,0.00
06-18-2018,150.63,46.57,HOLD,-0.93,,0.00
06-15-2018,152.04,49.16,HOLD,-2.21,,0.00
06-14-2018,155.47,56.22,HOLD,2.92,,0.00
06-13-2018,151.06,47.15,HOLD,-0.38,,0.00
06-12-2018,151.64,48.38,HOLD,0.64,,0.00
06-11-2018,150.68,46.23,HOLD,1.22,,0.00
06-08-2018,148.86,41.99,HOLD,0.33,,0.00
06-07-2018,148.37,40.82,HOLD,0.52,,0.00
06-06-2018,147.60,39.03,HOLD,-0.57,,0.00
06-05-2018,148.44,40.27,HOLD,-0.52,,0.00
06-04-2018,149.22,41.40,HOLD,2.69,,0.00
06-01-2018,145.31,32.61,HOLD,0.39,,0.00
05-31-2018,144.75,31.24,HOLD,-3.01,,0.00
05-30-2018,149.24,36.81,HOLD,-0.50,,0.00
05-29-2018,149.99,37.86,HOLD,-0.71,,0.00
05-25-2018,151.07,39.36,HOLD,0.04,,0.00
05-24-2018,151.01,39.24,HOLD,-8.28,,0.00
05-23-2018,164.65,69.09,HOLD,0.21,,0.00
05-22-2018,164.30,68.52,HOLD,-0.39,,0.00
05-21-2018,164.95,70.78,HOLD,1.40,,0.00
05-18-2018,162.68,67.29,HOLD,0.51,,0.00
05-17-2018,161.85,65.90,HOLD,1.44,,0.00
05-16-2018,159.56,61.77,HOLD,1.46,,0.00
05-15-2018,157.26,56.88,HOLD,-0.25,,0.00
05-14-2018,157.65,58.05,HOLD,1.08,,0.00
05-11-2018,155.97,54.30,HOLD,0.22,,0.00
05-10-2018,155.62,53.50,HOLD,0.66,,0.00
05-09-2018,154.60,51.17,HOLD,0.40,,0.00
05-08-2018,153.98,49.76,HOLD,0.38,,0.00
05-07-2018,153.40,48.46,HOLD,0.07,,0.00
05-04-2018,153.30,48.24,HOLD,1.03,,0.00
05-03-2018,151.74,44.92,HOLD,-1.62,,0.00
05-02-2018,154.24,49.66,HOLD,-1.08,,0.00
05-01-2018,155.92,53.16,HOLD,0.63,,0.00
04-30-2018,154.95,51.32,HOLD,-1.77,,0.00
04-27-2018,157.75,57.36,HOLD,1.22,,0.00
04-26-2018,155.85,53.94,HOLD,0.24,,0.00
04-25-2018,155.48,53.27,HOLD,-0.31,,0.00
04-24-2018,155.96,54.23,HOLD,3.75,,0.00
04-23-2018,150.32,43.03,HOLD,0.64,,0.00
04-20-2018,149.37,40.77,HOLD,-1.74,,0.00
04-19-2018,152.01,45.43,HOLD,-1.75,,0.00
04-18-2018,154.72,50.99,HOLD,0.78,,0.00
04-17-2018,153.53,48.42,HOLD,-0.03,,0.00
04-16-2018,153.57,48.50,HOLD,3.35,,0.00
04-13-2018,148.59,36.43,HOLD,-0.30,,0.00
04-12-2018,149.03,37.15,HOLD,0.07,,0.00
04-11-2018,148.93,36.89,HOLD,-0.59,,0.00
04-10-2018,149.82,38.20,HOLD,2.06,,0.00
04-09-2018,146.79,30.38,HOLD,-1.16,,0.00
04-06-2018,148.52,32.56,HOLD,-2.68,,0.00
04-05-2018,152.61,38.66,HOLD,0.67,,0.00
04-04-2018,151.60,35.91,HOLD,0.24,,0.00
04-03-2018,151.23,34.91,HOLD,0.51,,0.00
04-02-2018,150.46,32.90,HOLD,-1.73,,0.00
03-29-2018,153.11,36.51,HOLD,1.28,,0.00
03-28-2018,151.17,31.40,HOLD,-1.07,,0.00
03-27-2018,152.80,33.50,HOLD,-0.42,,0.00
03-26-2018,153.44,34.34,HOLD,0.53,,0.00
03-23-2018,152.63,32.35,HOLD,-1.83,,0.00
03-22-2018,155.48,35.91,HOLD,-1.74,,0.00
03-21-2018,158.24,39.85,HOLD,0.62,,0.00
03-20-2018,157.26,37.59,HOLD,-0.47,,0.00
03-19-2018,158.00,38.61,HOLD,-1.14,,0.00
03-16-2018,159.82,41.15,HOLD,-0.41,,0.00
03-15-2018,160.48,42.08,HOLD,0.22,,0.00
03-14-2018,160.12,41.41,HOLD,-1.60,,0.00
03-13-2018,162.72,44.90,HOLD,-0.36,,0.00
03-12-2018,163.31,45.72,HOLD,-0.46,,0.00
03-09-2018,164.06,46.72,HOLD,3.33,,0.00
03-08-2018,158.78,37.83,HOLD,0.11,,0.00
03-07-2018,158.60,37.51,HOLD,-1.75,,0.00
03-06-2018,161.42,40.64,HOLD,1.79,,0.00
03-05-2018,158.58,35.61,HOLD,-0.04,,0.00
03-02-2018,158.65,35.68,HOLD,-1.20,,0.00
03-01-2018,160.57,37.53,HOLD,-1.15,,0.00
02-28-2018,162.43,39.38,HOLD,-1.70,,0.00
02-27-2018,165.24,42.30,HOLD,-1.70,,0.00
02-26-2018,168.09,45.48,HOLD,-1.95,,0.00
02-23-2018,171.44,49.53,HOLD,1.76,,0.00
02-22-2018,168.48,45.55,HOLD,1.32,,0.00
02-21-2018,166.29,42.42,HOLD,-1.31,,0.00
02-20-2018,168.50,44.83,HOLD,-2.43,,0.00
02-16-2018,172.70,49.83,HOLD,-2.29,,0.00
02-15-2018,176.74,55.34,HOLD,3.23,,0.00
02-14-2018,171.21,48.04,HOLD,0.60,,0.00
02-13-2018,170.19,46.54,HOLD,-0.50,,0.00
02-12-2018,171.05,47.62,HOLD,2.42,,0.00
02-09-2018,167.01,41.75,HOLD,1.25,,0.00
02-08-2018,164.95,38.49,HOLD,-3.83,,0.00
02-07-2018,171.52,46.14,HOLD,-1.32,,0.00
02-06-2018,173.81,49.31,HOLD,1.12,,0.00
02-05-2018,171.88,46.43,HOLD,-3.47,,0.00
02-02-2018,178.06,55.88,HOLD,-2.43,,0.00
02-01-2018,182.49,64.63,HOLD,0.59,,0.00
01-31-2018,181.42,63.34,HOLD,-0.36,,0.00
01-30-2018,182.07,64.67,HOLD,-0.24,,0.00
01-29-2018,182.50,65.51,HOLD,-1.87,,0.00
01-26-2018,185.97,72.61,HOLD,1.57,,0.00
01-25-2018,183.09,70.12,HOLD,2.30,,0.00
01-24-2018,178.97,66.00,HOLD,4.06,,0.00
01-23-2018,171.98,56.58,HOLD,3.20,,0.00
01-22-2018,166.65,45.97,HOLD,-0.53,,0.00
01-19-2018,167.53,47.76,HOLD,0.08,,0.00
01-18-2018,167.39,47.46,HOLD,-2.33,,0.00
01-17-2018,171.38,56.03,HOLD,1.44,,0.00
01-16-2018,168.95,51.03,HOLD,-2.20,,0.00
01-12-2018,172.75,61.12,HOLD,2.20,,0.00
01-11-2018,169.03,52.60,HOLD,1.70,,0.00
01-10-2018,166.21,43.95,HOLD,-1.28,,0.00
01-09-2018,168.37,50.50,HOLD,-0.40,,0.00
01-08-2018,169.05,52.80,HOLD,0.34,,0.00
01-05-2018,168.48,51.07,HOLD,-0.20,,0.00
01-04-2018,168.82,52.13,HOLD,-0.01,,0.00
01-03-2018,168.84,52.19,HOLD,0.51,,0.00
01-02-2018,167.99,49.94,HOLD,-0.39,,0.00
12-29-2017,168.64,51.67,HOLD,-1.19,,0.00
12-28-2017,170.67,57.41,HOLD,0.35,,0.00
12-27-2017,170.08,56.09,HOLD,-0.05,,0.00
12-26-2017,170.16,56.31,HOLD,-0.89,,0.00
12-22-2017,171.68,60.48,HOLD,1.22,,0.00
12-21-2017,169.61,56.40,HOLD,2.87,,0.00
12-20-2017,164.88,44.16,HOLD,-0.73,,0.00
12-19-2017,166.10,47.34,HOLD,0.45,,0.00
12-18-2017,165.36,45.11,HOLD,0.53,,0.00
12-15-2017,164.49,42.45,HOLD,0.35,,0.00
12-14-2017,163.92,40.70,HOLD,-1.87,,0.00
12-13-2017,167.04,48.13,HOLD,0.32,,0.00
12-12-2017,166.51,46.60,HOLD,-0.81,,0.00
12-11-2017,167.87,50.14,HOLD,-1.08,,0.00
12-08-2017,169.70,55.40,HOLD,-0.46,,0.00
12-07-2017,170.49,57.83,HOLD,0.82,,0.00
12-06-2017,169.11,54.59,HOLD,-0.01,,0.00
12-05-2017,169.12,54.62,HOLD,-0.30,,0.00
12-04-2017,169.63,55.99,HOLD,1.30,,0.00
12-01-2017,167.46,51.16,HOLD,-0.66,,0.00
11-30-2017,168.57,53.97,HOLD,-0.25,,0.00
11-29-2017,168.99,55.04,HOLD,0.90,,0.00
11-28-2017,167.48,51.87,HOLD,1.50,,0.00
11-27-2017,165.00,46.07,HOLD,-1.68,,0.00
11-24-2017,167.82,52.78,HOLD,0.71,,0.00
11-22-2017,166.64,49.95,HOLD,-1.33,,0.00
11-21-2017,168.88,55.86,HOLD,2.23,,0.00
11-20-2017,165.20,46.14,HOLD,-0.12,,0.00
11-17-2017,165.40,46.65,HOLD,1.55,,0.00
11-16-2017,162.88,38.57,HOLD,0.81,,0.00
11-15-2017,161.57,33.73,HOLD,0.35,,0.00
11-14-2017,161.00,31.55,HOLD,-0.41,,0.00
11-13-2017,161.67,32.72,HOLD,-0.23,,0.00
11-10-2017,162.05,33.38,HOLD,-0.42,,0.00
11-09-2017,162.74,34.54,HOLD,-0.02,,0.00
11-08-2017,162.77,34.59,HOLD,0.13,,0.00
11-07-2017,162.56,33.99,HOLD,-0.53,,0.00
11-06-2017,163.42,35.23,HOLD,-0.27,,0.00
11-03-2017,163.86,35.85,HOLD,0.28,,0.00
11-02-2017,163.41,34.75,HOLD,-0.61,,0.00
11-01-2017,164.42,36.04,HOLD,0.30,,0.00
10-31-2017,163.93,34.96,HOLD,1.40,,0.00
10-30-2017,161.66,29.86,HOLD,0.15,,0.00
10-27-2017,161.41,29.29,HOLD,-0.06,,0.00
10-26-2017,161.51,29.38,HOLD,0.35,,0.00
10-25-2017,160.94,28.24,HOLD,-1.42,,0.00
10-24-2017,163.26,30.08,HOLD,-10.54,,0.00
10-23-2017,182.50,60.35,HOLD,0.02,,0.00
10-20-2017,182.46,60.27,HOLD,2.53,,0.00
10-19-2017,177.96,50.13,HOLD,0.66,,0.00
10-18-2017,176.79,46.86,HOLD,0.26,,0.00
10-17-2017,176.34,45.58,HOLD,-0.24,,0.00
10-16-2017,176.77,46.57,HOLD,-1.12,,0.00
10-13-2017,178.78,51.44,HOLD,0.95,,0.00
10-12-2017,177.10,47.15,HOLD,0.11,,0.00
10-11-2017,176.91,46.66,HOLD,-0.15,,0.00
10-10-2017,177.18,47.24,HOLD,-1.54,,0.00
10-09-2017,179.96,53.65,HOLD,-0.76,,0.00
10-06-2017,181.33,57.19,HOLD,-1.15,,0.00
10-05-2017,183.44,63.17,HOLD,-1.28,,0.00
10-04-2017,185.82,70.93,HOLD,0.39,,0.00
10-03-2017,185.09,69.87,HOLD,0.65,,0.00
10-02-2017,183.90,68.12,HOLD,-0.29,,0.00
09-29-2017,184.44,69.83,HOLD,0.47,,0.00
09-28-2017,183.57,68.66,HOLD,1.12,,0.00
09-27-2017,181.53,65.75,HOLD,-0.06,,0.00
09-26-2017,181.63,66.03,HOLD,2.45,,0.00
09-25-2017,177.29,59.03,HOLD,1.18,,0.00
09-22-2017,175.23,54.93,HOLD,1.47,,0.00
09-21-2017,172.69,49.11,HOLD,1.36,,0.00
09-20-2017,170.38,42.88,HOLD,-0.40,,0.00
09-19-2017,171.06,44.37,HOLD,0.13,,0.00
09-18-2017,170.84,43.78,HOLD,-0.59,,0.00
09-15-2017,171.86,45.86,HOLD,-1.87,,0.00
09-14-2017,175.13,53.39,HOLD,-0.43,,0.00
09-13-2017,175.89,55.35,HOLD,-0.26,,0.00
09-12-2017,176.34,56.49,HOLD,1.58,,0.00
09-11-2017,173.60,50.75,HOLD,0.76,,0.00
09-08-2017,172.29,47.69,HOLD,1.97,,0.00
09-07-2017,168.96,38.68,HOLD,-0.73,,0.00
09-06-2017,170.20,41.13,HOLD,-1.13,,0.00
09-05-2017,172.14,45.29,HOLD,-0.66,,0.00
09-01-2017,173.29,47.97,HOLD,0.97,,0.00
08-31-2017,171.62,43.47,HOLD,1.60,,0.00
08-30-2017,168.91,34.99,HOLD,0.53,,0.00
08-29-2017,168.02,31.88,HOLD,-0.10,,0.00
08-28-2017,168.19,32.15,HOLD,-0.15,,0.00
08-25-2017,168.45,32.55,HOLD,0.66,,0.00
08-24-2017,167.35,29.11,HOLD,-0.61,,0.00
08-23-2017,168.37,30.45,HOLD,-0.56,,0.00
08-22-2017,169.31,31.69,HOLD,0.90,,0.00
08-21-2017,167.80,27.26,HOLD,-1.34,,0.00
08-18-2017,170.08,29.99,HOLD,-0.82,,0.00
08-17-2017,171.49,31.81,HOLD,-1.50,,0.00
08-16-2017,174.11,35.55,HOLD,0.53,,0.00
08-15-2017,173.19,32.98,HOLD,-0.26,,0.00
08-14-2017,173.65,33.60,HOLD,1.41,,0.00
08-11-2017,171.24,26.91,BUY,-0.29,,0.00
08-10-2017,171.74,27.44,HOLD,-1.89,,0.00
08-09-2017,175.05,31.25,HOLD,-1.95,,0.00
08-08-2017,178.54,36.16,HOLD,0.08,,0.00
08-07-2017,178.39,35.75,HOLD,0.32,,0.00
08-04-2017,177.82,34.29,HOLD,1.09,,0.00
08-03-2017,175.91,29.28,HOLD,-0.38,,0.00
08-02-2017,176.58,30.03,HOLD,0.06,,0.00
08-01-2017,176.48,29.78,HOLD,-0.79,,0.00
07-31-2017,177.88,31.22,HOLD,0.07,,0.00
07-28-2017,177.76,30.95,HOLD,-0.27,,0.00
07-27-2017,178.24,31.40,HOLD,-6.28,,0.00
07-26-2017,190.19,47.28,HOLD,-0.40,,0.00
07-25-2017,190.95,48.74,HOLD,0.46,,0.00
07-24-2017,190.08,47.00,HOLD,-0.60,,0.00
07-21-2017,191.22,49.02,HOLD,0.78,,0.00
07-20-2017,189.74,46.24,HOLD,-4.34,,0.00
07-19-2017,198.34,65.53,HOLD,1.09,,0.00
07-18-2017,196.20,61.86,HOLD,0.35,,0.00
07-17-2017,195.52,60.62,HOLD,1.68,,0.00
07-14-2017,192.29,54.02,HOLD,0.02,,0.00
07-13-2017,192.25,53.93,HOLD,-0.01,,0.00
07-12-2017,192.26,53.96,HOLD,0.53,,0.00
07-11-2017,191.25,51.94,HOLD,-0.82,,0.00
07-10-2017,192.83,55.47,HOLD,0.37,,0.00
07-07-2017,192.11,54.15,HOLD,1.27,,0.00
07-06-2017,189.70,49.50,HOLD,-1.82,,0.00
07-05-2017,193.21,57.37,HOLD,0.65,,0.00
07-03-2017,191.97,55.03,HOLD,0.18,,0.00
06-30-2017,191.62,54.37,HOLD,1.90,,0.00
06-29-2017,188.04,47.00,HOLD,-0.27,,0.00
06-28-2017,188.54,48.00,HOLD,0.01,,0.00
06-27-2017,188.52,47.96,HOLD,-1.15,,0.00
06-26-2017,190.72,52.20,HOLD,1.08,,0.00
06-23-2017,188.68,48.26,HOLD,-3.32,,0.00
06-22-2017,195.16,63.77,HOLD,0.70,,0.00
06-21-2017,193.81,61.36,HOLD,-0.39,,0.00
06-20-2017,194.56,63.54,HOLD,-1.17,,0.00
06-19-2017,196.87,70.69,HOLD,0.51,,0.00
06-16-2017,195.87,69.30,HOLD,-0.19,,0.00
06-15-2017,196.24,70.45,HOLD,-0.15,,0.00
06-14-2017,196.54,71.34,HOLD,1.36,,0.00
06-13-2017,193.90,68.04,HOLD,1.73,,0.00
06-12-2017,190.61,63.13,HOLD,-0.19,,0.00
06-09-2017,190.98,64.16,HOLD,1.00,,0.00
06-08-2017,189.09,61.16,HOLD,-0.04,,0.00
06-07-2017,189.17,61.36,HOLD,0.14,,0.00
06-06-2017,188.91,60.97,HOLD,-1.54,,0.00
06-05-2017,191.86,68.21,HOLD,1.04,,0.00
06-02-2017,189.89,65.68,HOLD,1.11,,0.00
06-01-2017,187.81,62.79,HOLD,1.22,,0.00
05-31-2017,185.54,59.30,HOLD,1.28,,0.00
05-30-2017,183.20,55.30,HOLD,2.27,,0.00
05-26-2017,179.13,46.85,HOLD,-0.70,,0.00
05-25-2017,180.40,49.56,HOLD,0.23,,0.00
05-24-2017,179.98,48.65,HOLD,-0.44,,0.00
05-23-2017,180.78,50.26,HOLD,0.36,,0.00
05-22-2017,180.13,48.99,HOLD,0.59,,0.00
05-19-2017,179.08,46.95,HOLD,1.06,,0.00
05-18-2017,177.20,43.17,HOLD,-2.79,,0.00
05-17-2017,182.28,52.55,HOLD,-2.49,,0.00
05-16-2017,186.94,64.49,HOLD,-0.47,,0.00
05-15-2017,187.83,67.20,HOLD,2.53,,0.00
05-12-2017,183.19,58.83,HOLD,-1.33,,0.00
05-11-2017,185.65,67.28,HOLD,0.22,,0.00
05-10-2017,185.25,66.56,HOLD,0.41,,0.00
05-09-2017,184.50,65.21,HOLD,0.45,,0.00
05-08-2017,183.68,63.74,HOLD,-0.79,,0.00
05-05-2017,185.14,68.55,HOLD,0.66,,0.00
05-04-2017,183.93,66.61,HOLD,-1.72,,0.00
05-03-2017,187.15,78.59,SELL,-0.27,,0.00
05-02-2017,187.66,80.73,SELL,0.94,,0.00
05-01-2017,185.91,78.90,SELL,0.12,,0.00
04-28-2017,185.68,78.66,SELL,-0.10,,0.00
04-27-2017,185.86,79.33,SELL,0.40,,0.00
04-26-2017,185.12,78.63,SELL,2.31,,0.00
04-25-2017,180.94,74.02,SELL,3.51,,0.00
04-24-2017,174.80,63.17,HOLD,1.92,,0.00
04-21-2017,171.51,53.50,HOLD,-0.08,,0.00
04-20-2017,171.64,54.02,HOLD,0.88,,0.00
04-19-2017,170.14,48.68,HOLD,1.19,,0.00
04-18-2017,168.14,40.06,HOLD,-0.48,,0.00
04-17-2017,168.95,42.76,HOLD,-0.29,,0.00
04-13-2017,169.44,44.44,HOLD,0.70,,0.00
04-12-2017,168.27,39.13,HOLD,-0.02,,0.00
04-11-2017,168.30,39.22,HOLD,0.42,,0.00
04-10-2017,167.60,36.05,HOLD,0.34,,0.00
04-07-2017,167.03,33.43,HOLD,-0.08,,0.00
04-06-2017,167.17,33.75,HOLD,0.95,,0.00
04-05-2017,165.60,26.53,BUY,-0.01,,0.00
04-04-2017,165.61,26.55,BUY,-2.99,,0.00
04-03-2017,170.72,38.25,HOLD,-0.36,,0.00
03-31-2017,171.33,40.21,HOLD,0.69,,0.00
03-30-2017,170.15,34.13,HOLD,-0.54,,0.00
03-29-2017,171.08,36.88,HOLD,0.72,,0.00
03-28-2017,169.85,29.97,HOLD,-0.01,,0.00
03-27-2017,169.86,29.99,HOLD,-0.08,,0.00
03-24-2017,170.00,30.32,HOLD,-0.13,,0.00
03-23-2017,170.22,30.81,HOLD,-0.06,,0.00
03-22-2017,170.32,31.02,HOLD,-0.98,,0.00
03-21-2017,172.01,34.75,HOLD,-0.46,,0.00
03-20-2017,172.80,36.67,HOLD,0.05,,0.00
03-17-2017,172.71,36.30,HOLD,0.01,,0.00
03-16-2017,172.69,36.22,HOLD,-2.69,,0.00
03-15-2017,177.47,49.56,HOLD,-0.74,,0.00
03-14-2017,178.79,54.73,HOLD,0.32,,0.00
03-13-2017,178.22,52.75,HOLD,0.26,,0.00
03-10-2017,177.75,51.12,HOLD,0.77,,0.00
03-09-2017,176.40,46.15,HOLD,0.20,,0.00
03-08-2017,176.04,44.76,HOLD,0.38,,0.00
03-07-2017,175.38,42.23,HOLD,-0.21,,0.00
03-06-2017,175.75,43.26,HOLD,-1.20,,0.00
03-03-2017,177.89,49.81,HOLD,0.05,,0.00
03-02-2017,177.80,49.52,HOLD,-0.13,,0.00
03-01-2017,178.03,50.22,HOLD,-0.31,,0.00
02-28-2017,178.59,51.91,HOLD,-0.23,,0.00
02-27-2017,179.00,53.11,HOLD,-0.64,,0.00
02-24-2017,180.16,56.57,HOLD,-0.31,,0.00
02-23-2017,180.72,58.28,HOLD,-0.08,,0.00
02-22-2017,180.87,58.72,HOLD,0.70,,0.00
02-21-2017,179.62,56.16,HOLD,1.37,,0.00
02-17-2017,177.19,50.64,HOLD,0.28,,0.00
02-16-2017,176.69,49.42,HOLD,-0.20,,0.00
02-15-2017,177.05,50.25,HOLD,1.25,,0.00
02-14-2017,174.87,45.07,HOLD,-0.31,,0.00
02-13-2017,175.42,46.20,HOLD,0.54,,0.00
02-10-2017,174.48,43.98,HOLD,0.24,,0.00
02-09-2017,174.07,43.03,HOLD,0.07,,0.00
02-08-2017,173.94,42.74,HOLD,0.31,,0.00
02-07-2017,173.40,41.61,HOLD,0.48,,0.00
02-06-2017,172.57,39.91,HOLD,-0.60,,0.00
02-03-2017,173.61,41.31,HOLD,1.23,,0.00
02-02-2017,171.50,37.16,HOLD,-1.40,,0.00
02-01-2017,173.94,40.21,HOLD,-0.54,,0.00
01-31-2017,174.89,41.44,HOLD,-0.01,,0.00
01-30-2017,174.91,41.46,HOLD,2.38,,0.00
01-27-2017,170.85,34.03,HOLD,-1.78,,0.00
01-26-2017,173.94,37.39,HOLD,-8.55,,0.00
01-25-2017,190.20,72.15,HOLD,0.68,,0.00
01-24-2017,188.92,70.12,HOLD,1.03,,0.00
01-23-2017,186.99,66.72,HOLD,0.74,,0.00
01-20-2017,185.62,64.02,HOLD,0.21,,0.00
01-19-2017,185.23,63.23,HOLD,-0.42,,0.00
01-18-2017,186.01,65.91,HOLD,0.31,,0.00
01-17-2017,185.44,64.90,HOLD,0.36,,0.00
01-13-2017,184.77,63.73,HOLD,0.49,,0.00
01-12-2017,183.86,62.14,HOLD,0.44,,0.00
01-11-2017,183.05,60.71,HOLD,-0.42,,0.00
01-10-2017,183.82,62.80,HOLD,1.22,,0.00
01-09-2017,181.61,59.04,HOLD,-2.41,,0.00
01-06-2017,186.10,72.94,HOLD,0.06,,0.00
01-05-2017,185.98,72.79,HOLD,0.30,,0.00
01-04-2017,185.42,72.07,HOLD,1.36,,0.00
01-03-2017,182.93,68.70,HOLD,0.64,,0.00
12-30-2016,181.77,66.97,HOLD,-0.78,,0.00
12-29-2016,183.19,71.45,HOLD,0.20,,0.00
12-28-2016,182.82,70.98,HOLD,-0.45,,0.00
12-27-2016,183.65,73.50,HOLD,0.93,,0.00
12-23-2016,181.95,71.58,HOLD,0.52,,0.00
12-22-2016,181.01,70.49,HOLD,-0.02,,0.00
12-21-2016,181.04,70.57,HOLD,1.75,,0.00
12-20-2016,177.93,66.91,HOLD,1.92,,0.00
12-19-2016,174.57,62.21,HOLD,0.28,,0.00
12-16-2016,174.08,61.47,HOLD,0.16,,0.00
12-15-2016,173.81,61.08,HOLD,-1.24,,0.00
12-14-2016,175.99,66.11,HOLD,-1.21,,0.00
12-13-2016,178.14,71.50,HOLD,1.10,,0.00
12-12-2016,176.20,69.41,HOLD,1.42,,0.00
12-09-2016,173.73,66.50,HOLD,0.82,,0.00
12-08-2016,172.31,64.72,HOLD,-0.86,,0.00
12-07-2016,173.80,68.27,HOLD,2.60,,0.00
12-06-2016,169.40,62.65,HOLD,-0.35,,0.00
12-05-2016,170.00,64.08,HOLD,1.89,,0.00
12-02-2016,166.84,59.54,HOLD,2.60,,0.00
12-01-2016,162.61,52.01,HOLD,0.10,,0.00
11-30-2016,162.44,51.67,HOLD,-0.70,,0.00
11-29-2016,163.58,54.03,HOLD,0.58,,0.00
11-28-2016,162.63,52.35,HOLD,-1.80,,0.00
11-25-2016,165.61,58.59,HOLD,0.18,,0.00
11-23-2016,165.32,58.13,HOLD,0.82,,0.00
11-22-2016,163.98,56.08,HOLD,0.72,,0.00
11-21-2016,162.81,54.27,HOLD,1.09,,0.00
11-18-2016,161.05,51.46,HOLD,-1.36,,0.00
11-17-2016,163.27,55.44,HOLD,0.71,,0.00
11-16-2016,162.12,53.72,HOLD,-1.91,,0.00
11-15-2016,165.27,59.58,HOLD,1.44,,0.00
11-14-2016,162.93,56.29,HOLD,-0.01,,0.00
11-11-2016,162.95,56.33,HOLD,-1.24,,0.00
11-10-2016,165.00,60.02,HOLD,2.65,,0.00
11-09-2016,160.74,54.23,HOLD,1.78,,0.00
11-08-2016,157.93,49.78,HOLD,1.94,,0.00
11-07-2016,154.93,44.41,HOLD,1.40,,0.00
11-04-2016,152.79,40.18,HOLD,1.19,,0.00
11-03-2016,150.99,36.40,HOLD,0.15,,0.00
11-02-2016,150.76,35.92,HOLD,0.13,,0.00
11-01-2016,150.57,35.54,HOLD,0.50,,0.00
10-31-2016,149.82,34.14,HOLD,-0.66,,0.00
10-28-2016,150.82,35.09,HOLD,2.12,,0.00
10-27-2016,147.69,29.38,HOLD,-1.22,,0.00
10-26-2016,149.52,30.85,HOLD,-1.69,,0.00
10-25-2016,152.09,33.01,HOLD,-10.78,,0.00
10-24-2016,170.46,61.57,HOLD,1.96,,0.00
10-21-2016,167.18,55.14,HOLD,0.67,,0.00
10-20-2016,166.07,52.65,HOLD,-0.24,,0.00
10-19-2016,166.47,53.64,HOLD,2.58,,0.00
10-18-2016,162.29,43.20,HOLD,-0.44,,0.00
10-17-2016,163.01,44.82,HOLD,1.41,,0.00
10-14-2016,160.75,38.07,HOLD,-0.02,,0.00
10-13-2016,160.78,38.13,HOLD,-0.03,,0.00
10-12-2016,160.83,38.22,HOLD,-0.12,,0.00
10-11-2016,161.03,38.55,HOLD,-0.33,,0.00
10-10-2016,161.56,39.40,HOLD,-1.18,,0.00
10-07-2016,163.49,42.58,HOLD,-1.67,,0.00
10-06-2016,166.26,47.70,HOLD,1.32,,0.00
10-05-2016,164.10,42.71,HOLD,1.13,,0.00
10-04-2016,162.27,38.06,HOLD,0.12,,0.00
10-03-2016,162.07,37.55,HOLD,-0.06,,0.00
09-30-2016,162.16,37.68,HOLD,1.13,,0.00
09-29-2016,160.35,33.34,HOLD,-1.20,,0.00
09-28-2016,162.29,35.82,HOLD,-0.32,,0.00
09-27-2016,162.81,36.50,HOLD,1.37,,0.00
09-26-2016,160.61,31.41,HOLD,-0.96,,0.00
09-23-2016,162.17,33.16,HOLD,-1.33,,0.00
09-22-2016,164.35,35.74,HOLD,1.02,,0.00
09-21-2016,162.69,32.00,HOLD,1.40,,0.00
09-20-2016,160.44,26.62,BUY,-0.86,,0.00
09-19-2016,161.83,27.89,HOLD,-0.57,,0.00
09-16-2016,162.75,28.73,HOLD,-1.42,,0.00
09-15-2016,165.10,30.93,HOLD,0.47,,0.00
09-14-2016,164.33,29.28,HOLD,-1.43,,0.00
09-13-2016,166.72,31.45,HOLD,-1.88,,0.00
09-12-2016,169.92,34.64,HOLD,1.92,,0.00
09-09-2016,166.72,27.84,HOLD,-4.62,,0.00
09-08-2016,174.80,36.83,HOLD,-4.09,,0.00
09-07-2016,182.25,50.89,HOLD,2.04,,0.00
09-06-2016,178.61,40.60,HOLD,0.35,,0.00
09-02-2016,177.98,38.53,HOLD,0.19,,0.00
09-01-2016,177.65,37.47,HOLD,-0.55,,0.00
08-31-2016,178.64,39.36,HOLD,-0.34,,0.00
08-30-2016,179.25,40.53,HOLD,-1.15,,0.00
08-29-2016,181.34,44.77,HOLD,0.18,,0.00
08-26-2016,181.02,43.93,HOLD,0.24,,0.00
08-25-2016,180.58,42.83,HOLD,-0.55,,0.00
08-24-2016,181.57,44.66,HOLD,-2.51,,0.00
08-23-2016,186.24,54.96,HOLD,1.35,,0.00
08-22-2016,183.76,49.18,HOLD,0.49,,0.00
08-19-2016,182.87,46.91,HOLD,-0.93,,0.00
08-18-2016,184.58,50.97,HOLD,1.35,,0.00
08-17-2016,182.13,44.60,HOLD,-0.49,,0.00
08-16-2016,183.02,46.64,HOLD,-1.00,,0.00
08-15-2016,184.86,51.15,HOLD,-0.60,,0.00
08-12-2016,185.97,54.07,HOLD,-0.61,,0.00
08-11-2016,187.12,57.22,HOLD,0.18,,0.00
08-10-2016,186.78,56.53,HOLD,-1.30,,0.00
08-09-2016,189.24,63.45,HOLD,-0.17,,0.00
08-08-2016,189.56,64.41,HOLD,0.00,,0.00
08-05-2016,189.56,64.41,HOLD,0.18,,0.00
08-04-2016,189.21,63.89,HOLD,0.73,,0.00
08-03-2016,187.83,61.89,HOLD,-0.82,,0.00
08-02-2016,189.38,65.69,HOLD,-1.43,,0.00
08-01-2016,192.13,73.10,HOLD,-0.12,,0.00
07-29-2016,192.36,73.74,HOLD,-0.01,,0.00
07-28-2016,192.38,73.80,HOLD,0.92,,0.00
07-27-2016,190.62,72.17,HOLD,0.34,,0.00
07-26-2016,189.98,71.58,HOLD,-0.15,,0.00
07-25-2016,190.26,72.21,HOLD,1.41,,0.00
07-22-2016,187.61,69.89,HOLD,2.68,,0.00
07-21-2016,182.72,64.88,HOLD,-0.52,,0.00
07-20-2016,183.67,66.89,HOLD,2.41,,0.00
07-19-2016,179.35,61.90,HOLD,0.75,,0.00
07-18-2016,178.02,60.19,HOLD,1.43,,0.00
07-15-2016,175.51,56.79,HOLD,0.76,,0.00
07-14-2016,174.19,54.91,HOLD,0.23,,0.00
07-13-2016,173.79,54.35,HOLD,0.04,,0.00
07-12-2016,173.72,54.25,HOLD,0.58,,0.00
07-11-2016,172.72,52.99,HOLD,0.78,,0.00
07-08-2016,171.38,51.33,HOLD,2.08,,0.00
07-07-2016,167.88,46.74,HOLD,0.88,,0.00
07-06-2016,166.42,44.73,HOLD,1.50,,0.00
07-05-2016,163.96,41.24,HOLD,-1.98,,0.00
07-01-2016,167.27,44.77,HOLD,0.38,,0.00
06-30-2016,166.64,43.92,HOLD,1.68,,0.00
06-29-2016,163.89,40.21,HOLD,1.77,,0.00
06-28-2016,161.04,36.14,HOLD,4.26,,0.00
06-27-2016,154.46,25.22,BUY,-4.99,,0.00
06-24-2016,162.57,31.35,HOLD,-9.08,,0.00
06-23-2016,178.80,57.19,HOLD,0.34,,0.00
06-22-2016,178.20,55.95,HOLD,0.58,,0.00
06-21-2016,177.18,53.82,HOLD,-0.31,,0.00
06-20-2016,177.73,55.16,HOLD,1.19,,0.00
06-17-2016,175.64,50.87,HOLD,0.69,,0.00
06-16-2016,174.43,48.21,HOLD,-1.06,,0.00
06-15-2016,176.30,52.27,HOLD,0.82,,0.00
06-14-2016,174.86,49.21,HOLD,-0.09,,0.00
06-13-2016,175.01,49.52,HOLD,-1.41,,0.00
06-10-2016,177.52,54.84,HOLD,-1.21,,0.00
06-09-2016,179.69,60.01,HOLD,-0.78,,0.00
06-08-2016,181.11,63.65,HOLD,1.79,,0.00
06-07-2016,177.93,58.40,HOLD,1.77,,0.00
06-06-2016,174.83,52.12,HOLD,0.59,,0.00
06-03-2016,173.81,49.81,HOLD,-0.70,,0.00
06-02-2016,175.03,52.64,HOLD,-0.11,,0.00
06-01-2016,175.23,53.09,HOLD,0.35,,0.00
05-31-2016,174.62,51.91,HOLD,0.01,,0.00
05-27-2016,174.61,51.89,HOLD,1.37,,0.00
05-26-2016,172.25,47.46,HOLD,-1.23,,0.00
05-25-2016,174.39,51.45,HOLD,0.08,,0.00
05-24-2016,174.25,51.20,HOLD,4.42,,0.00
05-23-2016,166.87,34.84,HOLD,-0.73,,0.00
05-20-2016,168.10,36.74,HOLD,0.26,,0.00
05-19-2016,167.67,35.60,HOLD,0.41,,0.00
05-18-2016,166.98,33.81,HOLD,-1.63,,0.00
05-17-2016,169.75,37.71,HOLD,1.29,,0.00
05-16-2016,167.58,32.01,HOLD,-0.68,,0.00
05-13-2016,168.72,33.51,HOLD,-1.64,,0.00
05-12-2016,171.54,37.53,HOLD,-0.48,,0.00
05-11-2016,172.37,38.81,HOLD,-2.77,,0.00
05-10-2016,177.28,47.70,HOLD,1.25,,0.00
05-09-2016,175.09,42.22,HOLD,-0.91,,0.00
05-06-2016,176.70,45.47,HOLD,0.23,,0.00
05-05-2016,176.29,44.46,HOLD,0.63,,0.00
05-04-2016,175.18,41.74,HOLD,-0.97,,0.00
05-03-2016,176.89,44.88,HOLD,0.05,,0.00
05-02-2016,176.81,44.70,HOLD,1.53,,0.00
04-29-2016,174.14,38.44,HOLD,-0.37,,0.00
04-28-2016,174.78,39.43,HOLD,-1.95,,0.00
04-27-2016,178.25,45.33,HOLD,-0.66,,0.00
04-26-2016,179.43,47.58,HOLD,-3.55,,0.00
04-25-2016,186.04,64.14,HOLD,-0.68,,0.00
04-22-2016,187.31,68.39,HOLD,-0.07,,0.00
04-21-2016,187.45,68.86,HOLD,-0.54,,0.00
04-20-2016,188.46,72.15,HOLD,-0.89,,0.00
04-19-2016,190.15,77.95,SELL,0.08,,0.00
04-18-2016,190.00,77.81,SELL,1.93,,0.00
04-15-2016,186.40,73.93,HOLD,0.15,,0.00
04-14-2016,186.13,73.61,HOLD,-0.64,,0.00
04-13-2016,187.33,77.55,SELL,1.17,,0.00
04-12-2016,185.17,75.35,SELL,0.90,,0.00
04-11-2016,183.52,73.50,HOLD,0.51,,0.00
04-08-2016,182.59,72.42,HOLD,1.19,,0.00
04-07-2016,180.44,69.77,HOLD,-1.05,,0.00
04-06-2016,182.35,75.77,SELL,0.66,,0.00
04-05-2016,181.16,74.50,SELL,-0.99,,0.00
04-04-2016,182.98,80.49,SELL,-0.18,,0.00
04-01-2016,183.31,81.59,SELL,1.65,,0.00
03-31-2016,180.34,79.21,SELL,1.69,,0.00
03-30-2016,177.35,76.35,SELL,0.03,,0.00
03-29-2016,177.29,76.28,SELL,0.17,,0.00
03-28-2016,176.99,76.00,SELL,1.09,,0.00
03-24-2016,175.09,74.16,SELL,0.05,,0.00
03-23-2016,175.01,74.08,SELL,-1.22,,0.00
03-22-2016,177.17,80.11,SELL,-0.16,,0.00
03-21-2016,177.46,80.93,SELL,-0.26,,0.00
03-18-2016,177.93,82.20,SELL,0.72,,0.00
03-17-2016,176.65,81.46,SELL,1.39,,0.00
03-16-2016,174.22,80.01,SELL,3.19,,0.00
03-15-2016,168.84,76.17,SELL,1.69,,0.00
03-14-2016,166.04,73.73,HOLD,0.81,,0.00
03-11-2016,164.70,72.48,HOLD,4.02,,0.00
03-10-2016,158.33,65.16,HOLD,-0.16,,0.00
03-09-2016,158.58,65.80,HOLD,0.02,,0.00
03-08-2016,158.55,65.76,HOLD,-0.38,,0.00
03-07-2016,159.15,67.12,HOLD,-1.25,,0.00
03-04-2016,161.16,71.75,HOLD,1.97,,0.00
03-03-2016,158.05,68.64,HOLD,-0.48,,0.00
03-02-2016,158.82,70.42,HOLD,0.83,,0.00
03-01-2016,157.52,69.17,HOLD,1.42,,0.00
02-29-2016,155.32,66.98,HOLD,0.50,,0.00
02-26-2016,154.55,66.19,HOLD,1.76,,0.00
02-25-2016,151.87,63.39,HOLD,0.39,,0.00
02-24-2016,151.28,62.76,HOLD,0.76,,0.00
02-23-2016,150.14,61.57,HOLD,1.30,,0.00
02-22-2016,148.21,59.54,HOLD,3.71,,0.00
02-19-2016,142.91,53.24,HOLD,1.73,,0.00
02-18-2016,140.48,49.92,HOLD,1.17,,0.00
02-17-2016,138.85,47.60,HOLD,2.51,,0.00
02-16-2016,135.45,42.44,HOLD,2.47,,0.00
02-12-2016,132.19,36.91,HOLD,1.89,,0.00
02-11-2016,129.74,32.38,HOLD,-3.44,,0.00
02-10-2016,134.36,37.04,HOLD,-1.96,,0.00
02-09-2016,137.04,40.15,HOLD,1.33,,0.00
02-08-2016,135.24,36.84,HOLD,-1.87,,0.00
02-05-2016,137.82,39.77,HOLD,-1.42,,0.00
02-04-2016,139.80,42.16,HOLD,3.49,,0.00
02-03-2016,135.08,33.29,HOLD,2.19,,0.00
02-02-2016,132.19,26.93,BUY,-2.39,,0.00
02-01-2016,135.42,29.89,HOLD,0.77,,0.00
01-29-2016,134.39,27.53,HOLD,1.80,,0.00
01-28-2016,132.02,21.91,BUY,-0.26,,0.00
01-27-2016,132.37,22.15,BUY,-1.40,,0.00
01-26-2016,134.25,23.40,BUY,0.77,,0.00
01-25-2016,133.22,21.13,BUY,-0.27,,0.00
01-22-2016,133.58,21.33,BUY,0.16,,0.00
01-21-2016,133.37,20.92,BUY,2.10,,0.00
01-20-2016,130.63,15.50,BUY,2.69,,0.00
01-19-2016,127.21,8.22,BUY,-1.11,,0.00
01-15-2016,128.64,8.50,BUY,-4.02,,0.00
01-14-2016,134.03,9.67,BUY,3.13,,0.00
01-13-2016,129.96,0.00,BUY,-3.24,,0.00
01-12-2016,134.31,0.00,BUY,-0.07,,0.00
01-11-2016,134.41,0.00,BUY,-0.85,,0.00
01-08-2016,135.56,0.00,BUY,-1.52,,0.00
01-07-2016,137.65,0.00,BUY,-2.51,,0.00
01-06-2016,141.20,0.00,BUY,-2.55,,0.00
01-05-2016,144.90,0.00,BUY,-2.15,,0.00
01-04-2016,148.09,,0,,,0.00
